Vocab size: 8,192
Model config: {'sequence_len': 2048, 'vocab_size': 8192, 'n_layer': 8, 'n_head': 4, 'n_kv_head': 4, 'n_embd': 512, 'window_pattern': 'SSSL'}
Parameter counts:
  wte                     : 4,194,304
  value_embeds            : 16,777,216
  lm_head                 : 4,194,304
  transformer_matrices    : 25,166,336
  scalars                 : 16
  total                   : 50,332,176
Estimated FLOPs per token: 2.390784e+08
Scaling AdamW LRs by 1/sqrt(512/768) = 1.224745
Time budget: 300s
Gradient accumulation steps: 2

step 00000 (0.0%) | loss: 9.011198 | lrm: 1.00 | dt: 13646ms | tok/sec: 38,420 | mfu: 0.9% | epoch: 1 | remaining: 300s    
step 00001 (0.0%) | loss: 8.854702 | lrm: 1.00 | dt: 315ms | tok/sec: 1,664,169 | mfu: 40.2% | epoch: 1 | remaining: 300s    
step 00002 (0.0%) | loss: 8.442315 | lrm: 1.00 | dt: 318ms | tok/sec: 1,649,386 | mfu: 39.9% | epoch: 1 | remaining: 300s    
step 00003 (0.0%) | loss: 7.971716 | lrm: 1.00 | dt: 415ms | tok/sec: 1,262,695 | mfu: 30.5% | epoch: 1 | remaining: 300s    
step 00004 (0.0%) | loss: 7.578752 | lrm: 1.00 | dt: 418ms | tok/sec: 1,253,566 | mfu: 30.3% | epoch: 1 | remaining: 300s    
step 00005 (0.0%) | loss: 7.248840 | lrm: 1.00 | dt: 357ms | tok/sec: 1,468,249 | mfu: 35.5% | epoch: 1 | remaining: 300s    
step 00006 (0.0%) | loss: 6.998070 | lrm: 1.00 | dt: 355ms | tok/sec: 1,475,425 | mfu: 35.6% | epoch: 1 | remaining: 300s    
step 00007 (0.0%) | loss: 6.787071 | lrm: 1.00 | dt: 380ms | tok/sec: 1,380,178 | mfu: 33.3% | epoch: 1 | remaining: 300s    
step 00008 (0.0%) | loss: 6.606988 | lrm: 1.00 | dt: 351ms | tok/sec: 1,494,166 | mfu: 36.1% | epoch: 1 | remaining: 300s    
step 00009 (0.0%) | loss: 6.455151 | lrm: 1.00 | dt: 346ms | tok/sec: 1,517,122 | mfu: 36.7% | epoch: 1 | remaining: 300s    
step 00010 (0.0%) | loss: 6.325388 | lrm: 1.00 | dt: 323ms | tok/sec: 1,622,410 | mfu: 39.2% | epoch: 1 | remaining: 300s    
step 00011 (0.0%) | loss: 6.217091 | lrm: 1.00 | dt: 354ms | tok/sec: 1,479,231 | mfu: 35.7% | epoch: 1 | remaining: 300s    
step 00012 (0.1%) | loss: 6.120730 | lrm: 1.00 | dt: 321ms | tok/sec: 1,631,376 | mfu: 39.4% | epoch: 1 | remaining: 299s    
step 00013 (0.2%) | loss: 6.034882 | lrm: 1.00 | dt: 352ms | tok/sec: 1,487,718 | mfu: 35.9% | epoch: 1 | remaining: 299s    
step 00014 (0.3%) | loss: 5.962752 | lrm: 1.00 | dt: 357ms | tok/sec: 1,467,567 | mfu: 35.5% | epoch: 1 | remaining: 299s    
step 00015 (0.5%) | loss: 5.898193 | lrm: 1.00 | dt: 369ms | tok/sec: 1,419,744 | mfu: 34.3% | epoch: 1 | remaining: 298s    
step 00016 (0.6%) | loss: 5.842070 | lrm: 1.00 | dt: 355ms | tok/sec: 1,476,524 | mfu: 35.7% | epoch: 1 | remaining: 298s    
step 00017 (0.7%) | loss: 5.787563 | lrm: 1.00 | dt: 372ms | tok/sec: 1,410,882 | mfu: 34.1% | epoch: 1 | remaining: 298s    
step 00018 (0.8%) | loss: 5.738590 | lrm: 1.00 | dt: 373ms | tok/sec: 1,405,490 | mfu: 34.0% | epoch: 1 | remaining: 297s    
step 00019 (1.0%) | loss: 5.693033 | lrm: 1.00 | dt: 414ms | tok/sec: 1,266,464 | mfu: 30.6% | epoch: 1 | remaining: 297s    
step 00020 (1.1%) | loss: 5.650680 | lrm: 1.00 | dt: 437ms | tok/sec: 1,198,688 | mfu: 29.0% | epoch: 1 | remaining: 296s    
step 00021 (1.2%) | loss: 5.610149 | lrm: 1.00 | dt: 389ms | tok/sec: 1,349,342 | mfu: 32.6% | epoch: 1 | remaining: 296s    
step 00022 (1.4%) | loss: 5.574223 | lrm: 1.00 | dt: 394ms | tok/sec: 1,331,261 | mfu: 32.2% | epoch: 1 | remaining: 296s    
step 00023 (1.5%) | loss: 5.536692 | lrm: 1.00 | dt: 409ms | tok/sec: 1,280,664 | mfu: 30.9% | epoch: 1 | remaining: 295s    
step 00024 (1.6%) | loss: 5.500750 | lrm: 1.00 | dt: 403ms | tok/sec: 1,300,576 | mfu: 31.4% | epoch: 1 | remaining: 295s    
step 00025 (1.8%) | loss: 5.467953 | lrm: 1.00 | dt: 346ms | tok/sec: 1,513,257 | mfu: 36.6% | epoch: 1 | remaining: 294s    
step 00026 (1.9%) | loss: 5.436898 | lrm: 1.00 | dt: 318ms | tok/sec: 1,647,789 | mfu: 39.8% | epoch: 1 | remaining: 294s    
step 00027 (2.0%) | loss: 5.406495 | lrm: 1.00 | dt: 372ms | tok/sec: 1,408,943 | mfu: 34.0% | epoch: 1 | remaining: 294s    
step 00028 (2.1%) | loss: 5.378397 | lrm: 1.00 | dt: 321ms | tok/sec: 1,633,189 | mfu: 39.5% | epoch: 1 | remaining: 293s    
step 00029 (2.2%) | loss: 5.349628 | lrm: 1.00 | dt: 376ms | tok/sec: 1,394,176 | mfu: 33.7% | epoch: 1 | remaining: 293s    
step 00030 (2.3%) | loss: 5.319086 | lrm: 1.00 | dt: 386ms | tok/sec: 1,359,968 | mfu: 32.9% | epoch: 1 | remaining: 293s    
step 00031 (2.5%) | loss: 5.289104 | lrm: 1.00 | dt: 376ms | tok/sec: 1,393,356 | mfu: 33.7% | epoch: 1 | remaining: 292s    
step 00032 (2.6%) | loss: 5.260858 | lrm: 1.00 | dt: 322ms | tok/sec: 1,628,254 | mfu: 39.3% | epoch: 1 | remaining: 292s    
step 00033 (2.7%) | loss: 5.234194 | lrm: 1.00 | dt: 332ms | tok/sec: 1,578,613 | mfu: 38.1% | epoch: 1 | remaining: 292s    
step 00034 (2.8%) | loss: 5.202346 | lrm: 1.00 | dt: 337ms | tok/sec: 1,557,411 | mfu: 37.6% | epoch: 1 | remaining: 291s    
step 00035 (2.9%) | loss: 5.175091 | lrm: 1.00 | dt: 357ms | tok/sec: 1,470,197 | mfu: 35.5% | epoch: 1 | remaining: 291s    
step 00036 (3.0%) | loss: 5.148074 | lrm: 1.00 | dt: 392ms | tok/sec: 1,336,036 | mfu: 32.3% | epoch: 1 | remaining: 290s    
step 00037 (3.2%) | loss: 5.121402 | lrm: 1.00 | dt: 334ms | tok/sec: 1,567,538 | mfu: 37.9% | epoch: 1 | remaining: 290s    
step 00038 (3.3%) | loss: 5.093405 | lrm: 1.00 | dt: 343ms | tok/sec: 1,528,186 | mfu: 36.9% | epoch: 1 | remaining: 290s    
step 00039 (3.4%) | loss: 5.065780 | lrm: 1.00 | dt: 340ms | tok/sec: 1,540,128 | mfu: 37.2% | epoch: 1 | remaining: 289s    
step 00040 (3.5%) | loss: 5.036191 | lrm: 1.00 | dt: 330ms | tok/sec: 1,590,159 | mfu: 38.4% | epoch: 1 | remaining: 289s    
step 00041 (3.6%) | loss: 5.009297 | lrm: 1.00 | dt: 341ms | tok/sec: 1,539,351 | mfu: 37.2% | epoch: 1 | remaining: 289s    
step 00042 (3.7%) | loss: 4.984208 | lrm: 1.00 | dt: 381ms | tok/sec: 1,377,593 | mfu: 33.3% | epoch: 1 | remaining: 288s    
step 00043 (3.9%) | loss: 4.958950 | lrm: 1.00 | dt: 381ms | tok/sec: 1,377,702 | mfu: 33.3% | epoch: 1 | remaining: 288s    
step 00044 (4.0%) | loss: 4.934479 | lrm: 1.00 | dt: 433ms | tok/sec: 1,210,908 | mfu: 29.3% | epoch: 1 | remaining: 288s    
step 00045 (4.1%) | loss: 4.907025 | lrm: 1.00 | dt: 368ms | tok/sec: 1,425,029 | mfu: 34.4% | epoch: 1 | remaining: 287s    
step 00046 (4.3%) | loss: 4.878874 | lrm: 1.00 | dt: 349ms | tok/sec: 1,503,071 | mfu: 36.3% | epoch: 1 | remaining: 287s    
step 00047 (4.4%) | loss: 4.843993 | lrm: 1.00 | dt: 409ms | tok/sec: 1,281,993 | mfu: 31.0% | epoch: 1 | remaining: 286s    
step 00048 (4.5%) | loss: 4.821224 | lrm: 1.00 | dt: 384ms | tok/sec: 1,364,532 | mfu: 33.0% | epoch: 1 | remaining: 286s    
step 00049 (4.6%) | loss: 4.791485 | lrm: 1.00 | dt: 328ms | tok/sec: 1,597,285 | mfu: 38.6% | epoch: 1 | remaining: 286s    
step 00050 (4.8%) | loss: 4.761810 | lrm: 1.00 | dt: 323ms | tok/sec: 1,620,837 | mfu: 39.2% | epoch: 1 | remaining: 285s    
step 00051 (4.9%) | loss: 4.735980 | lrm: 1.00 | dt: 353ms | tok/sec: 1,486,725 | mfu: 35.9% | epoch: 1 | remaining: 285s    
step 00052 (5.0%) | loss: 4.708419 | lrm: 1.00 | dt: 339ms | tok/sec: 1,546,205 | mfu: 37.4% | epoch: 1 | remaining: 285s    
step 00053 (5.1%) | loss: 4.682423 | lrm: 1.00 | dt: 329ms | tok/sec: 1,593,652 | mfu: 38.5% | epoch: 1 | remaining: 284s    
step 00054 (5.2%) | loss: 4.655037 | lrm: 1.00 | dt: 336ms | tok/sec: 1,561,055 | mfu: 37.7% | epoch: 1 | remaining: 284s    
step 00055 (5.3%) | loss: 4.630757 | lrm: 1.00 | dt: 380ms | tok/sec: 1,378,684 | mfu: 33.3% | epoch: 1 | remaining: 284s    
step 00056 (5.4%) | loss: 4.607991 | lrm: 1.00 | dt: 345ms | tok/sec: 1,521,425 | mfu: 36.8% | epoch: 1 | remaining: 283s    
step 00057 (5.6%) | loss: 4.582808 | lrm: 1.00 | dt: 322ms | tok/sec: 1,626,062 | mfu: 39.3% | epoch: 1 | remaining: 283s    
step 00058 (5.7%) | loss: 4.552500 | lrm: 1.00 | dt: 337ms | tok/sec: 1,557,876 | mfu: 37.6% | epoch: 1 | remaining: 283s    
step 00059 (5.8%) | loss: 4.528791 | lrm: 1.00 | dt: 334ms | tok/sec: 1,570,208 | mfu: 37.9% | epoch: 1 | remaining: 282s    
step 00060 (5.9%) | loss: 4.503746 | lrm: 1.00 | dt: 331ms | tok/sec: 1,584,976 | mfu: 38.3% | epoch: 1 | remaining: 282s    
step 00061 (6.0%) | loss: 4.476915 | lrm: 1.00 | dt: 333ms | tok/sec: 1,572,458 | mfu: 38.0% | epoch: 1 | remaining: 282s    
step 00062 (6.1%) | loss: 4.454596 | lrm: 1.00 | dt: 330ms | tok/sec: 1,586,443 | mfu: 38.3% | epoch: 1 | remaining: 281s    
step 00063 (6.2%) | loss: 4.428856 | lrm: 1.00 | dt: 329ms | tok/sec: 1,592,019 | mfu: 38.5% | epoch: 1 | remaining: 281s    
step 00064 (6.3%) | loss: 4.403577 | lrm: 1.00 | dt: 332ms | tok/sec: 1,577,020 | mfu: 38.1% | epoch: 1 | remaining: 281s    
step 00065 (6.4%) | loss: 4.375477 | lrm: 1.00 | dt: 335ms | tok/sec: 1,564,467 | mfu: 37.8% | epoch: 1 | remaining: 280s    
step 00066 (6.5%) | loss: 4.351072 | lrm: 1.00 | dt: 341ms | tok/sec: 1,537,738 | mfu: 37.2% | epoch: 1 | remaining: 280s    
step 00067 (6.7%) | loss: 4.328276 | lrm: 1.00 | dt: 329ms | tok/sec: 1,595,303 | mfu: 38.5% | epoch: 1 | remaining: 280s    
step 00068 (6.8%) | loss: 4.307808 | lrm: 1.00 | dt: 346ms | tok/sec: 1,516,166 | mfu: 36.6% | epoch: 1 | remaining: 279s    
step 00069 (6.9%) | loss: 4.286436 | lrm: 1.00 | dt: 330ms | tok/sec: 1,587,735 | mfu: 38.4% | epoch: 1 | remaining: 279s    
step 00070 (7.0%) | loss: 4.265472 | lrm: 1.00 | dt: 371ms | tok/sec: 1,414,420 | mfu: 34.2% | epoch: 1 | remaining: 279s    
step 00071 (7.1%) | loss: 4.248270 | lrm: 1.00 | dt: 375ms | tok/sec: 1,398,682 | mfu: 33.8% | epoch: 1 | remaining: 278s    
step 00072 (7.2%) | loss: 4.224488 | lrm: 1.00 | dt: 329ms | tok/sec: 1,595,767 | mfu: 38.6% | epoch: 1 | remaining: 278s    
step 00073 (7.4%) | loss: 4.199119 | lrm: 1.00 | dt: 339ms | tok/sec: 1,547,495 | mfu: 37.4% | epoch: 1 | remaining: 278s    
step 00074 (7.5%) | loss: 4.176437 | lrm: 1.00 | dt: 343ms | tok/sec: 1,526,510 | mfu: 36.9% | epoch: 1 | remaining: 277s    
step 00075 (7.6%) | loss: 4.158078 | lrm: 1.00 | dt: 325ms | tok/sec: 1,611,957 | mfu: 38.9% | epoch: 1 | remaining: 277s    
step 00076 (7.7%) | loss: 4.139423 | lrm: 1.00 | dt: 391ms | tok/sec: 1,340,957 | mfu: 32.4% | epoch: 1 | remaining: 277s    
step 00077 (7.8%) | loss: 4.122933 | lrm: 1.00 | dt: 325ms | tok/sec: 1,612,878 | mfu: 39.0% | epoch: 1 | remaining: 276s    
step 00078 (7.9%) | loss: 4.099776 | lrm: 1.00 | dt: 364ms | tok/sec: 1,440,173 | mfu: 34.8% | epoch: 1 | remaining: 276s    
step 00079 (8.1%) | loss: 4.079955 | lrm: 1.00 | dt: 346ms | tok/sec: 1,515,459 | mfu: 36.6% | epoch: 1 | remaining: 276s    
step 00080 (8.2%) | loss: 4.059080 | lrm: 1.00 | dt: 332ms | tok/sec: 1,579,185 | mfu: 38.2% | epoch: 1 | remaining: 275s    
step 00081 (8.3%) | loss: 4.039216 | lrm: 1.00 | dt: 331ms | tok/sec: 1,582,689 | mfu: 38.2% | epoch: 1 | remaining: 275s    
step 00082 (8.4%) | loss: 4.022469 | lrm: 1.00 | dt: 334ms | tok/sec: 1,572,018 | mfu: 38.0% | epoch: 1 | remaining: 275s    
step 00083 (8.5%) | loss: 4.003883 | lrm: 1.00 | dt: 325ms | tok/sec: 1,611,243 | mfu: 38.9% | epoch: 1 | remaining: 274s    
step 00084 (8.6%) | loss: 3.986921 | lrm: 1.00 | dt: 362ms | tok/sec: 1,449,169 | mfu: 35.0% | epoch: 1 | remaining: 274s    
step 00085 (8.7%) | loss: 3.974613 | lrm: 1.00 | dt: 373ms | tok/sec: 1,405,443 | mfu: 34.0% | epoch: 1 | remaining: 273s    
step 00086 (8.9%) | loss: 3.958324 | lrm: 1.00 | dt: 348ms | tok/sec: 1,507,902 | mfu: 36.4% | epoch: 1 | remaining: 273s    
step 00087 (9.0%) | loss: 3.940537 | lrm: 1.00 | dt: 329ms | tok/sec: 1,595,509 | mfu: 38.5% | epoch: 1 | remaining: 273s    
step 00088 (9.1%) | loss: 3.919669 | lrm: 1.00 | dt: 385ms | tok/sec: 1,362,176 | mfu: 32.9% | epoch: 1 | remaining: 272s    
step 00089 (9.2%) | loss: 3.900249 | lrm: 1.00 | dt: 348ms | tok/sec: 1,508,131 | mfu: 36.4% | epoch: 1 | remaining: 272s    
step 00090 (9.3%) | loss: 3.887520 | lrm: 1.00 | dt: 335ms | tok/sec: 1,564,916 | mfu: 37.8% | epoch: 1 | remaining: 272s    
step 00091 (9.4%) | loss: 3.871683 | lrm: 1.00 | dt: 343ms | tok/sec: 1,527,296 | mfu: 36.9% | epoch: 1 | remaining: 271s    
step 00092 (9.5%) | loss: 3.854434 | lrm: 1.00 | dt: 332ms | tok/sec: 1,577,005 | mfu: 38.1% | epoch: 1 | remaining: 271s    
step 00093 (9.7%) | loss: 3.844990 | lrm: 1.00 | dt: 334ms | tok/sec: 1,571,459 | mfu: 38.0% | epoch: 1 | remaining: 271s    
step 00094 (9.8%) | loss: 3.833886 | lrm: 1.00 | dt: 334ms | tok/sec: 1,571,971 | mfu: 38.0% | epoch: 1 | remaining: 270s    
step 00095 (9.9%) | loss: 3.824216 | lrm: 1.00 | dt: 334ms | tok/sec: 1,569,534 | mfu: 37.9% | epoch: 1 | remaining: 270s    
step 00096 (10.0%) | loss: 3.814627 | lrm: 1.00 | dt: 329ms | tok/sec: 1,594,530 | mfu: 38.5% | epoch: 1 | remaining: 270s    
step 00097 (10.1%) | loss: 3.799474 | lrm: 1.00 | dt: 331ms | tok/sec: 1,585,483 | mfu: 38.3% | epoch: 1 | remaining: 269s    
step 00098 (10.2%) | loss: 3.790635 | lrm: 1.00 | dt: 374ms | tok/sec: 1,401,797 | mfu: 33.9% | epoch: 1 | remaining: 269s    
step 00099 (10.3%) | loss: 3.777950 | lrm: 1.00 | dt: 354ms | tok/sec: 1,482,636 | mfu: 35.8% | epoch: 1 | remaining: 269s    
step 00100 (10.5%) | loss: 3.767747 | lrm: 1.00 | dt: 334ms | tok/sec: 1,569,315 | mfu: 37.9% | epoch: 1 | remaining: 268s    
step 00101 (10.6%) | loss: 3.753196 | lrm: 1.00 | dt: 334ms | tok/sec: 1,571,460 | mfu: 38.0% | epoch: 1 | remaining: 268s    
step 00102 (10.7%) | loss: 3.742171 | lrm: 1.00 | dt: 335ms | tok/sec: 1,563,254 | mfu: 37.8% | epoch: 1 | remaining: 268s    
step 00103 (10.8%) | loss: 3.733002 | lrm: 1.00 | dt: 328ms | tok/sec: 1,596,716 | mfu: 38.6% | epoch: 1 | remaining: 267s    
step 00104 (10.9%) | loss: 3.717586 | lrm: 1.00 | dt: 343ms | tok/sec: 1,528,991 | mfu: 36.9% | epoch: 1 | remaining: 267s    
step 00105 (11.0%) | loss: 3.710213 | lrm: 1.00 | dt: 334ms | tok/sec: 1,568,374 | mfu: 37.9% | epoch: 1 | remaining: 267s    
step 00106 (11.1%) | loss: 3.704113 | lrm: 1.00 | dt: 344ms | tok/sec: 1,523,747 | mfu: 36.8% | epoch: 1 | remaining: 266s    
step 00107 (11.2%) | loss: 3.691505 | lrm: 1.00 | dt: 408ms | tok/sec: 1,285,858 | mfu: 31.1% | epoch: 1 | remaining: 266s    
step 00108 (11.4%) | loss: 3.684420 | lrm: 1.00 | dt: 367ms | tok/sec: 1,428,924 | mfu: 34.5% | epoch: 1 | remaining: 266s    
step 00109 (11.5%) | loss: 3.670829 | lrm: 1.00 | dt: 370ms | tok/sec: 1,418,272 | mfu: 34.3% | epoch: 1 | remaining: 265s    
step 00110 (11.6%) | loss: 3.663732 | lrm: 1.00 | dt: 342ms | tok/sec: 1,531,563 | mfu: 37.0% | epoch: 1 | remaining: 265s    
step 00111 (11.7%) | loss: 3.657582 | lrm: 1.00 | dt: 322ms | tok/sec: 1,627,653 | mfu: 39.3% | epoch: 1 | remaining: 264s    
step 00112 (11.8%) | loss: 3.651573 | lrm: 1.00 | dt: 337ms | tok/sec: 1,557,762 | mfu: 37.6% | epoch: 1 | remaining: 264s    
step 00113 (12.0%) | loss: 3.641689 | lrm: 1.00 | dt: 331ms | tok/sec: 1,584,314 | mfu: 38.3% | epoch: 1 | remaining: 264s    
step 00114 (12.1%) | loss: 3.629845 | lrm: 1.00 | dt: 336ms | tok/sec: 1,561,347 | mfu: 37.7% | epoch: 1 | remaining: 263s    
step 00115 (12.2%) | loss: 3.626259 | lrm: 1.00 | dt: 332ms | tok/sec: 1,580,833 | mfu: 38.2% | epoch: 1 | remaining: 263s    
step 00116 (12.3%) | loss: 3.619936 | lrm: 1.00 | dt: 329ms | tok/sec: 1,593,251 | mfu: 38.5% | epoch: 1 | remaining: 263s    
step 00117 (12.4%) | loss: 3.616765 | lrm: 1.00 | dt: 392ms | tok/sec: 1,337,905 | mfu: 32.3% | epoch: 1 | remaining: 262s    
step 00118 (12.5%) | loss: 3.613232 | lrm: 1.00 | dt: 319ms | tok/sec: 1,643,073 | mfu: 39.7% | epoch: 1 | remaining: 262s    
step 00119 (12.6%) | loss: 3.605659 | lrm: 1.00 | dt: 331ms | tok/sec: 1,584,624 | mfu: 38.3% | epoch: 1 | remaining: 262s    
step 00120 (12.7%) | loss: 3.602162 | lrm: 1.00 | dt: 341ms | tok/sec: 1,537,684 | mfu: 37.2% | epoch: 1 | remaining: 261s    
step 00121 (12.9%) | loss: 3.593726 | lrm: 1.00 | dt: 324ms | tok/sec: 1,617,487 | mfu: 39.1% | epoch: 1 | remaining: 261s    
step 00122 (13.0%) | loss: 3.582706 | lrm: 1.00 | dt: 336ms | tok/sec: 1,561,056 | mfu: 37.7% | epoch: 1 | remaining: 261s    
step 00123 (13.1%) | loss: 3.576551 | lrm: 1.00 | dt: 339ms | tok/sec: 1,546,248 | mfu: 37.4% | epoch: 1 | remaining: 260s    
step 00124 (13.2%) | loss: 3.574235 | lrm: 1.00 | dt: 327ms | tok/sec: 1,604,749 | mfu: 38.8% | epoch: 1 | remaining: 260s    
step 00125 (13.3%) | loss: 3.571939 | lrm: 1.00 | dt: 340ms | tok/sec: 1,540,383 | mfu: 37.2% | epoch: 1 | remaining: 260s    
step 00126 (13.4%) | loss: 3.565596 | lrm: 1.00 | dt: 335ms | tok/sec: 1,565,121 | mfu: 37.8% | epoch: 1 | remaining: 259s    
step 00127 (13.5%) | loss: 3.563277 | lrm: 1.00 | dt: 342ms | tok/sec: 1,532,775 | mfu: 37.0% | epoch: 1 | remaining: 259s    
step 00128 (13.6%) | loss: 3.555987 | lrm: 1.00 | dt: 356ms | tok/sec: 1,474,203 | mfu: 35.6% | epoch: 1 | remaining: 259s    
step 00129 (13.8%) | loss: 3.548089 | lrm: 1.00 | dt: 335ms | tok/sec: 1,565,723 | mfu: 37.8% | epoch: 1 | remaining: 258s    
step 00130 (13.9%) | loss: 3.542161 | lrm: 1.00 | dt: 332ms | tok/sec: 1,579,130 | mfu: 38.2% | epoch: 1 | remaining: 258s    
step 00131 (14.0%) | loss: 3.536761 | lrm: 1.00 | dt: 331ms | tok/sec: 1,583,227 | mfu: 38.3% | epoch: 1 | remaining: 258s    
step 00132 (14.1%) | loss: 3.532943 | lrm: 1.00 | dt: 350ms | tok/sec: 1,497,117 | mfu: 36.2% | epoch: 1 | remaining: 257s    
step 00133 (14.2%) | loss: 3.527524 | lrm: 1.00 | dt: 324ms | tok/sec: 1,618,079 | mfu: 39.1% | epoch: 1 | remaining: 257s    
step 00134 (14.3%) | loss: 3.521347 | lrm: 1.00 | dt: 349ms | tok/sec: 1,502,234 | mfu: 36.3% | epoch: 1 | remaining: 257s    
step 00135 (14.4%) | loss: 3.519457 | lrm: 1.00 | dt: 334ms | tok/sec: 1,570,105 | mfu: 37.9% | epoch: 1 | remaining: 256s    
step 00136 (14.5%) | loss: 3.512655 | lrm: 1.00 | dt: 333ms | tok/sec: 1,572,724 | mfu: 38.0% | epoch: 1 | remaining: 256s    
step 00137 (14.7%) | loss: 3.509992 | lrm: 1.00 | dt: 349ms | tok/sec: 1,504,212 | mfu: 36.3% | epoch: 1 | remaining: 256s    
step 00138 (14.8%) | loss: 3.500984 | lrm: 1.00 | dt: 361ms | tok/sec: 1,452,624 | mfu: 35.1% | epoch: 1 | remaining: 255s    
step 00139 (14.9%) | loss: 3.493336 | lrm: 1.00 | dt: 359ms | tok/sec: 1,461,218 | mfu: 35.3% | epoch: 1 | remaining: 255s    
step 00140 (15.0%) | loss: 3.488299 | lrm: 1.00 | dt: 319ms | tok/sec: 1,645,113 | mfu: 39.7% | epoch: 1 | remaining: 255s    
step 00141 (15.1%) | loss: 3.483880 | lrm: 1.00 | dt: 374ms | tok/sec: 1,400,035 | mfu: 33.8% | epoch: 1 | remaining: 254s    
step 00142 (15.2%) | loss: 3.481277 | lrm: 1.00 | dt: 431ms | tok/sec: 1,217,759 | mfu: 29.4% | epoch: 1 | remaining: 254s    
step 00143 (15.4%) | loss: 3.478125 | lrm: 1.00 | dt: 328ms | tok/sec: 1,598,593 | mfu: 38.6% | epoch: 1 | remaining: 254s    
step 00144 (15.5%) | loss: 3.472533 | lrm: 1.00 | dt: 420ms | tok/sec: 1,248,729 | mfu: 30.2% | epoch: 1 | remaining: 253s    
step 00145 (15.6%) | loss: 3.470094 | lrm: 1.00 | dt: 325ms | tok/sec: 1,614,741 | mfu: 39.0% | epoch: 1 | remaining: 253s    
step 00146 (15.7%) | loss: 3.470238 | lrm: 1.00 | dt: 357ms | tok/sec: 1,467,558 | mfu: 35.5% | epoch: 1 | remaining: 252s    
step 00147 (15.9%) | loss: 3.471726 | lrm: 1.00 | dt: 344ms | tok/sec: 1,522,224 | mfu: 36.8% | epoch: 1 | remaining: 252s    
step 00148 (16.0%) | loss: 3.471978 | lrm: 1.00 | dt: 349ms | tok/sec: 1,504,226 | mfu: 36.3% | epoch: 1 | remaining: 252s    
step 00149 (16.1%) | loss: 3.468033 | lrm: 1.00 | dt: 329ms | tok/sec: 1,594,988 | mfu: 38.5% | epoch: 1 | remaining: 251s    
step 00150 (16.2%) | loss: 3.459898 | lrm: 1.00 | dt: 336ms | tok/sec: 1,559,116 | mfu: 37.7% | epoch: 1 | remaining: 251s    
step 00151 (16.3%) | loss: 3.457261 | lrm: 1.00 | dt: 333ms | tok/sec: 1,572,186 | mfu: 38.0% | epoch: 1 | remaining: 251s    
step 00152 (16.4%) | loss: 3.453447 | lrm: 1.00 | dt: 362ms | tok/sec: 1,449,382 | mfu: 35.0% | epoch: 1 | remaining: 250s    
step 00153 (16.5%) | loss: 3.450917 | lrm: 1.00 | dt: 363ms | tok/sec: 1,443,607 | mfu: 34.9% | epoch: 1 | remaining: 250s    
step 00154 (16.7%) | loss: 3.449241 | lrm: 1.00 | dt: 323ms | tok/sec: 1,625,663 | mfu: 39.3% | epoch: 1 | remaining: 250s    
step 00155 (16.8%) | loss: 3.443721 | lrm: 1.00 | dt: 333ms | tok/sec: 1,575,864 | mfu: 38.1% | epoch: 1 | remaining: 249s    
step 00156 (16.9%) | loss: 3.438747 | lrm: 1.00 | dt: 338ms | tok/sec: 1,552,793 | mfu: 37.5% | epoch: 1 | remaining: 249s    
step 00157 (17.0%) | loss: 3.435313 | lrm: 1.00 | dt: 330ms | tok/sec: 1,588,307 | mfu: 38.4% | epoch: 1 | remaining: 249s    
step 00158 (17.1%) | loss: 3.431785 | lrm: 1.00 | dt: 329ms | tok/sec: 1,593,645 | mfu: 38.5% | epoch: 1 | remaining: 248s    
step 00159 (17.2%) | loss: 3.427110 | lrm: 1.00 | dt: 334ms | tok/sec: 1,568,258 | mfu: 37.9% | epoch: 1 | remaining: 248s    
step 00160 (17.3%) | loss: 3.420043 | lrm: 1.00 | dt: 333ms | tok/sec: 1,574,631 | mfu: 38.0% | epoch: 1 | remaining: 248s    
step 00161 (17.4%) | loss: 3.415210 | lrm: 1.00 | dt: 328ms | tok/sec: 1,598,830 | mfu: 38.6% | epoch: 1 | remaining: 247s    
step 00162 (17.5%) | loss: 3.411554 | lrm: 1.00 | dt: 338ms | tok/sec: 1,551,039 | mfu: 37.5% | epoch: 1 | remaining: 247s    
step 00163 (17.7%) | loss: 3.407505 | lrm: 1.00 | dt: 332ms | tok/sec: 1,580,062 | mfu: 38.2% | epoch: 1 | remaining: 247s    
step 00164 (17.8%) | loss: 3.405413 | lrm: 1.00 | dt: 330ms | tok/sec: 1,589,286 | mfu: 38.4% | epoch: 1 | remaining: 246s    
step 00165 (17.9%) | loss: 3.399874 | lrm: 1.00 | dt: 336ms | tok/sec: 1,558,566 | mfu: 37.7% | epoch: 1 | remaining: 246s    
step 00166 (18.0%) | loss: 3.397018 | lrm: 1.00 | dt: 329ms | tok/sec: 1,594,054 | mfu: 38.5% | epoch: 1 | remaining: 246s    
step 00167 (18.1%) | loss: 3.395056 | lrm: 1.00 | dt: 330ms | tok/sec: 1,586,394 | mfu: 38.3% | epoch: 1 | remaining: 245s    
step 00168 (18.2%) | loss: 3.396268 | lrm: 1.00 | dt: 333ms | tok/sec: 1,574,558 | mfu: 38.0% | epoch: 1 | remaining: 245s    
step 00169 (18.3%) | loss: 3.400934 | lrm: 1.00 | dt: 331ms | tok/sec: 1,581,967 | mfu: 38.2% | epoch: 1 | remaining: 245s    
step 00170 (18.4%) | loss: 3.402558 | lrm: 1.00 | dt: 332ms | tok/sec: 1,580,885 | mfu: 38.2% | epoch: 1 | remaining: 244s    
step 00171 (18.5%) | loss: 3.396347 | lrm: 1.00 | dt: 332ms | tok/sec: 1,580,502 | mfu: 38.2% | epoch: 1 | remaining: 244s    
step 00172 (18.7%) | loss: 3.396432 | lrm: 1.00 | dt: 395ms | tok/sec: 1,328,848 | mfu: 32.1% | epoch: 1 | remaining: 244s    
step 00173 (18.8%) | loss: 3.393704 | lrm: 1.00 | dt: 355ms | tok/sec: 1,478,849 | mfu: 35.7% | epoch: 1 | remaining: 243s    
step 00174 (18.9%) | loss: 3.389232 | lrm: 1.00 | dt: 340ms | tok/sec: 1,543,772 | mfu: 37.3% | epoch: 1 | remaining: 243s    
step 00175 (19.0%) | loss: 3.380965 | lrm: 1.00 | dt: 335ms | tok/sec: 1,565,990 | mfu: 37.8% | epoch: 1 | remaining: 243s    
step 00176 (19.1%) | loss: 3.384648 | lrm: 1.00 | dt: 335ms | tok/sec: 1,562,814 | mfu: 37.8% | epoch: 1 | remaining: 242s    
step 00177 (19.2%) | loss: 3.375692 | lrm: 1.00 | dt: 352ms | tok/sec: 1,491,543 | mfu: 36.0% | epoch: 1 | remaining: 242s    
step 00178 (19.4%) | loss: 3.373075 | lrm: 1.00 | dt: 338ms | tok/sec: 1,550,792 | mfu: 37.5% | epoch: 1 | remaining: 242s    
step 00179 (19.5%) | loss: 3.370295 | lrm: 1.00 | dt: 337ms | tok/sec: 1,557,187 | mfu: 37.6% | epoch: 1 | remaining: 241s    
step 00180 (19.6%) | loss: 3.362144 | lrm: 1.00 | dt: 333ms | tok/sec: 1,576,593 | mfu: 38.1% | epoch: 1 | remaining: 241s    
step 00181 (19.7%) | loss: 3.357841 | lrm: 1.00 | dt: 333ms | tok/sec: 1,575,971 | mfu: 38.1% | epoch: 1 | remaining: 241s    
step 00182 (19.8%) | loss: 3.357685 | lrm: 1.00 | dt: 332ms | tok/sec: 1,579,994 | mfu: 38.2% | epoch: 1 | remaining: 240s    
step 00183 (19.9%) | loss: 3.356267 | lrm: 1.00 | dt: 331ms | tok/sec: 1,581,729 | mfu: 38.2% | epoch: 1 | remaining: 240s    
step 00184 (20.0%) | loss: 3.347684 | lrm: 1.00 | dt: 416ms | tok/sec: 1,260,956 | mfu: 30.5% | epoch: 1 | remaining: 240s    
step 00185 (20.2%) | loss: 3.349865 | lrm: 1.00 | dt: 327ms | tok/sec: 1,601,676 | mfu: 38.7% | epoch: 1 | remaining: 239s    
step 00186 (20.3%) | loss: 3.348389 | lrm: 1.00 | dt: 321ms | tok/sec: 1,632,935 | mfu: 39.5% | epoch: 1 | remaining: 239s    
step 00187 (20.4%) | loss: 3.344855 | lrm: 1.00 | dt: 366ms | tok/sec: 1,432,349 | mfu: 34.6% | epoch: 1 | remaining: 238s    
step 00188 (20.5%) | loss: 3.338944 | lrm: 1.00 | dt: 328ms | tok/sec: 1,599,341 | mfu: 38.6% | epoch: 1 | remaining: 238s    
step 00189 (20.6%) | loss: 3.343589 | lrm: 1.00 | dt: 333ms | tok/sec: 1,576,276 | mfu: 38.1% | epoch: 1 | remaining: 238s    
step 00190 (20.7%) | loss: 3.344109 | lrm: 1.00 | dt: 341ms | tok/sec: 1,538,763 | mfu: 37.2% | epoch: 1 | remaining: 237s    
step 00191 (20.8%) | loss: 3.343410 | lrm: 1.00 | dt: 347ms | tok/sec: 1,510,025 | mfu: 36.5% | epoch: 1 | remaining: 237s    
step 00192 (21.0%) | loss: 3.341931 | lrm: 1.00 | dt: 325ms | tok/sec: 1,614,117 | mfu: 39.0% | epoch: 1 | remaining: 237s    
step 00193 (21.1%) | loss: 3.341376 | lrm: 1.00 | dt: 364ms | tok/sec: 1,439,389 | mfu: 34.8% | epoch: 1 | remaining: 236s    
step 00194 (21.2%) | loss: 3.333750 | lrm: 1.00 | dt: 327ms | tok/sec: 1,605,713 | mfu: 38.8% | epoch: 1 | remaining: 236s    
step 00195 (21.3%) | loss: 3.331810 | lrm: 1.00 | dt: 326ms | tok/sec: 1,608,504 | mfu: 38.9% | epoch: 1 | remaining: 236s    
step 00196 (21.4%) | loss: 3.331896 | lrm: 1.00 | dt: 342ms | tok/sec: 1,534,872 | mfu: 37.1% | epoch: 1 | remaining: 235s    
step 00197 (21.5%) | loss: 3.330332 | lrm: 1.00 | dt: 331ms | tok/sec: 1,585,681 | mfu: 38.3% | epoch: 1 | remaining: 235s    
step 00198 (21.6%) | loss: 3.320385 | lrm: 1.00 | dt: 327ms | tok/sec: 1,601,162 | mfu: 38.7% | epoch: 1 | remaining: 235s    
step 00199 (21.7%) | loss: 3.317505 | lrm: 1.00 | dt: 337ms | tok/sec: 1,553,992 | mfu: 37.5% | epoch: 1 | remaining: 234s    
step 00200 (21.8%) | loss: 3.315558 | lrm: 1.00 | dt: 379ms | tok/sec: 1,382,707 | mfu: 33.4% | epoch: 1 | remaining: 234s    
step 00201 (22.0%) | loss: 3.314601 | lrm: 1.00 | dt: 348ms | tok/sec: 1,507,633 | mfu: 36.4% | epoch: 1 | remaining: 234s    
step 00202 (22.1%) | loss: 3.314875 | lrm: 1.00 | dt: 320ms | tok/sec: 1,639,378 | mfu: 39.6% | epoch: 1 | remaining: 233s    
step 00203 (22.2%) | loss: 3.312322 | lrm: 1.00 | dt: 371ms | tok/sec: 1,413,045 | mfu: 34.1% | epoch: 1 | remaining: 233s    
step 00204 (22.3%) | loss: 3.308619 | lrm: 1.00 | dt: 344ms | tok/sec: 1,525,982 | mfu: 36.9% | epoch: 1 | remaining: 233s    
step 00205 (22.4%) | loss: 3.298781 | lrm: 1.00 | dt: 337ms | tok/sec: 1,557,984 | mfu: 37.6% | epoch: 1 | remaining: 232s    
step 00206 (22.5%) | loss: 3.296667 | lrm: 1.00 | dt: 335ms | tok/sec: 1,566,460 | mfu: 37.8% | epoch: 1 | remaining: 232s    
step 00207 (22.7%) | loss: 3.294379 | lrm: 1.00 | dt: 333ms | tok/sec: 1,575,545 | mfu: 38.1% | epoch: 1 | remaining: 232s    
step 00208 (22.8%) | loss: 3.294180 | lrm: 1.00 | dt: 332ms | tok/sec: 1,577,687 | mfu: 38.1% | epoch: 1 | remaining: 231s    
step 00209 (22.9%) | loss: 3.290644 | lrm: 1.00 | dt: 333ms | tok/sec: 1,573,534 | mfu: 38.0% | epoch: 1 | remaining: 231s    
step 00210 (23.0%) | loss: 3.285189 | lrm: 1.00 | dt: 348ms | tok/sec: 1,504,438 | mfu: 36.3% | epoch: 1 | remaining: 231s    
step 00211 (23.1%) | loss: 3.289852 | lrm: 1.00 | dt: 336ms | tok/sec: 1,558,109 | mfu: 37.6% | epoch: 1 | remaining: 230s    
step 00212 (23.2%) | loss: 3.284784 | lrm: 1.00 | dt: 364ms | tok/sec: 1,438,404 | mfu: 34.8% | epoch: 1 | remaining: 230s    
step 00213 (23.3%) | loss: 3.279558 | lrm: 1.00 | dt: 322ms | tok/sec: 1,626,031 | mfu: 39.3% | epoch: 1 | remaining: 230s    
step 00214 (23.4%) | loss: 3.277036 | lrm: 1.00 | dt: 375ms | tok/sec: 1,399,878 | mfu: 33.8% | epoch: 1 | remaining: 229s    
step 00215 (23.6%) | loss: 3.274771 | lrm: 1.00 | dt: 322ms | tok/sec: 1,627,799 | mfu: 39.3% | epoch: 1 | remaining: 229s    
step 00216 (23.7%) | loss: 3.276124 | lrm: 1.00 | dt: 360ms | tok/sec: 1,456,961 | mfu: 35.2% | epoch: 1 | remaining: 229s    
step 00217 (23.8%) | loss: 3.277699 | lrm: 1.00 | dt: 329ms | tok/sec: 1,593,603 | mfu: 38.5% | epoch: 1 | remaining: 228s    
step 00218 (23.9%) | loss: 3.275981 | lrm: 1.00 | dt: 339ms | tok/sec: 1,545,171 | mfu: 37.3% | epoch: 1 | remaining: 228s    
step 00219 (24.0%) | loss: 3.275676 | lrm: 1.00 | dt: 334ms | tok/sec: 1,568,232 | mfu: 37.9% | epoch: 1 | remaining: 228s    
step 00220 (24.1%) | loss: 3.278351 | lrm: 1.00 | dt: 375ms | tok/sec: 1,398,607 | mfu: 33.8% | epoch: 1 | remaining: 227s    
step 00221 (24.3%) | loss: 3.281339 | lrm: 1.00 | dt: 320ms | tok/sec: 1,636,263 | mfu: 39.5% | epoch: 1 | remaining: 227s    
step 00222 (24.4%) | loss: 3.278231 | lrm: 1.00 | dt: 329ms | tok/sec: 1,594,785 | mfu: 38.5% | epoch: 1 | remaining: 227s    
step 00223 (24.5%) | loss: 3.279989 | lrm: 1.00 | dt: 344ms | tok/sec: 1,522,946 | mfu: 36.8% | epoch: 1 | remaining: 226s    
step 00224 (24.6%) | loss: 3.279110 | lrm: 1.00 | dt: 323ms | tok/sec: 1,623,972 | mfu: 39.2% | epoch: 1 | remaining: 226s    
step 00225 (24.7%) | loss: 3.278496 | lrm: 1.00 | dt: 331ms | tok/sec: 1,585,204 | mfu: 38.3% | epoch: 1 | remaining: 226s    
step 00226 (24.8%) | loss: 3.280731 | lrm: 1.00 | dt: 368ms | tok/sec: 1,423,090 | mfu: 34.4% | epoch: 1 | remaining: 225s    
step 00227 (24.9%) | loss: 3.279582 | lrm: 1.00 | dt: 321ms | tok/sec: 1,634,137 | mfu: 39.5% | epoch: 1 | remaining: 225s    
step 00228 (25.0%) | loss: 3.277408 | lrm: 1.00 | dt: 326ms | tok/sec: 1,608,839 | mfu: 38.9% | epoch: 1 | remaining: 225s    
step 00229 (25.1%) | loss: 3.274715 | lrm: 1.00 | dt: 344ms | tok/sec: 1,522,462 | mfu: 36.8% | epoch: 1 | remaining: 224s    
step 00230 (25.3%) | loss: 3.276140 | lrm: 1.00 | dt: 342ms | tok/sec: 1,531,618 | mfu: 37.0% | epoch: 1 | remaining: 224s    
step 00231 (25.4%) | loss: 3.276381 | lrm: 1.00 | dt: 336ms | tok/sec: 1,561,910 | mfu: 37.7% | epoch: 1 | remaining: 224s    
step 00232 (25.5%) | loss: 3.272919 | lrm: 1.00 | dt: 335ms | tok/sec: 1,563,102 | mfu: 37.8% | epoch: 1 | remaining: 223s    
step 00233 (25.6%) | loss: 3.269009 | lrm: 1.00 | dt: 356ms | tok/sec: 1,474,212 | mfu: 35.6% | epoch: 1 | remaining: 223s    
step 00234 (25.7%) | loss: 3.267670 | lrm: 1.00 | dt: 369ms | tok/sec: 1,422,287 | mfu: 34.4% | epoch: 1 | remaining: 222s    
step 00235 (25.8%) | loss: 3.265673 | lrm: 1.00 | dt: 322ms | tok/sec: 1,627,665 | mfu: 39.3% | epoch: 1 | remaining: 222s    
step 00236 (25.9%) | loss: 3.263136 | lrm: 1.00 | dt: 347ms | tok/sec: 1,512,109 | mfu: 36.5% | epoch: 1 | remaining: 222s    
step 00237 (26.1%) | loss: 3.257288 | lrm: 1.00 | dt: 334ms | tok/sec: 1,569,604 | mfu: 37.9% | epoch: 1 | remaining: 221s    
step 00238 (26.2%) | loss: 3.258577 | lrm: 1.00 | dt: 344ms | tok/sec: 1,522,542 | mfu: 36.8% | epoch: 1 | remaining: 221s    
step 00239 (26.3%) | loss: 3.255847 | lrm: 1.00 | dt: 402ms | tok/sec: 1,304,015 | mfu: 31.5% | epoch: 1 | remaining: 221s    
step 00240 (26.4%) | loss: 3.250515 | lrm: 1.00 | dt: 344ms | tok/sec: 1,524,251 | mfu: 36.8% | epoch: 1 | remaining: 220s    
step 00241 (26.5%) | loss: 3.250793 | lrm: 1.00 | dt: 335ms | tok/sec: 1,565,191 | mfu: 37.8% | epoch: 1 | remaining: 220s    
step 00242 (26.6%) | loss: 3.252180 | lrm: 1.00 | dt: 338ms | tok/sec: 1,551,180 | mfu: 37.5% | epoch: 1 | remaining: 220s    
step 00243 (26.8%) | loss: 3.251811 | lrm: 1.00 | dt: 332ms | tok/sec: 1,581,285 | mfu: 38.2% | epoch: 1 | remaining: 219s    
step 00244 (26.9%) | loss: 3.251558 | lrm: 1.00 | dt: 348ms | tok/sec: 1,506,410 | mfu: 36.4% | epoch: 1 | remaining: 219s    
step 00245 (27.0%) | loss: 3.245021 | lrm: 1.00 | dt: 331ms | tok/sec: 1,581,602 | mfu: 38.2% | epoch: 1 | remaining: 219s    
step 00246 (27.1%) | loss: 3.241392 | lrm: 1.00 | dt: 349ms | tok/sec: 1,500,943 | mfu: 36.3% | epoch: 1 | remaining: 218s    
step 00247 (27.2%) | loss: 3.232771 | lrm: 1.00 | dt: 330ms | tok/sec: 1,588,673 | mfu: 38.4% | epoch: 1 | remaining: 218s    
step 00248 (27.3%) | loss: 3.234449 | lrm: 1.00 | dt: 329ms | tok/sec: 1,591,686 | mfu: 38.5% | epoch: 1 | remaining: 218s    
step 00249 (27.4%) | loss: 3.235756 | lrm: 1.00 | dt: 335ms | tok/sec: 1,565,138 | mfu: 37.8% | epoch: 1 | remaining: 217s    
step 00250 (27.5%) | loss: 3.236048 | lrm: 1.00 | dt: 330ms | tok/sec: 1,590,296 | mfu: 38.4% | epoch: 1 | remaining: 217s    
step 00251 (27.7%) | loss: 3.238714 | lrm: 1.00 | dt: 329ms | tok/sec: 1,592,299 | mfu: 38.5% | epoch: 1 | remaining: 217s    
step 00252 (27.8%) | loss: 3.240443 | lrm: 1.00 | dt: 340ms | tok/sec: 1,541,673 | mfu: 37.2% | epoch: 1 | remaining: 216s    
step 00253 (27.9%) | loss: 3.243118 | lrm: 1.00 | dt: 334ms | tok/sec: 1,570,525 | mfu: 37.9% | epoch: 1 | remaining: 216s    
step 00254 (28.0%) | loss: 3.246415 | lrm: 1.00 | dt: 330ms | tok/sec: 1,589,527 | mfu: 38.4% | epoch: 1 | remaining: 216s    
step 00255 (28.1%) | loss: 3.245760 | lrm: 1.00 | dt: 345ms | tok/sec: 1,521,274 | mfu: 36.8% | epoch: 1 | remaining: 215s    
step 00256 (28.2%) | loss: 3.241307 | lrm: 1.00 | dt: 330ms | tok/sec: 1,587,402 | mfu: 38.4% | epoch: 1 | remaining: 215s    
step 00257 (28.3%) | loss: 3.242153 | lrm: 1.00 | dt: 387ms | tok/sec: 1,355,117 | mfu: 32.7% | epoch: 1 | remaining: 215s    
step 00258 (28.5%) | loss: 3.235092 | lrm: 1.00 | dt: 332ms | tok/sec: 1,578,556 | mfu: 38.1% | epoch: 1 | remaining: 214s    
step 00259 (28.6%) | loss: 3.234053 | lrm: 1.00 | dt: 324ms | tok/sec: 1,616,212 | mfu: 39.1% | epoch: 1 | remaining: 214s    
step 00260 (28.7%) | loss: 3.231959 | lrm: 1.00 | dt: 340ms | tok/sec: 1,541,258 | mfu: 37.2% | epoch: 1 | remaining: 214s    
step 00261 (28.8%) | loss: 3.229746 | lrm: 1.00 | dt: 354ms | tok/sec: 1,481,699 | mfu: 35.8% | epoch: 1 | remaining: 213s    
step 00262 (28.9%) | loss: 3.230457 | lrm: 1.00 | dt: 344ms | tok/sec: 1,525,322 | mfu: 36.9% | epoch: 1 | remaining: 213s    
step 00263 (29.0%) | loss: 3.229127 | lrm: 1.00 | dt: 384ms | tok/sec: 1,363,938 | mfu: 33.0% | epoch: 1 | remaining: 213s    
step 00264 (29.1%) | loss: 3.229079 | lrm: 1.00 | dt: 340ms | tok/sec: 1,542,524 | mfu: 37.3% | epoch: 1 | remaining: 212s    
step 00265 (29.3%) | loss: 3.228086 | lrm: 1.00 | dt: 346ms | tok/sec: 1,515,865 | mfu: 36.6% | epoch: 1 | remaining: 212s    
step 00266 (29.4%) | loss: 3.223454 | lrm: 1.00 | dt: 333ms | tok/sec: 1,576,417 | mfu: 38.1% | epoch: 1 | remaining: 212s    
step 00267 (29.5%) | loss: 3.220308 | lrm: 1.00 | dt: 333ms | tok/sec: 1,574,159 | mfu: 38.0% | epoch: 1 | remaining: 211s    
step 00268 (29.6%) | loss: 3.219450 | lrm: 1.00 | dt: 384ms | tok/sec: 1,363,649 | mfu: 32.9% | epoch: 1 | remaining: 211s    
step 00269 (29.7%) | loss: 3.215104 | lrm: 1.00 | dt: 319ms | tok/sec: 1,644,197 | mfu: 39.7% | epoch: 1 | remaining: 211s    
step 00270 (29.8%) | loss: 3.215847 | lrm: 1.00 | dt: 404ms | tok/sec: 1,297,618 | mfu: 31.4% | epoch: 1 | remaining: 210s    
step 00271 (30.0%) | loss: 3.216513 | lrm: 1.00 | dt: 326ms | tok/sec: 1,606,010 | mfu: 38.8% | epoch: 1 | remaining: 210s    
step 00272 (30.1%) | loss: 3.218129 | lrm: 1.00 | dt: 322ms | tok/sec: 1,627,829 | mfu: 39.3% | epoch: 1 | remaining: 209s    
step 00273 (30.2%) | loss: 3.214127 | lrm: 1.00 | dt: 344ms | tok/sec: 1,524,088 | mfu: 36.8% | epoch: 1 | remaining: 209s    
step 00274 (30.3%) | loss: 3.212440 | lrm: 1.00 | dt: 330ms | tok/sec: 1,588,419 | mfu: 38.4% | epoch: 1 | remaining: 209s    
step 00275 (30.4%) | loss: 3.209185 | lrm: 1.00 | dt: 375ms | tok/sec: 1,399,582 | mfu: 33.8% | epoch: 1 | remaining: 208s    
step 00276 (30.5%) | loss: 3.215198 | lrm: 1.00 | dt: 330ms | tok/sec: 1,590,621 | mfu: 38.4% | epoch: 1 | remaining: 208s    
step 00277 (30.6%) | loss: 3.213104 | lrm: 1.00 | dt: 328ms | tok/sec: 1,598,173 | mfu: 38.6% | epoch: 1 | remaining: 208s    
step 00278 (30.8%) | loss: 3.209552 | lrm: 1.00 | dt: 338ms | tok/sec: 1,551,751 | mfu: 37.5% | epoch: 1 | remaining: 207s    
step 00279 (30.9%) | loss: 3.210468 | lrm: 1.00 | dt: 334ms | tok/sec: 1,569,226 | mfu: 37.9% | epoch: 1 | remaining: 207s    
step 00280 (31.0%) | loss: 3.209234 | lrm: 1.00 | dt: 355ms | tok/sec: 1,476,146 | mfu: 35.7% | epoch: 1 | remaining: 207s    
step 00281 (31.1%) | loss: 3.209668 | lrm: 1.00 | dt: 378ms | tok/sec: 1,385,392 | mfu: 33.5% | epoch: 1 | remaining: 206s    
step 00282 (31.2%) | loss: 3.207936 | lrm: 1.00 | dt: 377ms | tok/sec: 1,388,981 | mfu: 33.6% | epoch: 1 | remaining: 206s    
step 00283 (31.3%) | loss: 3.208670 | lrm: 1.00 | dt: 363ms | tok/sec: 1,443,363 | mfu: 34.9% | epoch: 1 | remaining: 206s    
step 00284 (31.5%) | loss: 3.204926 | lrm: 1.00 | dt: 344ms | tok/sec: 1,525,308 | mfu: 36.9% | epoch: 1 | remaining: 205s    
step 00285 (31.6%) | loss: 3.203185 | lrm: 1.00 | dt: 330ms | tok/sec: 1,589,363 | mfu: 38.4% | epoch: 1 | remaining: 205s    
step 00286 (31.7%) | loss: 3.203018 | lrm: 1.00 | dt: 334ms | tok/sec: 1,567,650 | mfu: 37.9% | epoch: 1 | remaining: 205s    
step 00287 (31.8%) | loss: 3.202078 | lrm: 1.00 | dt: 338ms | tok/sec: 1,549,564 | mfu: 37.4% | epoch: 1 | remaining: 204s    
step 00288 (31.9%) | loss: 3.206790 | lrm: 1.00 | dt: 330ms | tok/sec: 1,588,446 | mfu: 38.4% | epoch: 1 | remaining: 204s    
step 00289 (32.0%) | loss: 3.203773 | lrm: 1.00 | dt: 375ms | tok/sec: 1,398,209 | mfu: 33.8% | epoch: 1 | remaining: 204s    
step 00290 (32.2%) | loss: 3.201076 | lrm: 1.00 | dt: 321ms | tok/sec: 1,634,041 | mfu: 39.5% | epoch: 1 | remaining: 203s    
step 00291 (32.3%) | loss: 3.199179 | lrm: 1.00 | dt: 339ms | tok/sec: 1,545,960 | mfu: 37.4% | epoch: 1 | remaining: 203s    
step 00292 (32.4%) | loss: 3.197946 | lrm: 1.00 | dt: 353ms | tok/sec: 1,486,455 | mfu: 35.9% | epoch: 1 | remaining: 203s    
step 00293 (32.5%) | loss: 3.195621 | lrm: 1.00 | dt: 326ms | tok/sec: 1,608,104 | mfu: 38.9% | epoch: 1 | remaining: 202s    
step 00294 (32.6%) | loss: 3.194232 | lrm: 1.00 | dt: 370ms | tok/sec: 1,415,833 | mfu: 34.2% | epoch: 1 | remaining: 202s    
step 00295 (32.7%) | loss: 3.198659 | lrm: 1.00 | dt: 346ms | tok/sec: 1,515,723 | mfu: 36.6% | epoch: 1 | remaining: 201s    
step 00296 (32.8%) | loss: 3.200145 | lrm: 1.00 | dt: 422ms | tok/sec: 1,243,842 | mfu: 30.1% | epoch: 1 | remaining: 201s    
step 00297 (33.0%) | loss: 3.204154 | lrm: 1.00 | dt: 320ms | tok/sec: 1,640,371 | mfu: 39.6% | epoch: 1 | remaining: 201s    
step 00298 (33.1%) | loss: 3.199102 | lrm: 1.00 | dt: 405ms | tok/sec: 1,294,172 | mfu: 31.3% | epoch: 1 | remaining: 200s    
step 00299 (33.2%) | loss: 3.189709 | lrm: 1.00 | dt: 328ms | tok/sec: 1,599,980 | mfu: 38.7% | epoch: 1 | remaining: 200s    
step 00300 (33.3%) | loss: 3.188702 | lrm: 1.00 | dt: 329ms | tok/sec: 1,591,450 | mfu: 38.5% | epoch: 1 | remaining: 200s    
step 00301 (33.4%) | loss: 3.190553 | lrm: 1.00 | dt: 371ms | tok/sec: 1,415,062 | mfu: 34.2% | epoch: 1 | remaining: 199s    
step 00302 (33.6%) | loss: 3.189779 | lrm: 1.00 | dt: 320ms | tok/sec: 1,639,356 | mfu: 39.6% | epoch: 1 | remaining: 199s    
step 00303 (33.7%) | loss: 3.188734 | lrm: 1.00 | dt: 402ms | tok/sec: 1,303,791 | mfu: 31.5% | epoch: 1 | remaining: 199s    
step 00304 (33.8%) | loss: 3.185244 | lrm: 1.00 | dt: 369ms | tok/sec: 1,420,158 | mfu: 34.3% | epoch: 1 | remaining: 198s    
step 00305 (33.9%) | loss: 3.183826 | lrm: 1.00 | dt: 319ms | tok/sec: 1,641,299 | mfu: 39.7% | epoch: 1 | remaining: 198s    
step 00306 (34.0%) | loss: 3.180571 | lrm: 1.00 | dt: 434ms | tok/sec: 1,208,123 | mfu: 29.2% | epoch: 1 | remaining: 197s    
step 00307 (34.2%) | loss: 3.175296 | lrm: 1.00 | dt: 336ms | tok/sec: 1,558,505 | mfu: 37.7% | epoch: 1 | remaining: 197s    
step 00308 (34.3%) | loss: 3.172301 | lrm: 1.00 | dt: 357ms | tok/sec: 1,467,914 | mfu: 35.5% | epoch: 1 | remaining: 197s    
step 00309 (34.4%) | loss: 3.168845 | lrm: 1.00 | dt: 334ms | tok/sec: 1,567,756 | mfu: 37.9% | epoch: 1 | remaining: 196s    
step 00310 (34.5%) | loss: 3.170965 | lrm: 1.00 | dt: 325ms | tok/sec: 1,611,773 | mfu: 38.9% | epoch: 1 | remaining: 196s    
step 00311 (34.6%) | loss: 3.172197 | lrm: 1.00 | dt: 336ms | tok/sec: 1,562,213 | mfu: 37.7% | epoch: 1 | remaining: 196s    
step 00312 (34.7%) | loss: 3.171457 | lrm: 1.00 | dt: 332ms | tok/sec: 1,578,763 | mfu: 38.1% | epoch: 1 | remaining: 195s    
step 00313 (34.8%) | loss: 3.170290 | lrm: 1.00 | dt: 342ms | tok/sec: 1,530,919 | mfu: 37.0% | epoch: 1 | remaining: 195s    
step 00314 (35.0%) | loss: 3.165648 | lrm: 1.00 | dt: 332ms | tok/sec: 1,579,176 | mfu: 38.2% | epoch: 1 | remaining: 195s    
step 00315 (35.1%) | loss: 3.163877 | lrm: 1.00 | dt: 336ms | tok/sec: 1,558,386 | mfu: 37.7% | epoch: 1 | remaining: 194s    
step 00316 (35.2%) | loss: 3.165347 | lrm: 1.00 | dt: 344ms | tok/sec: 1,525,529 | mfu: 36.9% | epoch: 1 | remaining: 194s    
step 00317 (35.3%) | loss: 3.160452 | lrm: 1.00 | dt: 370ms | tok/sec: 1,416,441 | mfu: 34.2% | epoch: 1 | remaining: 194s    
step 00318 (35.4%) | loss: 3.158098 | lrm: 1.00 | dt: 337ms | tok/sec: 1,556,310 | mfu: 37.6% | epoch: 1 | remaining: 193s    
step 00319 (35.5%) | loss: 3.159021 | lrm: 1.00 | dt: 357ms | tok/sec: 1,470,329 | mfu: 35.5% | epoch: 1 | remaining: 193s    
step 00320 (35.7%) | loss: 3.157924 | lrm: 1.00 | dt: 400ms | tok/sec: 1,310,686 | mfu: 31.7% | epoch: 1 | remaining: 193s    
step 00321 (35.8%) | loss: 3.162445 | lrm: 1.00 | dt: 344ms | tok/sec: 1,526,028 | mfu: 36.9% | epoch: 1 | remaining: 192s    
step 00322 (35.9%) | loss: 3.159625 | lrm: 1.00 | dt: 364ms | tok/sec: 1,439,056 | mfu: 34.8% | epoch: 1 | remaining: 192s    
step 00323 (36.0%) | loss: 3.156138 | lrm: 1.00 | dt: 379ms | tok/sec: 1,383,843 | mfu: 33.4% | epoch: 1 | remaining: 192s    
step 00324 (36.2%) | loss: 3.156312 | lrm: 1.00 | dt: 342ms | tok/sec: 1,531,042 | mfu: 37.0% | epoch: 1 | remaining: 191s    
step 00325 (36.3%) | loss: 3.154582 | lrm: 1.00 | dt: 400ms | tok/sec: 1,312,092 | mfu: 31.7% | epoch: 1 | remaining: 191s    
step 00326 (36.4%) | loss: 3.157983 | lrm: 1.00 | dt: 403ms | tok/sec: 1,299,667 | mfu: 31.4% | epoch: 1 | remaining: 190s    
step 00327 (36.5%) | loss: 3.162002 | lrm: 1.00 | dt: 333ms | tok/sec: 1,572,767 | mfu: 38.0% | epoch: 1 | remaining: 190s    
step 00328 (36.6%) | loss: 3.156876 | lrm: 1.00 | dt: 358ms | tok/sec: 1,465,068 | mfu: 35.4% | epoch: 1 | remaining: 190s    
step 00329 (36.8%) | loss: 3.158167 | lrm: 1.00 | dt: 334ms | tok/sec: 1,569,483 | mfu: 37.9% | epoch: 1 | remaining: 189s    
step 00330 (36.9%) | loss: 3.155147 | lrm: 1.00 | dt: 350ms | tok/sec: 1,498,794 | mfu: 36.2% | epoch: 1 | remaining: 189s    
step 00331 (37.0%) | loss: 3.156754 | lrm: 1.00 | dt: 347ms | tok/sec: 1,509,531 | mfu: 36.5% | epoch: 1 | remaining: 189s    
step 00332 (37.1%) | loss: 3.155023 | lrm: 1.00 | dt: 328ms | tok/sec: 1,600,468 | mfu: 38.7% | epoch: 1 | remaining: 188s    
step 00333 (37.2%) | loss: 3.153268 | lrm: 1.00 | dt: 331ms | tok/sec: 1,584,165 | mfu: 38.3% | epoch: 1 | remaining: 188s    
step 00334 (37.3%) | loss: 3.151847 | lrm: 1.00 | dt: 342ms | tok/sec: 1,531,544 | mfu: 37.0% | epoch: 1 | remaining: 188s    
step 00335 (37.4%) | loss: 3.149617 | lrm: 1.00 | dt: 328ms | tok/sec: 1,600,006 | mfu: 38.7% | epoch: 1 | remaining: 187s    
step 00336 (37.6%) | loss: 3.151398 | lrm: 1.00 | dt: 331ms | tok/sec: 1,582,731 | mfu: 38.2% | epoch: 1 | remaining: 187s    
step 00337 (37.7%) | loss: 3.155633 | lrm: 1.00 | dt: 333ms | tok/sec: 1,573,714 | mfu: 38.0% | epoch: 1 | remaining: 187s    
step 00338 (37.8%) | loss: 3.153401 | lrm: 1.00 | dt: 332ms | tok/sec: 1,577,561 | mfu: 38.1% | epoch: 1 | remaining: 186s    
step 00339 (37.9%) | loss: 3.152894 | lrm: 1.00 | dt: 331ms | tok/sec: 1,584,211 | mfu: 38.3% | epoch: 1 | remaining: 186s    
step 00340 (38.0%) | loss: 3.153705 | lrm: 1.00 | dt: 331ms | tok/sec: 1,582,495 | mfu: 38.2% | epoch: 1 | remaining: 186s    
step 00341 (38.1%) | loss: 3.157173 | lrm: 1.00 | dt: 338ms | tok/sec: 1,548,905 | mfu: 37.4% | epoch: 1 | remaining: 185s    
step 00342 (38.2%) | loss: 3.157595 | lrm: 1.00 | dt: 331ms | tok/sec: 1,585,435 | mfu: 38.3% | epoch: 1 | remaining: 185s    
step 00343 (38.3%) | loss: 3.152786 | lrm: 1.00 | dt: 389ms | tok/sec: 1,346,741 | mfu: 32.5% | epoch: 1 | remaining: 185s    
step 00344 (38.5%) | loss: 3.151810 | lrm: 1.00 | dt: 331ms | tok/sec: 1,583,538 | mfu: 38.3% | epoch: 1 | remaining: 184s    
step 00345 (38.6%) | loss: 3.156506 | lrm: 1.00 | dt: 331ms | tok/sec: 1,583,669 | mfu: 38.3% | epoch: 1 | remaining: 184s    
step 00346 (38.7%) | loss: 3.152567 | lrm: 1.00 | dt: 367ms | tok/sec: 1,429,401 | mfu: 34.5% | epoch: 1 | remaining: 184s    
step 00347 (38.8%) | loss: 3.147812 | lrm: 1.00 | dt: 324ms | tok/sec: 1,617,856 | mfu: 39.1% | epoch: 1 | remaining: 183s    
step 00348 (38.9%) | loss: 3.145192 | lrm: 1.00 | dt: 346ms | tok/sec: 1,516,100 | mfu: 36.6% | epoch: 1 | remaining: 183s    
step 00349 (39.0%) | loss: 3.144716 | lrm: 1.00 | dt: 341ms | tok/sec: 1,538,390 | mfu: 37.2% | epoch: 1 | remaining: 183s    
step 00350 (39.1%) | loss: 3.143541 | lrm: 1.00 | dt: 331ms | tok/sec: 1,585,846 | mfu: 38.3% | epoch: 1 | remaining: 182s    
step 00351 (39.2%) | loss: 3.142278 | lrm: 1.00 | dt: 332ms | tok/sec: 1,578,229 | mfu: 38.1% | epoch: 1 | remaining: 182s    
step 00352 (39.4%) | loss: 3.140080 | lrm: 1.00 | dt: 347ms | tok/sec: 1,510,752 | mfu: 36.5% | epoch: 1 | remaining: 182s    
step 00353 (39.5%) | loss: 3.140009 | lrm: 1.00 | dt: 326ms | tok/sec: 1,607,434 | mfu: 38.8% | epoch: 1 | remaining: 181s    
step 00354 (39.6%) | loss: 3.135365 | lrm: 1.00 | dt: 340ms | tok/sec: 1,540,013 | mfu: 37.2% | epoch: 1 | remaining: 181s    
step 00355 (39.7%) | loss: 3.129663 | lrm: 1.00 | dt: 336ms | tok/sec: 1,560,430 | mfu: 37.7% | epoch: 1 | remaining: 181s    
step 00356 (39.8%) | loss: 3.132776 | lrm: 1.00 | dt: 336ms | tok/sec: 1,561,705 | mfu: 37.7% | epoch: 1 | remaining: 180s    
step 00357 (39.9%) | loss: 3.136337 | lrm: 1.00 | dt: 365ms | tok/sec: 1,438,147 | mfu: 34.7% | epoch: 1 | remaining: 180s    
step 00358 (40.0%) | loss: 3.138375 | lrm: 1.00 | dt: 370ms | tok/sec: 1,415,301 | mfu: 34.2% | epoch: 1 | remaining: 180s    
step 00359 (40.2%) | loss: 3.139122 | lrm: 1.00 | dt: 324ms | tok/sec: 1,617,631 | mfu: 39.1% | epoch: 1 | remaining: 179s    
step 00360 (40.3%) | loss: 3.136934 | lrm: 1.00 | dt: 347ms | tok/sec: 1,511,346 | mfu: 36.5% | epoch: 1 | remaining: 179s    
step 00361 (40.4%) | loss: 3.136056 | lrm: 1.00 | dt: 356ms | tok/sec: 1,471,214 | mfu: 35.5% | epoch: 1 | remaining: 178s    
step 00362 (40.5%) | loss: 3.130816 | lrm: 1.00 | dt: 337ms | tok/sec: 1,557,638 | mfu: 37.6% | epoch: 1 | remaining: 178s    
step 00363 (40.6%) | loss: 3.132092 | lrm: 1.00 | dt: 357ms | tok/sec: 1,470,353 | mfu: 35.5% | epoch: 1 | remaining: 178s    
step 00364 (40.7%) | loss: 3.129303 | lrm: 1.00 | dt: 328ms | tok/sec: 1,597,705 | mfu: 38.6% | epoch: 1 | remaining: 177s    
step 00365 (40.8%) | loss: 3.128658 | lrm: 1.00 | dt: 367ms | tok/sec: 1,429,529 | mfu: 34.5% | epoch: 1 | remaining: 177s    
step 00366 (41.0%) | loss: 3.125588 | lrm: 1.00 | dt: 357ms | tok/sec: 1,469,238 | mfu: 35.5% | epoch: 1 | remaining: 177s    
step 00367 (41.1%) | loss: 3.127811 | lrm: 1.00 | dt: 320ms | tok/sec: 1,639,007 | mfu: 39.6% | epoch: 1 | remaining: 176s    
step 00368 (41.2%) | loss: 3.127989 | lrm: 1.00 | dt: 335ms | tok/sec: 1,566,955 | mfu: 37.9% | epoch: 1 | remaining: 176s    
step 00369 (41.3%) | loss: 3.128284 | lrm: 1.00 | dt: 386ms | tok/sec: 1,357,324 | mfu: 32.8% | epoch: 1 | remaining: 176s    
step 00370 (41.4%) | loss: 3.124580 | lrm: 1.00 | dt: 355ms | tok/sec: 1,478,347 | mfu: 35.7% | epoch: 1 | remaining: 175s    
step 00371 (41.6%) | loss: 3.122672 | lrm: 1.00 | dt: 322ms | tok/sec: 1,626,266 | mfu: 39.3% | epoch: 1 | remaining: 175s    
step 00372 (41.7%) | loss: 3.125223 | lrm: 1.00 | dt: 339ms | tok/sec: 1,544,993 | mfu: 37.3% | epoch: 1 | remaining: 175s    
step 00373 (41.8%) | loss: 3.124631 | lrm: 1.00 | dt: 330ms | tok/sec: 1,589,595 | mfu: 38.4% | epoch: 1 | remaining: 174s    
step 00374 (41.9%) | loss: 3.119008 | lrm: 1.00 | dt: 328ms | tok/sec: 1,596,656 | mfu: 38.6% | epoch: 1 | remaining: 174s    
step 00375 (42.0%) | loss: 3.117409 | lrm: 1.00 | dt: 335ms | tok/sec: 1,565,305 | mfu: 37.8% | epoch: 1 | remaining: 174s    
step 00376 (42.1%) | loss: 3.117486 | lrm: 1.00 | dt: 343ms | tok/sec: 1,528,919 | mfu: 36.9% | epoch: 1 | remaining: 173s    
step 00377 (42.2%) | loss: 3.115732 | lrm: 1.00 | dt: 358ms | tok/sec: 1,464,134 | mfu: 35.4% | epoch: 1 | remaining: 173s    
step 00378 (42.3%) | loss: 3.116291 | lrm: 1.00 | dt: 329ms | tok/sec: 1,593,879 | mfu: 38.5% | epoch: 1 | remaining: 173s    
step 00379 (42.4%) | loss: 3.113911 | lrm: 1.00 | dt: 333ms | tok/sec: 1,572,513 | mfu: 38.0% | epoch: 1 | remaining: 172s    
step 00380 (42.6%) | loss: 3.107550 | lrm: 1.00 | dt: 348ms | tok/sec: 1,507,322 | mfu: 36.4% | epoch: 1 | remaining: 172s    
step 00381 (42.7%) | loss: 3.109490 | lrm: 1.00 | dt: 352ms | tok/sec: 1,488,453 | mfu: 36.0% | epoch: 1 | remaining: 172s    
step 00382 (42.8%) | loss: 3.106487 | lrm: 1.00 | dt: 326ms | tok/sec: 1,607,283 | mfu: 38.8% | epoch: 1 | remaining: 171s    
step 00383 (42.9%) | loss: 3.105077 | lrm: 1.00 | dt: 333ms | tok/sec: 1,576,686 | mfu: 38.1% | epoch: 1 | remaining: 171s    
step 00384 (43.0%) | loss: 3.105894 | lrm: 1.00 | dt: 342ms | tok/sec: 1,534,454 | mfu: 37.1% | epoch: 1 | remaining: 171s    
step 00385 (43.1%) | loss: 3.108636 | lrm: 1.00 | dt: 347ms | tok/sec: 1,511,320 | mfu: 36.5% | epoch: 1 | remaining: 170s    
step 00386 (43.2%) | loss: 3.111322 | lrm: 1.00 | dt: 328ms | tok/sec: 1,599,510 | mfu: 38.6% | epoch: 1 | remaining: 170s    
step 00387 (43.4%) | loss: 3.110171 | lrm: 1.00 | dt: 334ms | tok/sec: 1,571,650 | mfu: 38.0% | epoch: 1 | remaining: 170s    
step 00388 (43.5%) | loss: 3.108297 | lrm: 1.00 | dt: 341ms | tok/sec: 1,537,695 | mfu: 37.2% | epoch: 1 | remaining: 169s    
step 00389 (43.6%) | loss: 3.108646 | lrm: 1.00 | dt: 349ms | tok/sec: 1,503,073 | mfu: 36.3% | epoch: 1 | remaining: 169s    
step 00390 (43.7%) | loss: 3.108814 | lrm: 1.00 | dt: 331ms | tok/sec: 1,582,828 | mfu: 38.2% | epoch: 1 | remaining: 169s    
step 00391 (43.8%) | loss: 3.106712 | lrm: 1.00 | dt: 394ms | tok/sec: 1,331,365 | mfu: 32.2% | epoch: 1 | remaining: 168s    
step 00392 (43.9%) | loss: 3.101348 | lrm: 1.00 | dt: 341ms | tok/sec: 1,539,143 | mfu: 37.2% | epoch: 1 | remaining: 168s    
step 00393 (44.0%) | loss: 3.101343 | lrm: 1.00 | dt: 467ms | tok/sec: 1,123,764 | mfu: 27.2% | epoch: 1 | remaining: 167s    
step 00394 (44.2%) | loss: 3.097718 | lrm: 1.00 | dt: 333ms | tok/sec: 1,576,276 | mfu: 38.1% | epoch: 1 | remaining: 167s    
step 00395 (44.3%) | loss: 3.092327 | lrm: 1.00 | dt: 322ms | tok/sec: 1,627,458 | mfu: 39.3% | epoch: 1 | remaining: 167s    
step 00396 (44.4%) | loss: 3.086246 | lrm: 1.00 | dt: 338ms | tok/sec: 1,550,319 | mfu: 37.5% | epoch: 1 | remaining: 166s    
step 00397 (44.5%) | loss: 3.089431 | lrm: 1.00 | dt: 337ms | tok/sec: 1,556,952 | mfu: 37.6% | epoch: 1 | remaining: 166s    
step 00398 (44.6%) | loss: 3.091447 | lrm: 1.00 | dt: 337ms | tok/sec: 1,557,636 | mfu: 37.6% | epoch: 1 | remaining: 166s    
step 00399 (44.8%) | loss: 3.083962 | lrm: 1.00 | dt: 411ms | tok/sec: 1,276,092 | mfu: 30.8% | epoch: 1 | remaining: 165s    
step 00400 (44.9%) | loss: 3.082623 | lrm: 1.00 | dt: 344ms | tok/sec: 1,522,822 | mfu: 36.8% | epoch: 1 | remaining: 165s    
step 00401 (45.0%) | loss: 3.077481 | lrm: 1.00 | dt: 319ms | tok/sec: 1,641,802 | mfu: 39.7% | epoch: 1 | remaining: 165s    
step 00402 (45.1%) | loss: 3.077729 | lrm: 1.00 | dt: 360ms | tok/sec: 1,456,686 | mfu: 35.2% | epoch: 1 | remaining: 164s    
step 00403 (45.2%) | loss: 3.076344 | lrm: 1.00 | dt: 341ms | tok/sec: 1,538,698 | mfu: 37.2% | epoch: 1 | remaining: 164s    
step 00404 (45.3%) | loss: 3.074998 | lrm: 1.00 | dt: 325ms | tok/sec: 1,613,222 | mfu: 39.0% | epoch: 1 | remaining: 164s    
step 00405 (45.5%) | loss: 3.075433 | lrm: 1.00 | dt: 340ms | tok/sec: 1,540,437 | mfu: 37.2% | epoch: 1 | remaining: 163s    
step 00406 (45.6%) | loss: 3.078784 | lrm: 1.00 | dt: 332ms | tok/sec: 1,578,843 | mfu: 38.1% | epoch: 1 | remaining: 163s    
step 00407 (45.7%) | loss: 3.081102 | lrm: 1.00 | dt: 339ms | tok/sec: 1,545,572 | mfu: 37.3% | epoch: 1 | remaining: 163s    
step 00408 (45.8%) | loss: 3.074459 | lrm: 1.00 | dt: 347ms | tok/sec: 1,508,790 | mfu: 36.5% | epoch: 1 | remaining: 162s    
step 00409 (45.9%) | loss: 3.076518 | lrm: 1.00 | dt: 334ms | tok/sec: 1,567,834 | mfu: 37.9% | epoch: 1 | remaining: 162s    
step 00410 (46.0%) | loss: 3.082398 | lrm: 1.00 | dt: 342ms | tok/sec: 1,531,627 | mfu: 37.0% | epoch: 1 | remaining: 162s    
step 00411 (46.1%) | loss: 3.088481 | lrm: 1.00 | dt: 332ms | tok/sec: 1,580,334 | mfu: 38.2% | epoch: 1 | remaining: 161s    
step 00412 (46.2%) | loss: 3.086196 | lrm: 1.00 | dt: 331ms | tok/sec: 1,584,986 | mfu: 38.3% | epoch: 1 | remaining: 161s    
step 00413 (46.4%) | loss: 3.089420 | lrm: 1.00 | dt: 373ms | tok/sec: 1,404,528 | mfu: 33.9% | epoch: 1 | remaining: 161s    
step 00414 (46.5%) | loss: 3.088224 | lrm: 1.00 | dt: 331ms | tok/sec: 1,583,784 | mfu: 38.3% | epoch: 1 | remaining: 160s    
step 00415 (46.6%) | loss: 3.086803 | lrm: 1.00 | dt: 333ms | tok/sec: 1,574,854 | mfu: 38.1% | epoch: 1 | remaining: 160s    
step 00416 (46.7%) | loss: 3.088288 | lrm: 1.00 | dt: 339ms | tok/sec: 1,547,933 | mfu: 37.4% | epoch: 1 | remaining: 160s    
step 00417 (46.8%) | loss: 3.089998 | lrm: 1.00 | dt: 330ms | tok/sec: 1,590,786 | mfu: 38.4% | epoch: 1 | remaining: 159s    
step 00418 (46.9%) | loss: 3.089553 | lrm: 1.00 | dt: 393ms | tok/sec: 1,333,062 | mfu: 32.2% | epoch: 1 | remaining: 159s    
step 00419 (47.1%) | loss: 3.082349 | lrm: 1.00 | dt: 330ms | tok/sec: 1,587,327 | mfu: 38.4% | epoch: 1 | remaining: 158s    
step 00420 (47.2%) | loss: 3.079850 | lrm: 1.00 | dt: 348ms | tok/sec: 1,505,647 | mfu: 36.4% | epoch: 1 | remaining: 158s    
step 00421 (47.3%) | loss: 3.075208 | lrm: 1.00 | dt: 344ms | tok/sec: 1,524,176 | mfu: 36.8% | epoch: 1 | remaining: 158s    
step 00422 (47.4%) | loss: 3.074401 | lrm: 1.00 | dt: 380ms | tok/sec: 1,380,794 | mfu: 33.4% | epoch: 1 | remaining: 157s    
step 00423 (47.5%) | loss: 3.080783 | lrm: 1.00 | dt: 348ms | tok/sec: 1,506,529 | mfu: 36.4% | epoch: 1 | remaining: 157s    
step 00424 (47.6%) | loss: 3.081879 | lrm: 1.00 | dt: 324ms | tok/sec: 1,620,402 | mfu: 39.2% | epoch: 1 | remaining: 157s    
step 00425 (47.7%) | loss: 3.082615 | lrm: 1.00 | dt: 340ms | tok/sec: 1,543,280 | mfu: 37.3% | epoch: 1 | remaining: 156s    
step 00426 (47.9%) | loss: 3.077414 | lrm: 1.00 | dt: 341ms | tok/sec: 1,537,858 | mfu: 37.2% | epoch: 1 | remaining: 156s    
step 00427 (48.0%) | loss: 3.077676 | lrm: 1.00 | dt: 340ms | tok/sec: 1,541,663 | mfu: 37.2% | epoch: 1 | remaining: 156s    
step 00428 (48.1%) | loss: 3.075169 | lrm: 1.00 | dt: 328ms | tok/sec: 1,599,288 | mfu: 38.6% | epoch: 1 | remaining: 155s    
step 00429 (48.2%) | loss: 3.069525 | lrm: 1.00 | dt: 333ms | tok/sec: 1,574,058 | mfu: 38.0% | epoch: 1 | remaining: 155s    
step 00430 (48.3%) | loss: 3.071458 | lrm: 1.00 | dt: 358ms | tok/sec: 1,464,458 | mfu: 35.4% | epoch: 1 | remaining: 155s    
step 00431 (48.4%) | loss: 3.071675 | lrm: 1.00 | dt: 337ms | tok/sec: 1,557,851 | mfu: 37.6% | epoch: 1 | remaining: 154s    
step 00432 (48.5%) | loss: 3.070793 | lrm: 1.00 | dt: 331ms | tok/sec: 1,585,308 | mfu: 38.3% | epoch: 1 | remaining: 154s    
step 00433 (48.7%) | loss: 3.068397 | lrm: 1.00 | dt: 338ms | tok/sec: 1,553,002 | mfu: 37.5% | epoch: 1 | remaining: 154s    
step 00434 (48.8%) | loss: 3.072469 | lrm: 1.00 | dt: 391ms | tok/sec: 1,340,750 | mfu: 32.4% | epoch: 1 | remaining: 153s    
step 00435 (48.9%) | loss: 3.068162 | lrm: 1.00 | dt: 320ms | tok/sec: 1,636,850 | mfu: 39.5% | epoch: 1 | remaining: 153s    
step 00436 (49.0%) | loss: 3.070790 | lrm: 1.00 | dt: 414ms | tok/sec: 1,266,117 | mfu: 30.6% | epoch: 1 | remaining: 153s    
step 00437 (49.1%) | loss: 3.075003 | lrm: 1.00 | dt: 344ms | tok/sec: 1,525,745 | mfu: 36.9% | epoch: 1 | remaining: 152s    
step 00438 (49.3%) | loss: 3.075821 | lrm: 1.00 | dt: 374ms | tok/sec: 1,401,134 | mfu: 33.9% | epoch: 1 | remaining: 152s    
step 00439 (49.4%) | loss: 3.076692 | lrm: 1.00 | dt: 347ms | tok/sec: 1,512,220 | mfu: 36.5% | epoch: 1 | remaining: 152s    
step 00440 (49.5%) | loss: 3.074712 | lrm: 1.00 | dt: 403ms | tok/sec: 1,300,577 | mfu: 31.4% | epoch: 1 | remaining: 151s    
step 00441 (49.6%) | loss: 3.082919 | lrm: 1.00 | dt: 317ms | tok/sec: 1,653,535 | mfu: 40.0% | epoch: 1 | remaining: 151s    
step 00442 (49.7%) | loss: 3.084184 | lrm: 1.00 | dt: 322ms | tok/sec: 1,628,380 | mfu: 39.3% | epoch: 1 | remaining: 150s    
step 00443 (49.8%) | loss: 3.078019 | lrm: 1.00 | dt: 345ms | tok/sec: 1,518,010 | mfu: 36.7% | epoch: 1 | remaining: 150s    
step 00444 (50.0%) | loss: 3.081515 | lrm: 1.00 | dt: 346ms | tok/sec: 1,517,215 | mfu: 36.7% | epoch: 1 | remaining: 150s    
step 00445 (50.1%) | loss: 3.081858 | lrm: 1.00 | dt: 323ms | tok/sec: 1,624,078 | mfu: 39.2% | epoch: 1 | remaining: 149s    
step 00446 (50.2%) | loss: 3.079966 | lrm: 1.00 | dt: 346ms | tok/sec: 1,516,778 | mfu: 36.6% | epoch: 1 | remaining: 149s    
step 00447 (50.3%) | loss: 3.073201 | lrm: 0.99 | dt: 329ms | tok/sec: 1,592,095 | mfu: 38.5% | epoch: 1 | remaining: 149s    
step 00448 (50.4%) | loss: 3.072218 | lrm: 0.99 | dt: 326ms | tok/sec: 1,606,169 | mfu: 38.8% | epoch: 1 | remaining: 148s    
step 00449 (50.5%) | loss: 3.071861 | lrm: 0.99 | dt: 337ms | tok/sec: 1,554,698 | mfu: 37.6% | epoch: 1 | remaining: 148s    
step 00450 (50.6%) | loss: 3.070398 | lrm: 0.99 | dt: 382ms | tok/sec: 1,370,853 | mfu: 33.1% | epoch: 1 | remaining: 148s    
step 00451 (50.8%) | loss: 3.068383 | lrm: 0.98 | dt: 348ms | tok/sec: 1,505,392 | mfu: 36.4% | epoch: 1 | remaining: 147s    
step 00452 (50.9%) | loss: 3.063457 | lrm: 0.98 | dt: 321ms | tok/sec: 1,633,669 | mfu: 39.5% | epoch: 1 | remaining: 147s    
step 00453 (51.0%) | loss: 3.065631 | lrm: 0.98 | dt: 340ms | tok/sec: 1,542,651 | mfu: 37.3% | epoch: 1 | remaining: 147s    
step 00454 (51.1%) | loss: 3.061071 | lrm: 0.98 | dt: 334ms | tok/sec: 1,568,882 | mfu: 37.9% | epoch: 1 | remaining: 146s    
step 00455 (51.2%) | loss: 3.062572 | lrm: 0.98 | dt: 333ms | tok/sec: 1,573,072 | mfu: 38.0% | epoch: 1 | remaining: 146s    
step 00456 (51.3%) | loss: 3.063269 | lrm: 0.97 | dt: 422ms | tok/sec: 1,243,355 | mfu: 30.0% | epoch: 1 | remaining: 146s    
step 00457 (51.5%) | loss: 3.062848 | lrm: 0.97 | dt: 399ms | tok/sec: 1,315,028 | mfu: 31.8% | epoch: 1 | remaining: 145s    
step 00458 (51.6%) | loss: 3.061489 | lrm: 0.97 | dt: 368ms | tok/sec: 1,424,596 | mfu: 34.4% | epoch: 1 | remaining: 145s    
step 00459 (51.7%) | loss: 3.060856 | lrm: 0.97 | dt: 331ms | tok/sec: 1,583,984 | mfu: 38.3% | epoch: 1 | remaining: 145s    
step 00460 (51.8%) | loss: 3.058306 | lrm: 0.96 | dt: 332ms | tok/sec: 1,579,312 | mfu: 38.2% | epoch: 1 | remaining: 144s    
step 00461 (51.9%) | loss: 3.056537 | lrm: 0.96 | dt: 346ms | tok/sec: 1,514,439 | mfu: 36.6% | epoch: 1 | remaining: 144s    
step 00462 (52.0%) | loss: 3.055238 | lrm: 0.96 | dt: 329ms | tok/sec: 1,592,396 | mfu: 38.5% | epoch: 1 | remaining: 144s    
step 00463 (52.2%) | loss: 3.053353 | lrm: 0.96 | dt: 335ms | tok/sec: 1,564,956 | mfu: 37.8% | epoch: 1 | remaining: 143s    
step 00464 (52.3%) | loss: 3.056652 | lrm: 0.95 | dt: 449ms | tok/sec: 1,168,244 | mfu: 28.2% | epoch: 1 | remaining: 143s    
step 00465 (52.4%) | loss: 3.052219 | lrm: 0.95 | dt: 354ms | tok/sec: 1,479,503 | mfu: 35.7% | epoch: 1 | remaining: 142s    
step 00466 (52.5%) | loss: 3.052017 | lrm: 0.95 | dt: 321ms | tok/sec: 1,634,519 | mfu: 39.5% | epoch: 1 | remaining: 142s    
step 00467 (52.6%) | loss: 3.048151 | lrm: 0.95 | dt: 338ms | tok/sec: 1,551,214 | mfu: 37.5% | epoch: 1 | remaining: 142s    
step 00468 (52.8%) | loss: 3.048668 | lrm: 0.94 | dt: 329ms | tok/sec: 1,592,867 | mfu: 38.5% | epoch: 1 | remaining: 141s    
step 00469 (52.9%) | loss: 3.044058 | lrm: 0.94 | dt: 333ms | tok/sec: 1,575,757 | mfu: 38.1% | epoch: 1 | remaining: 141s    
step 00470 (53.0%) | loss: 3.035981 | lrm: 0.94 | dt: 334ms | tok/sec: 1,570,166 | mfu: 37.9% | epoch: 1 | remaining: 141s    
step 00471 (53.1%) | loss: 3.034188 | lrm: 0.94 | dt: 333ms | tok/sec: 1,576,182 | mfu: 38.1% | epoch: 1 | remaining: 140s    
step 00472 (53.2%) | loss: 3.035095 | lrm: 0.94 | dt: 341ms | tok/sec: 1,538,969 | mfu: 37.2% | epoch: 1 | remaining: 140s    
step 00473 (53.3%) | loss: 3.037188 | lrm: 0.93 | dt: 335ms | tok/sec: 1,564,434 | mfu: 37.8% | epoch: 1 | remaining: 140s    
step 00474 (53.4%) | loss: 3.038179 | lrm: 0.93 | dt: 333ms | tok/sec: 1,575,861 | mfu: 38.1% | epoch: 1 | remaining: 139s    
step 00475 (53.5%) | loss: 3.039820 | lrm: 0.93 | dt: 342ms | tok/sec: 1,531,050 | mfu: 37.0% | epoch: 1 | remaining: 139s    
step 00476 (53.6%) | loss: 3.045944 | lrm: 0.93 | dt: 345ms | tok/sec: 1,518,310 | mfu: 36.7% | epoch: 1 | remaining: 139s    
step 00477 (53.8%) | loss: 3.040843 | lrm: 0.92 | dt: 326ms | tok/sec: 1,608,066 | mfu: 38.9% | epoch: 1 | remaining: 138s    
step 00478 (53.9%) | loss: 3.040908 | lrm: 0.92 | dt: 351ms | tok/sec: 1,492,425 | mfu: 36.1% | epoch: 1 | remaining: 138s    
step 00479 (54.0%) | loss: 3.037228 | lrm: 0.92 | dt: 398ms | tok/sec: 1,318,756 | mfu: 31.9% | epoch: 1 | remaining: 138s    
step 00480 (54.1%) | loss: 3.036636 | lrm: 0.92 | dt: 348ms | tok/sec: 1,508,699 | mfu: 36.5% | epoch: 1 | remaining: 137s    
step 00481 (54.2%) | loss: 3.037403 | lrm: 0.92 | dt: 337ms | tok/sec: 1,553,968 | mfu: 37.5% | epoch: 1 | remaining: 137s    
step 00482 (54.3%) | loss: 3.036161 | lrm: 0.91 | dt: 359ms | tok/sec: 1,461,401 | mfu: 35.3% | epoch: 1 | remaining: 137s    
step 00483 (54.5%) | loss: 3.037342 | lrm: 0.91 | dt: 320ms | tok/sec: 1,639,581 | mfu: 39.6% | epoch: 1 | remaining: 136s    
step 00484 (54.6%) | loss: 3.035509 | lrm: 0.91 | dt: 326ms | tok/sec: 1,606,983 | mfu: 38.8% | epoch: 1 | remaining: 136s    
step 00485 (54.7%) | loss: 3.032105 | lrm: 0.91 | dt: 341ms | tok/sec: 1,536,465 | mfu: 37.1% | epoch: 1 | remaining: 136s    
step 00486 (54.8%) | loss: 3.029547 | lrm: 0.90 | dt: 334ms | tok/sec: 1,571,586 | mfu: 38.0% | epoch: 1 | remaining: 135s    
step 00487 (54.9%) | loss: 3.026649 | lrm: 0.90 | dt: 339ms | tok/sec: 1,544,511 | mfu: 37.3% | epoch: 1 | remaining: 135s    
step 00488 (55.0%) | loss: 3.025821 | lrm: 0.90 | dt: 346ms | tok/sec: 1,515,281 | mfu: 36.6% | epoch: 1 | remaining: 135s    
step 00489 (55.1%) | loss: 3.023917 | lrm: 0.90 | dt: 326ms | tok/sec: 1,606,530 | mfu: 38.8% | epoch: 1 | remaining: 134s    
step 00490 (55.2%) | loss: 3.024454 | lrm: 0.90 | dt: 330ms | tok/sec: 1,590,573 | mfu: 38.4% | epoch: 1 | remaining: 134s    
step 00491 (55.4%) | loss: 3.021879 | lrm: 0.89 | dt: 334ms | tok/sec: 1,569,317 | mfu: 37.9% | epoch: 1 | remaining: 134s    
step 00492 (55.5%) | loss: 3.028137 | lrm: 0.89 | dt: 336ms | tok/sec: 1,562,243 | mfu: 37.7% | epoch: 1 | remaining: 133s    
step 00493 (55.6%) | loss: 3.032477 | lrm: 0.89 | dt: 339ms | tok/sec: 1,547,896 | mfu: 37.4% | epoch: 1 | remaining: 133s    
step 00494 (55.7%) | loss: 3.034049 | lrm: 0.89 | dt: 333ms | tok/sec: 1,574,558 | mfu: 38.0% | epoch: 1 | remaining: 133s    
step 00495 (55.8%) | loss: 3.032224 | lrm: 0.88 | dt: 354ms | tok/sec: 1,481,227 | mfu: 35.8% | epoch: 1 | remaining: 132s    
step 00496 (55.9%) | loss: 3.030645 | lrm: 0.88 | dt: 322ms | tok/sec: 1,626,477 | mfu: 39.3% | epoch: 1 | remaining: 132s    
step 00497 (56.0%) | loss: 3.030000 | lrm: 0.88 | dt: 345ms | tok/sec: 1,518,892 | mfu: 36.7% | epoch: 1 | remaining: 132s    
step 00498 (56.1%) | loss: 3.028057 | lrm: 0.88 | dt: 337ms | tok/sec: 1,555,746 | mfu: 37.6% | epoch: 1 | remaining: 131s    
step 00499 (56.3%) | loss: 3.030563 | lrm: 0.87 | dt: 335ms | tok/sec: 1,565,018 | mfu: 37.8% | epoch: 1 | remaining: 131s    
step 00500 (56.4%) | loss: 3.035545 | lrm: 0.87 | dt: 360ms | tok/sec: 1,454,806 | mfu: 35.2% | epoch: 1 | remaining: 131s    
step 00501 (56.5%) | loss: 3.029705 | lrm: 0.87 | dt: 323ms | tok/sec: 1,624,996 | mfu: 39.3% | epoch: 1 | remaining: 130s    
step 00502 (56.6%) | loss: 3.026673 | lrm: 0.87 | dt: 331ms | tok/sec: 1,583,707 | mfu: 38.3% | epoch: 1 | remaining: 130s    
step 00503 (56.7%) | loss: 3.027957 | lrm: 0.87 | dt: 346ms | tok/sec: 1,515,653 | mfu: 36.6% | epoch: 1 | remaining: 130s    
step 00504 (56.8%) | loss: 3.025054 | lrm: 0.86 | dt: 326ms | tok/sec: 1,608,271 | mfu: 38.9% | epoch: 1 | remaining: 129s    
step 00505 (56.9%) | loss: 3.021985 | lrm: 0.86 | dt: 332ms | tok/sec: 1,579,275 | mfu: 38.2% | epoch: 1 | remaining: 129s    
step 00506 (57.0%) | loss: 3.020538 | lrm: 0.86 | dt: 360ms | tok/sec: 1,455,801 | mfu: 35.2% | epoch: 1 | remaining: 129s    
step 00507 (57.2%) | loss: 3.023345 | lrm: 0.86 | dt: 325ms | tok/sec: 1,613,937 | mfu: 39.0% | epoch: 1 | remaining: 128s    
step 00508 (57.3%) | loss: 3.023423 | lrm: 0.85 | dt: 328ms | tok/sec: 1,599,129 | mfu: 38.6% | epoch: 1 | remaining: 128s    
step 00509 (57.4%) | loss: 3.018748 | lrm: 0.85 | dt: 338ms | tok/sec: 1,550,633 | mfu: 37.5% | epoch: 1 | remaining: 128s    
step 00510 (57.5%) | loss: 3.019014 | lrm: 0.85 | dt: 329ms | tok/sec: 1,594,168 | mfu: 38.5% | epoch: 1 | remaining: 127s    
step 00511 (57.6%) | loss: 3.013859 | lrm: 0.85 | dt: 362ms | tok/sec: 1,450,086 | mfu: 35.0% | epoch: 1 | remaining: 127s    
step 00512 (57.7%) | loss: 3.016707 | lrm: 0.85 | dt: 327ms | tok/sec: 1,603,001 | mfu: 38.7% | epoch: 1 | remaining: 127s    
step 00513 (57.8%) | loss: 3.011701 | lrm: 0.84 | dt: 338ms | tok/sec: 1,553,386 | mfu: 37.5% | epoch: 1 | remaining: 126s    
step 00514 (57.9%) | loss: 3.008121 | lrm: 0.84 | dt: 337ms | tok/sec: 1,557,857 | mfu: 37.6% | epoch: 1 | remaining: 126s    
step 00515 (58.1%) | loss: 3.007956 | lrm: 0.84 | dt: 365ms | tok/sec: 1,436,106 | mfu: 34.7% | epoch: 1 | remaining: 125s    
step 00516 (58.2%) | loss: 3.010757 | lrm: 0.84 | dt: 319ms | tok/sec: 1,642,184 | mfu: 39.7% | epoch: 1 | remaining: 125s    
step 00517 (58.3%) | loss: 3.014264 | lrm: 0.83 | dt: 334ms | tok/sec: 1,568,778 | mfu: 37.9% | epoch: 1 | remaining: 125s    
step 00518 (58.4%) | loss: 3.013752 | lrm: 0.83 | dt: 336ms | tok/sec: 1,559,658 | mfu: 37.7% | epoch: 1 | remaining: 124s    
step 00519 (58.5%) | loss: 3.011068 | lrm: 0.83 | dt: 362ms | tok/sec: 1,447,441 | mfu: 35.0% | epoch: 1 | remaining: 124s    
step 00520 (58.6%) | loss: 3.011542 | lrm: 0.83 | dt: 338ms | tok/sec: 1,550,308 | mfu: 37.5% | epoch: 1 | remaining: 124s    
step 00521 (58.7%) | loss: 3.010129 | lrm: 0.83 | dt: 324ms | tok/sec: 1,620,067 | mfu: 39.1% | epoch: 1 | remaining: 123s    
step 00522 (58.8%) | loss: 3.009014 | lrm: 0.82 | dt: 348ms | tok/sec: 1,508,394 | mfu: 36.4% | epoch: 1 | remaining: 123s    
step 00523 (59.0%) | loss: 3.009968 | lrm: 0.82 | dt: 327ms | tok/sec: 1,604,951 | mfu: 38.8% | epoch: 1 | remaining: 123s    
step 00524 (59.1%) | loss: 3.009118 | lrm: 0.82 | dt: 328ms | tok/sec: 1,599,182 | mfu: 38.6% | epoch: 1 | remaining: 122s    
step 00525 (59.2%) | loss: 3.007527 | lrm: 0.82 | dt: 338ms | tok/sec: 1,552,852 | mfu: 37.5% | epoch: 1 | remaining: 122s    
step 00526 (59.3%) | loss: 3.003751 | lrm: 0.81 | dt: 332ms | tok/sec: 1,579,635 | mfu: 38.2% | epoch: 1 | remaining: 122s    
step 00527 (59.4%) | loss: 3.001090 | lrm: 0.81 | dt: 337ms | tok/sec: 1,557,907 | mfu: 37.6% | epoch: 1 | remaining: 121s    
step 00528 (59.5%) | loss: 2.998296 | lrm: 0.81 | dt: 365ms | tok/sec: 1,435,106 | mfu: 34.7% | epoch: 1 | remaining: 121s    
step 00529 (59.6%) | loss: 2.997471 | lrm: 0.81 | dt: 332ms | tok/sec: 1,578,339 | mfu: 38.1% | epoch: 1 | remaining: 121s    
step 00530 (59.7%) | loss: 2.996697 | lrm: 0.81 | dt: 326ms | tok/sec: 1,608,783 | mfu: 38.9% | epoch: 1 | remaining: 120s    
step 00531 (59.9%) | loss: 2.991297 | lrm: 0.80 | dt: 337ms | tok/sec: 1,556,064 | mfu: 37.6% | epoch: 1 | remaining: 120s    
step 00532 (60.0%) | loss: 2.986908 | lrm: 0.80 | dt: 330ms | tok/sec: 1,590,235 | mfu: 38.4% | epoch: 1 | remaining: 120s    
step 00533 (60.1%) | loss: 2.990151 | lrm: 0.80 | dt: 339ms | tok/sec: 1,544,751 | mfu: 37.3% | epoch: 1 | remaining: 119s    
step 00534 (60.2%) | loss: 2.985812 | lrm: 0.80 | dt: 337ms | tok/sec: 1,557,578 | mfu: 37.6% | epoch: 1 | remaining: 119s    
step 00535 (60.3%) | loss: 2.984651 | lrm: 0.79 | dt: 325ms | tok/sec: 1,614,100 | mfu: 39.0% | epoch: 1 | remaining: 119s    
step 00536 (60.4%) | loss: 2.979242 | lrm: 0.79 | dt: 334ms | tok/sec: 1,570,634 | mfu: 37.9% | epoch: 1 | remaining: 118s    
step 00537 (60.5%) | loss: 2.977987 | lrm: 0.79 | dt: 331ms | tok/sec: 1,582,706 | mfu: 38.2% | epoch: 1 | remaining: 118s    
step 00538 (60.6%) | loss: 2.983135 | lrm: 0.79 | dt: 330ms | tok/sec: 1,586,781 | mfu: 38.3% | epoch: 1 | remaining: 118s    
step 00539 (60.7%) | loss: 2.978724 | lrm: 0.79 | dt: 344ms | tok/sec: 1,524,235 | mfu: 36.8% | epoch: 1 | remaining: 117s    
step 00540 (60.9%) | loss: 2.979848 | lrm: 0.78 | dt: 328ms | tok/sec: 1,599,950 | mfu: 38.7% | epoch: 1 | remaining: 117s    
step 00541 (61.0%) | loss: 2.978979 | lrm: 0.78 | dt: 330ms | tok/sec: 1,590,928 | mfu: 38.4% | epoch: 1 | remaining: 117s    
step 00542 (61.1%) | loss: 2.976552 | lrm: 0.78 | dt: 402ms | tok/sec: 1,302,987 | mfu: 31.5% | epoch: 1 | remaining: 116s    
step 00543 (61.2%) | loss: 2.972599 | lrm: 0.78 | dt: 433ms | tok/sec: 1,211,963 | mfu: 29.3% | epoch: 1 | remaining: 116s    
step 00544 (61.4%) | loss: 2.971719 | lrm: 0.77 | dt: 325ms | tok/sec: 1,610,808 | mfu: 38.9% | epoch: 1 | remaining: 116s    
step 00545 (61.5%) | loss: 2.970847 | lrm: 0.77 | dt: 322ms | tok/sec: 1,630,711 | mfu: 39.4% | epoch: 1 | remaining: 115s    
step 00546 (61.6%) | loss: 2.971811 | lrm: 0.77 | dt: 344ms | tok/sec: 1,524,821 | mfu: 36.8% | epoch: 1 | remaining: 115s    
step 00547 (61.7%) | loss: 2.975079 | lrm: 0.77 | dt: 329ms | tok/sec: 1,594,507 | mfu: 38.5% | epoch: 1 | remaining: 115s    
step 00548 (61.8%) | loss: 2.977012 | lrm: 0.76 | dt: 365ms | tok/sec: 1,437,087 | mfu: 34.7% | epoch: 1 | remaining: 114s    
step 00549 (61.9%) | loss: 2.969422 | lrm: 0.76 | dt: 360ms | tok/sec: 1,457,380 | mfu: 35.2% | epoch: 1 | remaining: 114s    
step 00550 (62.0%) | loss: 2.969210 | lrm: 0.76 | dt: 320ms | tok/sec: 1,637,165 | mfu: 39.6% | epoch: 1 | remaining: 114s    
step 00551 (62.1%) | loss: 2.967093 | lrm: 0.76 | dt: 329ms | tok/sec: 1,593,684 | mfu: 38.5% | epoch: 1 | remaining: 113s    
step 00552 (62.3%) | loss: 2.963642 | lrm: 0.75 | dt: 452ms | tok/sec: 1,159,077 | mfu: 28.0% | epoch: 1 | remaining: 113s    
step 00553 (62.4%) | loss: 2.966645 | lrm: 0.75 | dt: 321ms | tok/sec: 1,635,720 | mfu: 39.5% | epoch: 1 | remaining: 112s    
step 00554 (62.5%) | loss: 2.972000 | lrm: 0.75 | dt: 377ms | tok/sec: 1,391,050 | mfu: 33.6% | epoch: 1 | remaining: 112s    
step 00555 (62.6%) | loss: 2.970698 | lrm: 0.75 | dt: 329ms | tok/sec: 1,594,688 | mfu: 38.5% | epoch: 1 | remaining: 112s    
step 00556 (62.7%) | loss: 2.970791 | lrm: 0.75 | dt: 396ms | tok/sec: 1,322,643 | mfu: 32.0% | epoch: 1 | remaining: 111s    
step 00557 (62.9%) | loss: 2.966636 | lrm: 0.74 | dt: 344ms | tok/sec: 1,523,049 | mfu: 36.8% | epoch: 1 | remaining: 111s    
step 00558 (63.0%) | loss: 2.963854 | lrm: 0.74 | dt: 320ms | tok/sec: 1,636,003 | mfu: 39.5% | epoch: 1 | remaining: 111s    
step 00559 (63.1%) | loss: 2.966838 | lrm: 0.74 | dt: 417ms | tok/sec: 1,256,558 | mfu: 30.4% | epoch: 1 | remaining: 110s    
step 00560 (63.2%) | loss: 2.963134 | lrm: 0.74 | dt: 319ms | tok/sec: 1,641,585 | mfu: 39.7% | epoch: 1 | remaining: 110s    
step 00561 (63.3%) | loss: 2.968184 | lrm: 0.73 | dt: 334ms | tok/sec: 1,567,868 | mfu: 37.9% | epoch: 1 | remaining: 110s    
step 00562 (63.5%) | loss: 2.965627 | lrm: 0.73 | dt: 341ms | tok/sec: 1,539,651 | mfu: 37.2% | epoch: 1 | remaining: 109s    
step 00563 (63.6%) | loss: 2.965921 | lrm: 0.73 | dt: 326ms | tok/sec: 1,607,548 | mfu: 38.8% | epoch: 1 | remaining: 109s    
step 00564 (63.7%) | loss: 2.971525 | lrm: 0.73 | dt: 322ms | tok/sec: 1,627,654 | mfu: 39.3% | epoch: 1 | remaining: 109s    
step 00565 (63.8%) | loss: 2.970743 | lrm: 0.72 | dt: 340ms | tok/sec: 1,543,300 | mfu: 37.3% | epoch: 1 | remaining: 108s    
step 00566 (63.9%) | loss: 2.972036 | lrm: 0.72 | dt: 346ms | tok/sec: 1,517,007 | mfu: 36.7% | epoch: 1 | remaining: 108s    
step 00567 (64.0%) | loss: 2.969114 | lrm: 0.72 | dt: 329ms | tok/sec: 1,591,350 | mfu: 38.4% | epoch: 1 | remaining: 108s    
step 00568 (64.1%) | loss: 2.970479 | lrm: 0.72 | dt: 335ms | tok/sec: 1,567,180 | mfu: 37.9% | epoch: 1 | remaining: 107s    
step 00569 (64.2%) | loss: 2.970644 | lrm: 0.72 | dt: 333ms | tok/sec: 1,573,610 | mfu: 38.0% | epoch: 1 | remaining: 107s    
step 00570 (64.3%) | loss: 2.970298 | lrm: 0.71 | dt: 328ms | tok/sec: 1,599,296 | mfu: 38.6% | epoch: 1 | remaining: 107s    
step 00571 (64.5%) | loss: 2.964130 | lrm: 0.71 | dt: 336ms | tok/sec: 1,561,790 | mfu: 37.7% | epoch: 1 | remaining: 106s    
step 00572 (64.6%) | loss: 2.959693 | lrm: 0.71 | dt: 334ms | tok/sec: 1,571,472 | mfu: 38.0% | epoch: 1 | remaining: 106s    
step 00573 (64.7%) | loss: 2.968115 | lrm: 0.71 | dt: 339ms | tok/sec: 1,548,732 | mfu: 37.4% | epoch: 1 | remaining: 106s    
step 00574 (64.8%) | loss: 2.970545 | lrm: 0.70 | dt: 351ms | tok/sec: 1,493,572 | mfu: 36.1% | epoch: 1 | remaining: 105s    
step 00575 (64.9%) | loss: 2.965867 | lrm: 0.70 | dt: 328ms | tok/sec: 1,597,883 | mfu: 38.6% | epoch: 1 | remaining: 105s    
step 00576 (65.0%) | loss: 2.967046 | lrm: 0.70 | dt: 329ms | tok/sec: 1,595,663 | mfu: 38.6% | epoch: 1 | remaining: 105s    
step 00577 (65.1%) | loss: 2.966188 | lrm: 0.70 | dt: 336ms | tok/sec: 1,558,109 | mfu: 37.6% | epoch: 1 | remaining: 104s    
step 00578 (65.2%) | loss: 2.959827 | lrm: 0.70 | dt: 332ms | tok/sec: 1,580,187 | mfu: 38.2% | epoch: 1 | remaining: 104s    
step 00579 (65.4%) | loss: 2.960690 | lrm: 0.69 | dt: 365ms | tok/sec: 1,436,338 | mfu: 34.7% | epoch: 1 | remaining: 104s    
step 00580 (65.5%) | loss: 2.960489 | lrm: 0.69 | dt: 338ms | tok/sec: 1,551,417 | mfu: 37.5% | epoch: 1 | remaining: 103s    
step 00581 (65.6%) | loss: 2.958250 | lrm: 0.69 | dt: 329ms | tok/sec: 1,592,221 | mfu: 38.5% | epoch: 1 | remaining: 103s    
step 00582 (65.7%) | loss: 2.958322 | lrm: 0.69 | dt: 346ms | tok/sec: 1,513,759 | mfu: 36.6% | epoch: 1 | remaining: 103s    
step 00583 (65.8%) | loss: 2.954046 | lrm: 0.68 | dt: 387ms | tok/sec: 1,356,302 | mfu: 32.8% | epoch: 1 | remaining: 102s    
step 00584 (65.9%) | loss: 2.953392 | lrm: 0.68 | dt: 380ms | tok/sec: 1,379,159 | mfu: 33.3% | epoch: 1 | remaining: 102s    
step 00585 (66.1%) | loss: 2.954213 | lrm: 0.68 | dt: 330ms | tok/sec: 1,588,534 | mfu: 38.4% | epoch: 1 | remaining: 101s    
step 00586 (66.2%) | loss: 2.952740 | lrm: 0.68 | dt: 324ms | tok/sec: 1,617,630 | mfu: 39.1% | epoch: 1 | remaining: 101s    
step 00587 (66.3%) | loss: 2.952251 | lrm: 0.67 | dt: 341ms | tok/sec: 1,535,950 | mfu: 37.1% | epoch: 1 | remaining: 101s    
step 00588 (66.4%) | loss: 2.946280 | lrm: 0.67 | dt: 333ms | tok/sec: 1,574,910 | mfu: 38.1% | epoch: 1 | remaining: 100s    
step 00589 (66.5%) | loss: 2.950639 | lrm: 0.67 | dt: 332ms | tok/sec: 1,577,221 | mfu: 38.1% | epoch: 1 | remaining: 100s    
step 00590 (66.6%) | loss: 2.952647 | lrm: 0.67 | dt: 347ms | tok/sec: 1,511,673 | mfu: 36.5% | epoch: 1 | remaining: 100s    
step 00591 (66.7%) | loss: 2.954368 | lrm: 0.67 | dt: 330ms | tok/sec: 1,589,303 | mfu: 38.4% | epoch: 1 | remaining: 99s    
step 00592 (66.8%) | loss: 2.949447 | lrm: 0.66 | dt: 330ms | tok/sec: 1,589,913 | mfu: 38.4% | epoch: 1 | remaining: 99s    
step 00593 (67.0%) | loss: 2.952587 | lrm: 0.66 | dt: 334ms | tok/sec: 1,568,937 | mfu: 37.9% | epoch: 1 | remaining: 99s    
step 00594 (67.1%) | loss: 2.953510 | lrm: 0.66 | dt: 328ms | tok/sec: 1,596,567 | mfu: 38.6% | epoch: 1 | remaining: 98s    
step 00595 (67.2%) | loss: 2.951836 | lrm: 0.66 | dt: 364ms | tok/sec: 1,438,594 | mfu: 34.8% | epoch: 1 | remaining: 98s    
step 00596 (67.3%) | loss: 2.956771 | lrm: 0.65 | dt: 335ms | tok/sec: 1,563,177 | mfu: 37.8% | epoch: 1 | remaining: 98s    
step 00597 (67.4%) | loss: 2.949454 | lrm: 0.65 | dt: 352ms | tok/sec: 1,487,940 | mfu: 36.0% | epoch: 1 | remaining: 97s    
step 00598 (67.5%) | loss: 2.945797 | lrm: 0.65 | dt: 326ms | tok/sec: 1,610,306 | mfu: 38.9% | epoch: 1 | remaining: 97s    
step 00599 (67.6%) | loss: 2.941051 | lrm: 0.65 | dt: 335ms | tok/sec: 1,564,454 | mfu: 37.8% | epoch: 1 | remaining: 97s    
step 00600 (67.7%) | loss: 2.940634 | lrm: 0.65 | dt: 430ms | tok/sec: 1,220,008 | mfu: 29.5% | epoch: 1 | remaining: 96s    
step 00601 (67.9%) | loss: 2.936180 | lrm: 0.64 | dt: 330ms | tok/sec: 1,587,444 | mfu: 38.4% | epoch: 1 | remaining: 96s    
step 00602 (68.0%) | loss: 2.934332 | lrm: 0.64 | dt: 325ms | tok/sec: 1,614,134 | mfu: 39.0% | epoch: 1 | remaining: 96s    
step 00603 (68.1%) | loss: 2.933463 | lrm: 0.64 | dt: 344ms | tok/sec: 1,522,949 | mfu: 36.8% | epoch: 1 | remaining: 95s    
step 00604 (68.2%) | loss: 2.936211 | lrm: 0.64 | dt: 343ms | tok/sec: 1,526,497 | mfu: 36.9% | epoch: 1 | remaining: 95s    
step 00605 (68.3%) | loss: 2.932478 | lrm: 0.63 | dt: 324ms | tok/sec: 1,616,234 | mfu: 39.1% | epoch: 1 | remaining: 95s    
step 00606 (68.4%) | loss: 2.936423 | lrm: 0.63 | dt: 347ms | tok/sec: 1,510,137 | mfu: 36.5% | epoch: 1 | remaining: 94s    
step 00607 (68.6%) | loss: 2.938531 | lrm: 0.63 | dt: 332ms | tok/sec: 1,580,808 | mfu: 38.2% | epoch: 1 | remaining: 94s    
step 00608 (68.7%) | loss: 2.935958 | lrm: 0.63 | dt: 328ms | tok/sec: 1,600,624 | mfu: 38.7% | epoch: 1 | remaining: 94s    
step 00609 (68.8%) | loss: 2.929752 | lrm: 0.62 | dt: 376ms | tok/sec: 1,393,007 | mfu: 33.7% | epoch: 1 | remaining: 93s    
step 00610 (68.9%) | loss: 2.932155 | lrm: 0.62 | dt: 323ms | tok/sec: 1,623,097 | mfu: 39.2% | epoch: 1 | remaining: 93s    
step 00611 (69.0%) | loss: 2.934197 | lrm: 0.62 | dt: 326ms | tok/sec: 1,607,138 | mfu: 38.8% | epoch: 1 | remaining: 93s    
step 00612 (69.1%) | loss: 2.931907 | lrm: 0.62 | dt: 342ms | tok/sec: 1,535,149 | mfu: 37.1% | epoch: 1 | remaining: 92s    
step 00613 (69.2%) | loss: 2.931138 | lrm: 0.62 | dt: 330ms | tok/sec: 1,587,939 | mfu: 38.4% | epoch: 1 | remaining: 92s    
step 00614 (69.3%) | loss: 2.925933 | lrm: 0.61 | dt: 329ms | tok/sec: 1,594,175 | mfu: 38.5% | epoch: 1 | remaining: 92s    
step 00615 (69.5%) | loss: 2.924467 | lrm: 0.61 | dt: 342ms | tok/sec: 1,534,685 | mfu: 37.1% | epoch: 1 | remaining: 91s    
step 00616 (69.6%) | loss: 2.923323 | lrm: 0.61 | dt: 419ms | tok/sec: 1,251,963 | mfu: 30.2% | epoch: 1 | remaining: 91s    
step 00617 (69.7%) | loss: 2.922685 | lrm: 0.61 | dt: 397ms | tok/sec: 1,321,154 | mfu: 31.9% | epoch: 1 | remaining: 90s    
step 00618 (69.8%) | loss: 2.927628 | lrm: 0.60 | dt: 376ms | tok/sec: 1,393,022 | mfu: 33.7% | epoch: 1 | remaining: 90s    
step 00619 (70.0%) | loss: 2.924817 | lrm: 0.60 | dt: 350ms | tok/sec: 1,499,731 | mfu: 36.2% | epoch: 1 | remaining: 90s    
step 00620 (70.1%) | loss: 2.923721 | lrm: 0.60 | dt: 350ms | tok/sec: 1,498,030 | mfu: 36.2% | epoch: 1 | remaining: 89s    
step 00621 (70.2%) | loss: 2.925359 | lrm: 0.60 | dt: 330ms | tok/sec: 1,588,026 | mfu: 38.4% | epoch: 1 | remaining: 89s    
step 00622 (70.3%) | loss: 2.929131 | lrm: 0.59 | dt: 331ms | tok/sec: 1,581,586 | mfu: 38.2% | epoch: 1 | remaining: 89s    
step 00623 (70.4%) | loss: 2.928833 | lrm: 0.59 | dt: 333ms | tok/sec: 1,574,761 | mfu: 38.0% | epoch: 1 | remaining: 88s    
step 00624 (70.5%) | loss: 2.926240 | lrm: 0.59 | dt: 331ms | tok/sec: 1,585,666 | mfu: 38.3% | epoch: 1 | remaining: 88s    
step 00625 (70.6%) | loss: 2.925166 | lrm: 0.59 | dt: 334ms | tok/sec: 1,571,215 | mfu: 38.0% | epoch: 1 | remaining: 88s    
step 00626 (70.8%) | loss: 2.930790 | lrm: 0.58 | dt: 327ms | tok/sec: 1,603,918 | mfu: 38.8% | epoch: 1 | remaining: 87s    
step 00627 (70.9%) | loss: 2.929641 | lrm: 0.58 | dt: 331ms | tok/sec: 1,584,702 | mfu: 38.3% | epoch: 1 | remaining: 87s    
step 00628 (71.0%) | loss: 2.929998 | lrm: 0.58 | dt: 334ms | tok/sec: 1,571,970 | mfu: 38.0% | epoch: 1 | remaining: 87s    
step 00629 (71.1%) | loss: 2.924612 | lrm: 0.58 | dt: 340ms | tok/sec: 1,541,436 | mfu: 37.2% | epoch: 1 | remaining: 86s    
step 00630 (71.2%) | loss: 2.929177 | lrm: 0.58 | dt: 330ms | tok/sec: 1,589,901 | mfu: 38.4% | epoch: 1 | remaining: 86s    
step 00631 (71.3%) | loss: 2.926259 | lrm: 0.57 | dt: 331ms | tok/sec: 1,585,583 | mfu: 38.3% | epoch: 1 | remaining: 86s    
step 00632 (71.4%) | loss: 2.923374 | lrm: 0.57 | dt: 336ms | tok/sec: 1,560,821 | mfu: 37.7% | epoch: 1 | remaining: 85s    
step 00633 (71.5%) | loss: 2.918713 | lrm: 0.57 | dt: 328ms | tok/sec: 1,600,810 | mfu: 38.7% | epoch: 1 | remaining: 85s    
step 00634 (71.6%) | loss: 2.918873 | lrm: 0.57 | dt: 332ms | tok/sec: 1,578,094 | mfu: 38.1% | epoch: 1 | remaining: 85s    
step 00635 (71.8%) | loss: 2.920936 | lrm: 0.56 | dt: 416ms | tok/sec: 1,261,597 | mfu: 30.5% | epoch: 1 | remaining: 84s    
step 00636 (71.9%) | loss: 2.921888 | lrm: 0.56 | dt: 411ms | tok/sec: 1,276,065 | mfu: 30.8% | epoch: 1 | remaining: 84s    
step 00637 (72.0%) | loss: 2.916232 | lrm: 0.56 | dt: 425ms | tok/sec: 1,234,111 | mfu: 29.8% | epoch: 1 | remaining: 83s    
step 00638 (72.2%) | loss: 2.919282 | lrm: 0.56 | dt: 335ms | tok/sec: 1,565,265 | mfu: 37.8% | epoch: 1 | remaining: 83s    
step 00639 (72.3%) | loss: 2.921500 | lrm: 0.55 | dt: 320ms | tok/sec: 1,638,466 | mfu: 39.6% | epoch: 1 | remaining: 83s    
step 00640 (72.4%) | loss: 2.920292 | lrm: 0.55 | dt: 341ms | tok/sec: 1,536,137 | mfu: 37.1% | epoch: 1 | remaining: 83s    
step 00641 (72.5%) | loss: 2.918479 | lrm: 0.55 | dt: 331ms | tok/sec: 1,584,394 | mfu: 38.3% | epoch: 1 | remaining: 82s    
step 00642 (72.6%) | loss: 2.917493 | lrm: 0.55 | dt: 324ms | tok/sec: 1,619,244 | mfu: 39.1% | epoch: 1 | remaining: 82s    
step 00643 (72.7%) | loss: 2.915254 | lrm: 0.55 | dt: 366ms | tok/sec: 1,433,446 | mfu: 34.6% | epoch: 1 | remaining: 81s    
step 00644 (72.8%) | loss: 2.908044 | lrm: 0.54 | dt: 328ms | tok/sec: 1,598,273 | mfu: 38.6% | epoch: 1 | remaining: 81s    
step 00645 (72.9%) | loss: 2.903184 | lrm: 0.54 | dt: 322ms | tok/sec: 1,630,572 | mfu: 39.4% | epoch: 1 | remaining: 81s    
step 00646 (73.1%) | loss: 2.904800 | lrm: 0.54 | dt: 339ms | tok/sec: 1,548,795 | mfu: 37.4% | epoch: 1 | remaining: 80s    
step 00647 (73.2%) | loss: 2.906534 | lrm: 0.54 | dt: 342ms | tok/sec: 1,530,803 | mfu: 37.0% | epoch: 1 | remaining: 80s    
step 00648 (73.3%) | loss: 2.907361 | lrm: 0.53 | dt: 337ms | tok/sec: 1,556,405 | mfu: 37.6% | epoch: 1 | remaining: 80s    
step 00649 (73.4%) | loss: 2.910736 | lrm: 0.53 | dt: 331ms | tok/sec: 1,585,972 | mfu: 38.3% | epoch: 1 | remaining: 79s    
step 00650 (73.5%) | loss: 2.907434 | lrm: 0.53 | dt: 395ms | tok/sec: 1,327,225 | mfu: 32.1% | epoch: 1 | remaining: 79s    
step 00651 (73.6%) | loss: 2.904877 | lrm: 0.53 | dt: 320ms | tok/sec: 1,636,175 | mfu: 39.5% | epoch: 1 | remaining: 79s    
step 00652 (73.7%) | loss: 2.905584 | lrm: 0.53 | dt: 328ms | tok/sec: 1,597,436 | mfu: 38.6% | epoch: 1 | remaining: 78s    
step 00653 (73.9%) | loss: 2.905357 | lrm: 0.52 | dt: 346ms | tok/sec: 1,513,201 | mfu: 36.6% | epoch: 1 | remaining: 78s    
step 00654 (74.0%) | loss: 2.904482 | lrm: 0.52 | dt: 321ms | tok/sec: 1,631,653 | mfu: 39.4% | epoch: 1 | remaining: 78s    
step 00655 (74.1%) | loss: 2.902085 | lrm: 0.52 | dt: 324ms | tok/sec: 1,618,858 | mfu: 39.1% | epoch: 1 | remaining: 77s    
step 00656 (74.2%) | loss: 2.897478 | lrm: 0.52 | dt: 342ms | tok/sec: 1,531,166 | mfu: 37.0% | epoch: 1 | remaining: 77s    
step 00657 (74.3%) | loss: 2.901167 | lrm: 0.51 | dt: 328ms | tok/sec: 1,597,273 | mfu: 38.6% | epoch: 1 | remaining: 77s    
step 00658 (74.4%) | loss: 2.902979 | lrm: 0.51 | dt: 325ms | tok/sec: 1,612,441 | mfu: 39.0% | epoch: 1 | remaining: 76s    
step 00659 (74.5%) | loss: 2.902314 | lrm: 0.51 | dt: 339ms | tok/sec: 1,548,786 | mfu: 37.4% | epoch: 1 | remaining: 76s    
step 00660 (74.6%) | loss: 2.900210 | lrm: 0.51 | dt: 349ms | tok/sec: 1,504,267 | mfu: 36.3% | epoch: 1 | remaining: 76s    
step 00661 (74.7%) | loss: 2.904499 | lrm: 0.51 | dt: 326ms | tok/sec: 1,605,903 | mfu: 38.8% | epoch: 1 | remaining: 75s    
step 00662 (74.9%) | loss: 2.906600 | lrm: 0.50 | dt: 332ms | tok/sec: 1,576,888 | mfu: 38.1% | epoch: 1 | remaining: 75s    
step 00663 (75.0%) | loss: 2.903258 | lrm: 0.50 | dt: 393ms | tok/sec: 1,333,162 | mfu: 32.2% | epoch: 1 | remaining: 75s    
step 00664 (75.1%) | loss: 2.900401 | lrm: 0.50 | dt: 340ms | tok/sec: 1,541,742 | mfu: 37.3% | epoch: 1 | remaining: 74s    
step 00665 (75.2%) | loss: 2.899576 | lrm: 0.50 | dt: 450ms | tok/sec: 1,164,050 | mfu: 28.1% | epoch: 1 | remaining: 74s    
step 00666 (75.4%) | loss: 2.895819 | lrm: 0.49 | dt: 352ms | tok/sec: 1,488,420 | mfu: 36.0% | epoch: 1 | remaining: 74s    
step 00667 (75.5%) | loss: 2.894193 | lrm: 0.49 | dt: 322ms | tok/sec: 1,629,591 | mfu: 39.4% | epoch: 1 | remaining: 73s    
step 00668 (75.6%) | loss: 2.893659 | lrm: 0.49 | dt: 352ms | tok/sec: 1,491,481 | mfu: 36.0% | epoch: 1 | remaining: 73s    
step 00669 (75.7%) | loss: 2.893040 | lrm: 0.49 | dt: 339ms | tok/sec: 1,545,874 | mfu: 37.4% | epoch: 1 | remaining: 73s    
step 00670 (75.8%) | loss: 2.898796 | lrm: 0.48 | dt: 345ms | tok/sec: 1,518,971 | mfu: 36.7% | epoch: 1 | remaining: 72s    
step 00671 (75.9%) | loss: 2.903454 | lrm: 0.48 | dt: 335ms | tok/sec: 1,567,359 | mfu: 37.9% | epoch: 1 | remaining: 72s    
step 00672 (76.0%) | loss: 2.899799 | lrm: 0.48 | dt: 334ms | tok/sec: 1,570,478 | mfu: 37.9% | epoch: 1 | remaining: 72s    
step 00673 (76.2%) | loss: 2.897102 | lrm: 0.48 | dt: 400ms | tok/sec: 1,309,853 | mfu: 31.6% | epoch: 1 | remaining: 71s    
step 00674 (76.3%) | loss: 2.893938 | lrm: 0.47 | dt: 348ms | tok/sec: 1,508,442 | mfu: 36.4% | epoch: 1 | remaining: 71s    
step 00675 (76.4%) | loss: 2.893230 | lrm: 0.47 | dt: 321ms | tok/sec: 1,633,225 | mfu: 39.5% | epoch: 1 | remaining: 70s    
step 00676 (76.5%) | loss: 2.895840 | lrm: 0.47 | dt: 368ms | tok/sec: 1,426,177 | mfu: 34.5% | epoch: 1 | remaining: 70s    
step 00677 (76.6%) | loss: 2.897327 | lrm: 0.47 | dt: 334ms | tok/sec: 1,571,105 | mfu: 38.0% | epoch: 1 | remaining: 70s    
step 00678 (76.7%) | loss: 2.901232 | lrm: 0.47 | dt: 353ms | tok/sec: 1,483,754 | mfu: 35.8% | epoch: 1 | remaining: 69s    
step 00679 (76.9%) | loss: 2.897220 | lrm: 0.46 | dt: 327ms | tok/sec: 1,605,528 | mfu: 38.8% | epoch: 1 | remaining: 69s    
step 00680 (77.0%) | loss: 2.894636 | lrm: 0.46 | dt: 377ms | tok/sec: 1,390,000 | mfu: 33.6% | epoch: 1 | remaining: 69s    
step 00681 (77.1%) | loss: 2.891809 | lrm: 0.46 | dt: 322ms | tok/sec: 1,629,690 | mfu: 39.4% | epoch: 1 | remaining: 68s    
step 00682 (77.2%) | loss: 2.890960 | lrm: 0.46 | dt: 329ms | tok/sec: 1,595,957 | mfu: 38.6% | epoch: 1 | remaining: 68s    
step 00683 (77.3%) | loss: 2.897995 | lrm: 0.45 | dt: 341ms | tok/sec: 1,539,517 | mfu: 37.2% | epoch: 1 | remaining: 68s    
step 00684 (77.4%) | loss: 2.894468 | lrm: 0.45 | dt: 327ms | tok/sec: 1,603,317 | mfu: 38.7% | epoch: 1 | remaining: 67s    
step 00685 (77.5%) | loss: 2.899103 | lrm: 0.45 | dt: 327ms | tok/sec: 1,604,310 | mfu: 38.8% | epoch: 1 | remaining: 67s    
step 00686 (77.6%) | loss: 2.898793 | lrm: 0.45 | dt: 338ms | tok/sec: 1,551,965 | mfu: 37.5% | epoch: 1 | remaining: 67s    
step 00687 (77.8%) | loss: 2.899961 | lrm: 0.44 | dt: 329ms | tok/sec: 1,595,455 | mfu: 38.5% | epoch: 1 | remaining: 66s    
step 00688 (77.9%) | loss: 2.899415 | lrm: 0.44 | dt: 331ms | tok/sec: 1,586,325 | mfu: 38.3% | epoch: 1 | remaining: 66s    
step 00689 (78.0%) | loss: 2.901149 | lrm: 0.44 | dt: 340ms | tok/sec: 1,542,914 | mfu: 37.3% | epoch: 1 | remaining: 66s    
step 00690 (78.1%) | loss: 2.897677 | lrm: 0.44 | dt: 365ms | tok/sec: 1,435,919 | mfu: 34.7% | epoch: 1 | remaining: 65s    
step 00691 (78.2%) | loss: 2.898543 | lrm: 0.44 | dt: 323ms | tok/sec: 1,624,010 | mfu: 39.2% | epoch: 1 | remaining: 65s    
step 00692 (78.3%) | loss: 2.897403 | lrm: 0.43 | dt: 334ms | tok/sec: 1,568,479 | mfu: 37.9% | epoch: 1 | remaining: 65s    
step 00693 (78.4%) | loss: 2.894925 | lrm: 0.43 | dt: 545ms | tok/sec: 962,502 | mfu: 23.3% | epoch: 1 | remaining: 64s    
step 00694 (78.6%) | loss: 2.898304 | lrm: 0.43 | dt: 320ms | tok/sec: 1,638,494 | mfu: 39.6% | epoch: 1 | remaining: 64s    
step 00695 (78.7%) | loss: 2.896731 | lrm: 0.43 | dt: 321ms | tok/sec: 1,632,548 | mfu: 39.4% | epoch: 1 | remaining: 64s    
step 00696 (78.8%) | loss: 2.894634 | lrm: 0.42 | dt: 349ms | tok/sec: 1,502,932 | mfu: 36.3% | epoch: 1 | remaining: 63s    
step 00697 (78.9%) | loss: 2.895076 | lrm: 0.42 | dt: 324ms | tok/sec: 1,617,245 | mfu: 39.1% | epoch: 1 | remaining: 63s    
step 00698 (79.0%) | loss: 2.894258 | lrm: 0.42 | dt: 396ms | tok/sec: 1,323,674 | mfu: 32.0% | epoch: 1 | remaining: 62s    
step 00699 (79.2%) | loss: 2.892749 | lrm: 0.42 | dt: 400ms | tok/sec: 1,311,085 | mfu: 31.7% | epoch: 1 | remaining: 62s    
step 00700 (79.3%) | loss: 2.891595 | lrm: 0.41 | dt: 341ms | tok/sec: 1,538,216 | mfu: 37.2% | epoch: 1 | remaining: 62s    
step 00701 (79.4%) | loss: 2.893206 | lrm: 0.41 | dt: 321ms | tok/sec: 1,631,608 | mfu: 39.4% | epoch: 1 | remaining: 61s    
step 00702 (79.5%) | loss: 2.891432 | lrm: 0.41 | dt: 339ms | tok/sec: 1,547,856 | mfu: 37.4% | epoch: 1 | remaining: 61s    
step 00703 (79.6%) | loss: 2.896266 | lrm: 0.41 | dt: 334ms | tok/sec: 1,568,717 | mfu: 37.9% | epoch: 1 | remaining: 61s    
step 00704 (79.8%) | loss: 2.892600 | lrm: 0.40 | dt: 325ms | tok/sec: 1,613,454 | mfu: 39.0% | epoch: 1 | remaining: 60s    
step 00705 (79.9%) | loss: 2.889206 | lrm: 0.40 | dt: 337ms | tok/sec: 1,556,278 | mfu: 37.6% | epoch: 1 | remaining: 60s    
step 00706 (80.0%) | loss: 2.886505 | lrm: 0.40 | dt: 328ms | tok/sec: 1,597,849 | mfu: 38.6% | epoch: 1 | remaining: 60s    
step 00707 (80.1%) | loss: 2.882057 | lrm: 0.40 | dt: 330ms | tok/sec: 1,587,355 | mfu: 38.4% | epoch: 1 | remaining: 59s    
step 00708 (80.2%) | loss: 2.882891 | lrm: 0.40 | dt: 362ms | tok/sec: 1,449,298 | mfu: 35.0% | epoch: 1 | remaining: 59s    
step 00709 (80.3%) | loss: 2.882899 | lrm: 0.39 | dt: 343ms | tok/sec: 1,527,981 | mfu: 36.9% | epoch: 1 | remaining: 59s    
step 00710 (80.4%) | loss: 2.879681 | lrm: 0.39 | dt: 324ms | tok/sec: 1,618,310 | mfu: 39.1% | epoch: 1 | remaining: 58s    
step 00711 (80.5%) | loss: 2.878293 | lrm: 0.39 | dt: 339ms | tok/sec: 1,547,978 | mfu: 37.4% | epoch: 1 | remaining: 58s    
step 00712 (80.7%) | loss: 2.880590 | lrm: 0.39 | dt: 369ms | tok/sec: 1,420,741 | mfu: 34.3% | epoch: 1 | remaining: 58s    
step 00713 (80.8%) | loss: 2.880234 | lrm: 0.38 | dt: 324ms | tok/sec: 1,617,514 | mfu: 39.1% | epoch: 1 | remaining: 57s    
step 00714 (80.9%) | loss: 2.878993 | lrm: 0.38 | dt: 343ms | tok/sec: 1,529,574 | mfu: 37.0% | epoch: 1 | remaining: 57s    
step 00715 (81.0%) | loss: 2.875886 | lrm: 0.38 | dt: 335ms | tok/sec: 1,563,440 | mfu: 37.8% | epoch: 1 | remaining: 57s    
step 00716 (81.1%) | loss: 2.872494 | lrm: 0.38 | dt: 321ms | tok/sec: 1,631,509 | mfu: 39.4% | epoch: 1 | remaining: 56s    
step 00717 (81.2%) | loss: 2.873641 | lrm: 0.38 | dt: 339ms | tok/sec: 1,545,881 | mfu: 37.4% | epoch: 1 | remaining: 56s    
step 00718 (81.3%) | loss: 2.868923 | lrm: 0.37 | dt: 338ms | tok/sec: 1,551,770 | mfu: 37.5% | epoch: 1 | remaining: 56s    
step 00719 (81.4%) | loss: 2.871116 | lrm: 0.37 | dt: 330ms | tok/sec: 1,586,444 | mfu: 38.3% | epoch: 1 | remaining: 55s    
step 00720 (81.6%) | loss: 2.870016 | lrm: 0.37 | dt: 334ms | tok/sec: 1,568,673 | mfu: 37.9% | epoch: 1 | remaining: 55s    
step 00721 (81.7%) | loss: 2.869131 | lrm: 0.37 | dt: 406ms | tok/sec: 1,291,695 | mfu: 31.2% | epoch: 1 | remaining: 55s    
step 00722 (81.8%) | loss: 2.868483 | lrm: 0.36 | dt: 337ms | tok/sec: 1,555,719 | mfu: 37.6% | epoch: 1 | remaining: 54s    
step 00723 (81.9%) | loss: 2.867215 | lrm: 0.36 | dt: 323ms | tok/sec: 1,625,367 | mfu: 39.3% | epoch: 1 | remaining: 54s    
step 00724 (82.0%) | loss: 2.863480 | lrm: 0.36 | dt: 351ms | tok/sec: 1,494,721 | mfu: 36.1% | epoch: 1 | remaining: 54s    
step 00725 (82.1%) | loss: 2.866498 | lrm: 0.36 | dt: 367ms | tok/sec: 1,428,869 | mfu: 34.5% | epoch: 1 | remaining: 53s    
step 00726 (82.3%) | loss: 2.866636 | lrm: 0.35 | dt: 372ms | tok/sec: 1,408,140 | mfu: 34.0% | epoch: 1 | remaining: 53s    
step 00727 (82.4%) | loss: 2.866805 | lrm: 0.35 | dt: 321ms | tok/sec: 1,634,909 | mfu: 39.5% | epoch: 1 | remaining: 53s    
step 00728 (82.5%) | loss: 2.866904 | lrm: 0.35 | dt: 329ms | tok/sec: 1,595,085 | mfu: 38.5% | epoch: 1 | remaining: 52s    
step 00729 (82.6%) | loss: 2.868225 | lrm: 0.35 | dt: 335ms | tok/sec: 1,567,133 | mfu: 37.9% | epoch: 1 | remaining: 52s    
step 00730 (82.7%) | loss: 2.865456 | lrm: 0.35 | dt: 329ms | tok/sec: 1,592,990 | mfu: 38.5% | epoch: 1 | remaining: 52s    
step 00731 (82.8%) | loss: 2.858923 | lrm: 0.34 | dt: 340ms | tok/sec: 1,541,629 | mfu: 37.2% | epoch: 1 | remaining: 51s    
step 00732 (82.9%) | loss: 2.860752 | lrm: 0.34 | dt: 340ms | tok/sec: 1,541,165 | mfu: 37.2% | epoch: 1 | remaining: 51s    
step 00733 (83.0%) | loss: 2.860500 | lrm: 0.34 | dt: 330ms | tok/sec: 1,587,049 | mfu: 38.3% | epoch: 1 | remaining: 51s    
step 00734 (83.2%) | loss: 2.860197 | lrm: 0.34 | dt: 330ms | tok/sec: 1,587,194 | mfu: 38.3% | epoch: 1 | remaining: 50s    
step 00735 (83.3%) | loss: 2.857570 | lrm: 0.33 | dt: 336ms | tok/sec: 1,558,625 | mfu: 37.7% | epoch: 1 | remaining: 50s    
step 00736 (83.4%) | loss: 2.859097 | lrm: 0.33 | dt: 332ms | tok/sec: 1,578,917 | mfu: 38.1% | epoch: 1 | remaining: 50s    
step 00737 (83.5%) | loss: 2.857623 | lrm: 0.33 | dt: 328ms | tok/sec: 1,599,550 | mfu: 38.6% | epoch: 1 | remaining: 49s    
step 00738 (83.6%) | loss: 2.857926 | lrm: 0.33 | dt: 334ms | tok/sec: 1,570,914 | mfu: 38.0% | epoch: 1 | remaining: 49s    
step 00739 (83.7%) | loss: 2.858588 | lrm: 0.33 | dt: 378ms | tok/sec: 1,388,006 | mfu: 33.5% | epoch: 1 | remaining: 48s    
step 00740 (83.8%) | loss: 2.861701 | lrm: 0.32 | dt: 334ms | tok/sec: 1,570,896 | mfu: 38.0% | epoch: 1 | remaining: 48s    
step 00741 (83.9%) | loss: 2.864464 | lrm: 0.32 | dt: 327ms | tok/sec: 1,602,617 | mfu: 38.7% | epoch: 1 | remaining: 48s    
step 00742 (84.1%) | loss: 2.859226 | lrm: 0.32 | dt: 369ms | tok/sec: 1,419,619 | mfu: 34.3% | epoch: 1 | remaining: 47s    
step 00743 (84.2%) | loss: 2.857454 | lrm: 0.32 | dt: 321ms | tok/sec: 1,632,584 | mfu: 39.4% | epoch: 1 | remaining: 47s    
step 00744 (84.3%) | loss: 2.855537 | lrm: 0.31 | dt: 331ms | tok/sec: 1,584,403 | mfu: 38.3% | epoch: 1 | remaining: 47s    
step 00745 (84.4%) | loss: 2.853490 | lrm: 0.31 | dt: 341ms | tok/sec: 1,538,135 | mfu: 37.2% | epoch: 1 | remaining: 46s    
step 00746 (84.5%) | loss: 2.850791 | lrm: 0.31 | dt: 327ms | tok/sec: 1,601,136 | mfu: 38.7% | epoch: 1 | remaining: 46s    
step 00747 (84.6%) | loss: 2.853350 | lrm: 0.31 | dt: 330ms | tok/sec: 1,588,968 | mfu: 38.4% | epoch: 1 | remaining: 46s    
step 00748 (84.7%) | loss: 2.856885 | lrm: 0.31 | dt: 344ms | tok/sec: 1,522,873 | mfu: 36.8% | epoch: 1 | remaining: 45s    
step 00749 (84.8%) | loss: 2.855600 | lrm: 0.30 | dt: 366ms | tok/sec: 1,430,633 | mfu: 34.6% | epoch: 1 | remaining: 45s    
step 00750 (85.0%) | loss: 2.856542 | lrm: 0.30 | dt: 346ms | tok/sec: 1,514,643 | mfu: 36.6% | epoch: 1 | remaining: 45s    
step 00751 (85.1%) | loss: 2.858290 | lrm: 0.30 | dt: 339ms | tok/sec: 1,547,958 | mfu: 37.4% | epoch: 1 | remaining: 44s    
step 00752 (85.2%) | loss: 2.854293 | lrm: 0.30 | dt: 334ms | tok/sec: 1,570,831 | mfu: 38.0% | epoch: 1 | remaining: 44s    
step 00753 (85.3%) | loss: 2.854853 | lrm: 0.29 | dt: 331ms | tok/sec: 1,582,974 | mfu: 38.2% | epoch: 1 | remaining: 44s    
step 00754 (85.4%) | loss: 2.851733 | lrm: 0.29 | dt: 334ms | tok/sec: 1,571,441 | mfu: 38.0% | epoch: 1 | remaining: 43s    
step 00755 (85.5%) | loss: 2.848055 | lrm: 0.29 | dt: 365ms | tok/sec: 1,434,955 | mfu: 34.7% | epoch: 1 | remaining: 43s    
step 00756 (85.7%) | loss: 2.847108 | lrm: 0.29 | dt: 322ms | tok/sec: 1,628,300 | mfu: 39.3% | epoch: 1 | remaining: 43s    
step 00757 (85.8%) | loss: 2.847177 | lrm: 0.28 | dt: 331ms | tok/sec: 1,582,772 | mfu: 38.2% | epoch: 1 | remaining: 42s    
step 00758 (85.9%) | loss: 2.843940 | lrm: 0.28 | dt: 339ms | tok/sec: 1,548,650 | mfu: 37.4% | epoch: 1 | remaining: 42s    
step 00759 (86.0%) | loss: 2.840492 | lrm: 0.28 | dt: 336ms | tok/sec: 1,560,174 | mfu: 37.7% | epoch: 1 | remaining: 42s    
step 00760 (86.1%) | loss: 2.841726 | lrm: 0.28 | dt: 348ms | tok/sec: 1,507,756 | mfu: 36.4% | epoch: 1 | remaining: 41s    
step 00761 (86.2%) | loss: 2.841886 | lrm: 0.28 | dt: 336ms | tok/sec: 1,559,588 | mfu: 37.7% | epoch: 1 | remaining: 41s    
step 00762 (86.3%) | loss: 2.850753 | lrm: 0.27 | dt: 341ms | tok/sec: 1,537,564 | mfu: 37.1% | epoch: 1 | remaining: 41s    
step 00763 (86.4%) | loss: 2.850098 | lrm: 0.27 | dt: 353ms | tok/sec: 1,486,852 | mfu: 35.9% | epoch: 1 | remaining: 40s    
step 00764 (86.6%) | loss: 2.848647 | lrm: 0.27 | dt: 322ms | tok/sec: 1,628,123 | mfu: 39.3% | epoch: 1 | remaining: 40s    
step 00765 (86.7%) | loss: 2.846836 | lrm: 0.27 | dt: 342ms | tok/sec: 1,534,816 | mfu: 37.1% | epoch: 1 | remaining: 40s    
step 00766 (86.8%) | loss: 2.853728 | lrm: 0.26 | dt: 330ms | tok/sec: 1,589,442 | mfu: 38.4% | epoch: 1 | remaining: 39s    
step 00767 (86.9%) | loss: 2.851478 | lrm: 0.26 | dt: 327ms | tok/sec: 1,604,903 | mfu: 38.8% | epoch: 1 | remaining: 39s    
step 00768 (87.0%) | loss: 2.850920 | lrm: 0.26 | dt: 338ms | tok/sec: 1,549,248 | mfu: 37.4% | epoch: 1 | remaining: 39s    
step 00769 (87.1%) | loss: 2.848588 | lrm: 0.26 | dt: 327ms | tok/sec: 1,601,590 | mfu: 38.7% | epoch: 1 | remaining: 38s    
step 00770 (87.2%) | loss: 2.848621 | lrm: 0.26 | dt: 327ms | tok/sec: 1,604,467 | mfu: 38.8% | epoch: 1 | remaining: 38s    
step 00771 (87.3%) | loss: 2.847181 | lrm: 0.25 | dt: 334ms | tok/sec: 1,567,382 | mfu: 37.9% | epoch: 1 | remaining: 38s    
step 00772 (87.4%) | loss: 2.844249 | lrm: 0.25 | dt: 330ms | tok/sec: 1,590,366 | mfu: 38.4% | epoch: 1 | remaining: 37s    
step 00773 (87.5%) | loss: 2.844342 | lrm: 0.25 | dt: 347ms | tok/sec: 1,511,407 | mfu: 36.5% | epoch: 1 | remaining: 37s    
step 00774 (87.7%) | loss: 2.839164 | lrm: 0.25 | dt: 330ms | tok/sec: 1,590,554 | mfu: 38.4% | epoch: 1 | remaining: 37s    
step 00775 (87.8%) | loss: 2.842746 | lrm: 0.24 | dt: 332ms | tok/sec: 1,581,441 | mfu: 38.2% | epoch: 1 | remaining: 36s    
step 00776 (87.9%) | loss: 2.844284 | lrm: 0.24 | dt: 332ms | tok/sec: 1,579,319 | mfu: 38.2% | epoch: 1 | remaining: 36s    
step 00777 (88.0%) | loss: 2.844191 | lrm: 0.24 | dt: 390ms | tok/sec: 1,345,994 | mfu: 32.5% | epoch: 1 | remaining: 36s    
step 00778 (88.1%) | loss: 2.841328 | lrm: 0.24 | dt: 416ms | tok/sec: 1,260,896 | mfu: 30.5% | epoch: 1 | remaining: 35s    
step 00779 (88.3%) | loss: 2.842884 | lrm: 0.23 | dt: 345ms | tok/sec: 1,519,231 | mfu: 36.7% | epoch: 1 | remaining: 35s    
step 00780 (88.4%) | loss: 2.839836 | lrm: 0.23 | dt: 322ms | tok/sec: 1,625,825 | mfu: 39.3% | epoch: 1 | remaining: 35s    
step 00781 (88.5%) | loss: 2.838414 | lrm: 0.23 | dt: 341ms | tok/sec: 1,539,723 | mfu: 37.2% | epoch: 1 | remaining: 34s    
step 00782 (88.6%) | loss: 2.842191 | lrm: 0.23 | dt: 336ms | tok/sec: 1,562,413 | mfu: 37.8% | epoch: 1 | remaining: 34s    
step 00783 (88.7%) | loss: 2.841273 | lrm: 0.23 | dt: 321ms | tok/sec: 1,631,437 | mfu: 39.4% | epoch: 1 | remaining: 34s    
step 00784 (88.8%) | loss: 2.841121 | lrm: 0.22 | dt: 335ms | tok/sec: 1,564,179 | mfu: 37.8% | epoch: 1 | remaining: 33s    
step 00785 (88.9%) | loss: 2.839504 | lrm: 0.22 | dt: 337ms | tok/sec: 1,555,775 | mfu: 37.6% | epoch: 1 | remaining: 33s    
step 00786 (89.0%) | loss: 2.837148 | lrm: 0.22 | dt: 322ms | tok/sec: 1,625,845 | mfu: 39.3% | epoch: 1 | remaining: 33s    
step 00787 (89.1%) | loss: 2.837608 | lrm: 0.22 | dt: 336ms | tok/sec: 1,560,870 | mfu: 37.7% | epoch: 1 | remaining: 32s    
step 00788 (89.3%) | loss: 2.833174 | lrm: 0.21 | dt: 338ms | tok/sec: 1,549,372 | mfu: 37.4% | epoch: 1 | remaining: 32s    
step 00789 (89.4%) | loss: 2.829175 | lrm: 0.21 | dt: 324ms | tok/sec: 1,617,471 | mfu: 39.1% | epoch: 1 | remaining: 32s    
step 00790 (89.5%) | loss: 2.831225 | lrm: 0.21 | dt: 357ms | tok/sec: 1,470,291 | mfu: 35.5% | epoch: 1 | remaining: 31s    
step 00791 (89.6%) | loss: 2.829978 | lrm: 0.21 | dt: 330ms | tok/sec: 1,586,975 | mfu: 38.3% | epoch: 1 | remaining: 31s    
step 00792 (89.7%) | loss: 2.828191 | lrm: 0.21 | dt: 326ms | tok/sec: 1,605,802 | mfu: 38.8% | epoch: 1 | remaining: 31s    
step 00793 (89.8%) | loss: 2.832006 | lrm: 0.20 | dt: 475ms | tok/sec: 1,104,414 | mfu: 26.7% | epoch: 1 | remaining: 30s    
step 00794 (90.0%) | loss: 2.831833 | lrm: 0.20 | dt: 338ms | tok/sec: 1,552,599 | mfu: 37.5% | epoch: 1 | remaining: 30s    
step 00795 (90.1%) | loss: 2.831440 | lrm: 0.20 | dt: 346ms | tok/sec: 1,513,311 | mfu: 36.6% | epoch: 1 | remaining: 29s    
step 00796 (90.2%) | loss: 2.831176 | lrm: 0.20 | dt: 330ms | tok/sec: 1,588,679 | mfu: 38.4% | epoch: 1 | remaining: 29s    
step 00797 (90.3%) | loss: 2.834050 | lrm: 0.19 | dt: 344ms | tok/sec: 1,525,985 | mfu: 36.9% | epoch: 1 | remaining: 29s    
step 00798 (90.4%) | loss: 2.835116 | lrm: 0.19 | dt: 328ms | tok/sec: 1,599,552 | mfu: 38.6% | epoch: 1 | remaining: 28s    
step 00799 (90.5%) | loss: 2.835626 | lrm: 0.19 | dt: 331ms | tok/sec: 1,584,532 | mfu: 38.3% | epoch: 1 | remaining: 28s    
step 00800 (90.6%) | loss: 2.830857 | lrm: 0.19 | dt: 336ms | tok/sec: 1,558,302 | mfu: 37.7% | epoch: 1 | remaining: 28s    
step 00801 (90.8%) | loss: 2.822879 | lrm: 0.18 | dt: 329ms | tok/sec: 1,591,357 | mfu: 38.4% | epoch: 1 | remaining: 27s    
step 00802 (90.9%) | loss: 2.820409 | lrm: 0.18 | dt: 330ms | tok/sec: 1,589,645 | mfu: 38.4% | epoch: 1 | remaining: 27s    
step 00803 (91.0%) | loss: 2.822254 | lrm: 0.18 | dt: 331ms | tok/sec: 1,581,811 | mfu: 38.2% | epoch: 1 | remaining: 27s    
step 00804 (91.1%) | loss: 2.821397 | lrm: 0.18 | dt: 328ms | tok/sec: 1,597,429 | mfu: 38.6% | epoch: 1 | remaining: 26s    
step 00805 (91.2%) | loss: 2.820322 | lrm: 0.18 | dt: 359ms | tok/sec: 1,461,248 | mfu: 35.3% | epoch: 1 | remaining: 26s    
step 00806 (91.3%) | loss: 2.818451 | lrm: 0.17 | dt: 364ms | tok/sec: 1,439,847 | mfu: 34.8% | epoch: 1 | remaining: 26s    
step 00807 (91.4%) | loss: 2.819660 | lrm: 0.17 | dt: 333ms | tok/sec: 1,575,514 | mfu: 38.1% | epoch: 1 | remaining: 25s    
step 00808 (91.6%) | loss: 2.816450 | lrm: 0.17 | dt: 329ms | tok/sec: 1,593,753 | mfu: 38.5% | epoch: 1 | remaining: 25s    
step 00809 (91.7%) | loss: 2.814497 | lrm: 0.17 | dt: 334ms | tok/sec: 1,569,271 | mfu: 37.9% | epoch: 1 | remaining: 25s    
step 00810 (91.8%) | loss: 2.820194 | lrm: 0.16 | dt: 331ms | tok/sec: 1,582,165 | mfu: 38.2% | epoch: 1 | remaining: 24s    
step 00811 (91.9%) | loss: 2.822707 | lrm: 0.16 | dt: 334ms | tok/sec: 1,567,757 | mfu: 37.9% | epoch: 1 | remaining: 24s    
step 00812 (92.0%) | loss: 2.822008 | lrm: 0.16 | dt: 371ms | tok/sec: 1,413,632 | mfu: 34.2% | epoch: 1 | remaining: 24s    
step 00813 (92.1%) | loss: 2.823783 | lrm: 0.16 | dt: 318ms | tok/sec: 1,650,295 | mfu: 39.9% | epoch: 1 | remaining: 23s    
step 00814 (92.2%) | loss: 2.822827 | lrm: 0.16 | dt: 416ms | tok/sec: 1,259,511 | mfu: 30.4% | epoch: 1 | remaining: 23s    
step 00815 (92.4%) | loss: 2.825446 | lrm: 0.15 | dt: 319ms | tok/sec: 1,645,949 | mfu: 39.8% | epoch: 1 | remaining: 23s    
step 00816 (92.5%) | loss: 2.826394 | lrm: 0.15 | dt: 336ms | tok/sec: 1,561,548 | mfu: 37.7% | epoch: 1 | remaining: 22s    
step 00817 (92.6%) | loss: 2.824588 | lrm: 0.15 | dt: 345ms | tok/sec: 1,520,274 | mfu: 36.7% | epoch: 1 | remaining: 22s    
step 00818 (92.7%) | loss: 2.819426 | lrm: 0.15 | dt: 321ms | tok/sec: 1,632,897 | mfu: 39.5% | epoch: 1 | remaining: 22s    
step 00819 (92.8%) | loss: 2.823545 | lrm: 0.14 | dt: 330ms | tok/sec: 1,590,993 | mfu: 38.4% | epoch: 1 | remaining: 21s    
step 00820 (92.9%) | loss: 2.820229 | lrm: 0.14 | dt: 339ms | tok/sec: 1,548,694 | mfu: 37.4% | epoch: 1 | remaining: 21s    
step 00821 (93.0%) | loss: 2.818685 | lrm: 0.14 | dt: 345ms | tok/sec: 1,517,616 | mfu: 36.7% | epoch: 1 | remaining: 21s    
step 00822 (93.1%) | loss: 2.816840 | lrm: 0.14 | dt: 347ms | tok/sec: 1,512,333 | mfu: 36.5% | epoch: 1 | remaining: 20s    
step 00823 (93.3%) | loss: 2.817089 | lrm: 0.13 | dt: 333ms | tok/sec: 1,576,163 | mfu: 38.1% | epoch: 1 | remaining: 20s    
step 00824 (93.4%) | loss: 2.813632 | lrm: 0.13 | dt: 330ms | tok/sec: 1,587,028 | mfu: 38.3% | epoch: 1 | remaining: 20s    
step 00825 (93.5%) | loss: 2.817288 | lrm: 0.13 | dt: 330ms | tok/sec: 1,587,915 | mfu: 38.4% | epoch: 1 | remaining: 19s    
step 00826 (93.6%) | loss: 2.820135 | lrm: 0.13 | dt: 329ms | tok/sec: 1,595,106 | mfu: 38.5% | epoch: 1 | remaining: 19s    
step 00827 (93.7%) | loss: 2.821066 | lrm: 0.13 | dt: 341ms | tok/sec: 1,535,498 | mfu: 37.1% | epoch: 1 | remaining: 19s    
step 00828 (93.8%) | loss: 2.818549 | lrm: 0.12 | dt: 351ms | tok/sec: 1,495,801 | mfu: 36.1% | epoch: 1 | remaining: 18s    
step 00829 (93.9%) | loss: 2.822883 | lrm: 0.12 | dt: 327ms | tok/sec: 1,601,024 | mfu: 38.7% | epoch: 1 | remaining: 18s    
step 00830 (94.0%) | loss: 2.822148 | lrm: 0.12 | dt: 455ms | tok/sec: 1,151,207 | mfu: 27.8% | epoch: 1 | remaining: 17s    
step 00831 (94.2%) | loss: 2.817223 | lrm: 0.12 | dt: 387ms | tok/sec: 1,355,409 | mfu: 32.7% | epoch: 1 | remaining: 17s    
step 00832 (94.3%) | loss: 2.814394 | lrm: 0.11 | dt: 328ms | tok/sec: 1,599,134 | mfu: 38.6% | epoch: 1 | remaining: 17s    
step 00833 (94.4%) | loss: 2.814563 | lrm: 0.11 | dt: 325ms | tok/sec: 1,615,339 | mfu: 39.0% | epoch: 1 | remaining: 16s    
step 00834 (94.5%) | loss: 2.814913 | lrm: 0.11 | dt: 388ms | tok/sec: 1,351,985 | mfu: 32.7% | epoch: 1 | remaining: 16s    
step 00835 (94.7%) | loss: 2.809765 | lrm: 0.11 | dt: 319ms | tok/sec: 1,642,666 | mfu: 39.7% | epoch: 1 | remaining: 16s    
step 00836 (94.8%) | loss: 2.815525 | lrm: 0.10 | dt: 323ms | tok/sec: 1,621,988 | mfu: 39.2% | epoch: 1 | remaining: 15s    
step 00837 (94.9%) | loss: 2.811045 | lrm: 0.10 | dt: 342ms | tok/sec: 1,531,309 | mfu: 37.0% | epoch: 1 | remaining: 15s    
step 00838 (95.0%) | loss: 2.809118 | lrm: 0.10 | dt: 328ms | tok/sec: 1,599,746 | mfu: 38.7% | epoch: 1 | remaining: 15s    
step 00839 (95.1%) | loss: 2.817705 | lrm: 0.10 | dt: 323ms | tok/sec: 1,624,162 | mfu: 39.2% | epoch: 1 | remaining: 14s    
step 00840 (95.2%) | loss: 2.821535 | lrm: 0.10 | dt: 336ms | tok/sec: 1,562,433 | mfu: 37.8% | epoch: 1 | remaining: 14s    
step 00841 (95.3%) | loss: 2.816531 | lrm: 0.09 | dt: 335ms | tok/sec: 1,565,105 | mfu: 37.8% | epoch: 1 | remaining: 14s    
step 00842 (95.4%) | loss: 2.819951 | lrm: 0.09 | dt: 347ms | tok/sec: 1,509,468 | mfu: 36.5% | epoch: 1 | remaining: 13s    
step 00843 (95.5%) | loss: 2.816842 | lrm: 0.09 | dt: 369ms | tok/sec: 1,419,007 | mfu: 34.3% | epoch: 1 | remaining: 13s    
step 00844 (95.7%) | loss: 2.817676 | lrm: 0.09 | dt: 322ms | tok/sec: 1,630,117 | mfu: 39.4% | epoch: 1 | remaining: 13s    
step 00845 (95.8%) | loss: 2.818107 | lrm: 0.08 | dt: 332ms | tok/sec: 1,578,914 | mfu: 38.1% | epoch: 1 | remaining: 12s    
step 00846 (95.9%) | loss: 2.815874 | lrm: 0.08 | dt: 336ms | tok/sec: 1,560,032 | mfu: 37.7% | epoch: 1 | remaining: 12s    
step 00847 (96.0%) | loss: 2.818586 | lrm: 0.08 | dt: 322ms | tok/sec: 1,627,566 | mfu: 39.3% | epoch: 1 | remaining: 12s    
step 00848 (96.1%) | loss: 2.815406 | lrm: 0.08 | dt: 329ms | tok/sec: 1,593,781 | mfu: 38.5% | epoch: 1 | remaining: 11s    
step 00849 (96.2%) | loss: 2.813729 | lrm: 0.08 | dt: 334ms | tok/sec: 1,570,022 | mfu: 37.9% | epoch: 1 | remaining: 11s    
step 00850 (96.3%) | loss: 2.818001 | lrm: 0.07 | dt: 326ms | tok/sec: 1,606,790 | mfu: 38.8% | epoch: 1 | remaining: 11s    
step 00851 (96.4%) | loss: 2.816499 | lrm: 0.07 | dt: 331ms | tok/sec: 1,583,601 | mfu: 38.3% | epoch: 1 | remaining: 10s    
step 00852 (96.6%) | loss: 2.812220 | lrm: 0.07 | dt: 331ms | tok/sec: 1,581,877 | mfu: 38.2% | epoch: 1 | remaining: 10s    
step 00853 (96.7%) | loss: 2.812247 | lrm: 0.07 | dt: 364ms | tok/sec: 1,438,662 | mfu: 34.8% | epoch: 1 | remaining: 10s    
step 00854 (96.8%) | loss: 2.807100 | lrm: 0.06 | dt: 320ms | tok/sec: 1,636,411 | mfu: 39.5% | epoch: 1 | remaining: 9s    
step 00855 (96.9%) | loss: 2.806791 | lrm: 0.06 | dt: 332ms | tok/sec: 1,579,934 | mfu: 38.2% | epoch: 1 | remaining: 9s    
step 00856 (97.0%) | loss: 2.812119 | lrm: 0.06 | dt: 335ms | tok/sec: 1,566,489 | mfu: 37.8% | epoch: 1 | remaining: 9s    
step 00857 (97.1%) | loss: 2.815319 | lrm: 0.06 | dt: 327ms | tok/sec: 1,605,377 | mfu: 38.8% | epoch: 1 | remaining: 8s    
step 00858 (97.2%) | loss: 2.814147 | lrm: 0.06 | dt: 328ms | tok/sec: 1,599,400 | mfu: 38.6% | epoch: 1 | remaining: 8s    
step 00859 (97.3%) | loss: 2.816815 | lrm: 0.05 | dt: 366ms | tok/sec: 1,431,449 | mfu: 34.6% | epoch: 1 | remaining: 8s    
step 00860 (97.5%) | loss: 2.816761 | lrm: 0.05 | dt: 335ms | tok/sec: 1,565,355 | mfu: 37.8% | epoch: 1 | remaining: 7s    
step 00861 (97.6%) | loss: 2.818736 | lrm: 0.05 | dt: 324ms | tok/sec: 1,617,715 | mfu: 39.1% | epoch: 1 | remaining: 7s    
step 00862 (97.7%) | loss: 2.818110 | lrm: 0.05 | dt: 349ms | tok/sec: 1,503,123 | mfu: 36.3% | epoch: 1 | remaining: 7s    
step 00863 (97.8%) | loss: 2.817454 | lrm: 0.04 | dt: 327ms | tok/sec: 1,605,388 | mfu: 38.8% | epoch: 1 | remaining: 6s    
step 00864 (97.9%) | loss: 2.815799 | lrm: 0.04 | dt: 328ms | tok/sec: 1,596,155 | mfu: 38.6% | epoch: 1 | remaining: 6s    
step 00865 (98.0%) | loss: 2.813600 | lrm: 0.04 | dt: 334ms | tok/sec: 1,569,866 | mfu: 37.9% | epoch: 1 | remaining: 6s    
step 00866 (98.1%) | loss: 2.812768 | lrm: 0.04 | dt: 328ms | tok/sec: 1,598,155 | mfu: 38.6% | epoch: 1 | remaining: 5s    
step 00867 (98.2%) | loss: 2.813624 | lrm: 0.04 | dt: 330ms | tok/sec: 1,586,721 | mfu: 38.3% | epoch: 1 | remaining: 5s    
step 00868 (98.3%) | loss: 2.813393 | lrm: 0.03 | dt: 332ms | tok/sec: 1,577,693 | mfu: 38.1% | epoch: 1 | remaining: 5s    
step 00869 (98.4%) | loss: 2.812585 | lrm: 0.03 | dt: 367ms | tok/sec: 1,428,809 | mfu: 34.5% | epoch: 1 | remaining: 4s    
step 00870 (98.6%) | loss: 2.808180 | lrm: 0.03 | dt: 386ms | tok/sec: 1,358,537 | mfu: 32.8% | epoch: 1 | remaining: 4s    
step 00871 (98.7%) | loss: 2.806369 | lrm: 0.03 | dt: 358ms | tok/sec: 1,463,018 | mfu: 35.3% | epoch: 1 | remaining: 4s    
step 00872 (98.8%) | loss: 2.803796 | lrm: 0.02 | dt: 322ms | tok/sec: 1,630,555 | mfu: 39.4% | epoch: 1 | remaining: 3s    
step 00873 (98.9%) | loss: 2.797351 | lrm: 0.02 | dt: 360ms | tok/sec: 1,455,436 | mfu: 35.2% | epoch: 1 | remaining: 3s    
step 00874 (99.0%) | loss: 2.797020 | lrm: 0.02 | dt: 330ms | tok/sec: 1,588,559 | mfu: 38.4% | epoch: 1 | remaining: 3s    
step 00875 (99.2%) | loss: 2.800966 | lrm: 0.02 | dt: 323ms | tok/sec: 1,620,825 | mfu: 39.2% | epoch: 1 | remaining: 2s    
step 00876 (99.3%) | loss: 2.804716 | lrm: 0.01 | dt: 352ms | tok/sec: 1,489,758 | mfu: 36.0% | epoch: 1 | remaining: 2s    
step 00877 (99.4%) | loss: 2.804488 | lrm: 0.01 | dt: 327ms | tok/sec: 1,603,313 | mfu: 38.7% | epoch: 1 | remaining: 2s    
step 00878 (99.5%) | loss: 2.806137 | lrm: 0.01 | dt: 398ms | tok/sec: 1,316,093 | mfu: 31.8% | epoch: 1 | remaining: 1s    
step 00879 (99.6%) | loss: 2.804682 | lrm: 0.01 | dt: 318ms | tok/sec: 1,646,919 | mfu: 39.8% | epoch: 1 | remaining: 1s    
step 00880 (99.7%) | loss: 2.806541 | lrm: 0.01 | dt: 322ms | tok/sec: 1,628,580 | mfu: 39.3% | epoch: 1 | remaining: 0s    
step 00881 (99.8%) | loss: 2.803946 | lrm: 0.00 | dt: 338ms | tok/sec: 1,551,126 | mfu: 37.5% | epoch: 1 | remaining: 0s    
step 00882 (99.9%) | loss: 2.807332 | lrm: 0.00 | dt: 332ms | tok/sec: 1,578,184 | mfu: 38.1% | epoch: 1 | remaining: 0s    
---
val_bpb:          1.000213
holdout_bpb:      0.999357
training_seconds: 300.2
total_seconds:    354.2
peak_vram_mb:     45060.2
mfu_percent:      36.84
total_tokens_M:   462.9
num_steps:        883
num_params_M:     50.3
depth:            8
