Vocab size: 8,192
Model config: {'sequence_len': 2048, 'vocab_size': 8192, 'n_layer': 8, 'n_head': 4, 'n_kv_head': 4, 'n_embd': 512, 'window_pattern': 'SSSL'}
Parameter counts:
  wte                     : 4,194,304
  value_embeds            : 16,777,216
  lm_head                 : 4,194,304
  transformer_matrices    : 25,166,336
  scalars                 : 16
  total                   : 50,332,176
Estimated FLOPs per token: 2.390784e+08
Scaling AdamW LRs by 1/sqrt(512/768) = 1.224745
Time budget: 300s
Gradient accumulation steps: 2

step 00000 (0.0%) | loss: 9.011198 | lrm: 1.00 | dt: 13046ms | tok/sec: 40,186 | mfu: 1.0% | epoch: 1 | remaining: 300s    
step 00001 (0.0%) | loss: 8.854702 | lrm: 1.00 | dt: 315ms | tok/sec: 1,666,662 | mfu: 40.3% | epoch: 1 | remaining: 300s    
step 00002 (0.0%) | loss: 8.442314 | lrm: 1.00 | dt: 315ms | tok/sec: 1,666,414 | mfu: 40.3% | epoch: 1 | remaining: 300s    
step 00003 (0.0%) | loss: 7.971718 | lrm: 1.00 | dt: 408ms | tok/sec: 1,286,013 | mfu: 31.1% | epoch: 1 | remaining: 300s    
step 00004 (0.0%) | loss: 7.578768 | lrm: 1.00 | dt: 442ms | tok/sec: 1,185,239 | mfu: 28.6% | epoch: 1 | remaining: 300s    
step 00005 (0.0%) | loss: 7.248851 | lrm: 1.00 | dt: 368ms | tok/sec: 1,423,759 | mfu: 34.4% | epoch: 1 | remaining: 300s    
step 00006 (0.0%) | loss: 6.998088 | lrm: 1.00 | dt: 432ms | tok/sec: 1,214,820 | mfu: 29.4% | epoch: 1 | remaining: 300s    
step 00007 (0.0%) | loss: 6.787094 | lrm: 1.00 | dt: 374ms | tok/sec: 1,403,700 | mfu: 33.9% | epoch: 1 | remaining: 300s    
step 00008 (0.0%) | loss: 6.607012 | lrm: 1.00 | dt: 371ms | tok/sec: 1,411,919 | mfu: 34.1% | epoch: 1 | remaining: 300s    
step 00009 (0.0%) | loss: 6.455170 | lrm: 1.00 | dt: 418ms | tok/sec: 1,254,256 | mfu: 30.3% | epoch: 1 | remaining: 300s    
step 00010 (0.0%) | loss: 6.325404 | lrm: 1.00 | dt: 340ms | tok/sec: 1,541,084 | mfu: 37.2% | epoch: 1 | remaining: 300s    
step 00011 (0.0%) | loss: 6.217101 | lrm: 1.00 | dt: 375ms | tok/sec: 1,397,263 | mfu: 33.8% | epoch: 1 | remaining: 300s    
step 00012 (0.1%) | loss: 6.120734 | lrm: 1.00 | dt: 348ms | tok/sec: 1,505,167 | mfu: 36.4% | epoch: 1 | remaining: 299s    
step 00013 (0.2%) | loss: 6.034876 | lrm: 1.00 | dt: 388ms | tok/sec: 1,352,570 | mfu: 32.7% | epoch: 1 | remaining: 299s    
step 00014 (0.4%) | loss: 5.962749 | lrm: 1.00 | dt: 366ms | tok/sec: 1,433,342 | mfu: 34.6% | epoch: 1 | remaining: 299s    
step 00015 (0.5%) | loss: 5.898225 | lrm: 1.00 | dt: 371ms | tok/sec: 1,414,135 | mfu: 34.2% | epoch: 1 | remaining: 298s    
step 00016 (0.6%) | loss: 5.842101 | lrm: 1.00 | dt: 320ms | tok/sec: 1,636,705 | mfu: 39.5% | epoch: 1 | remaining: 298s    
step 00017 (0.7%) | loss: 5.787576 | lrm: 1.00 | dt: 350ms | tok/sec: 1,499,938 | mfu: 36.2% | epoch: 1 | remaining: 297s    
step 00018 (0.8%) | loss: 5.738587 | lrm: 1.00 | dt: 395ms | tok/sec: 1,327,619 | mfu: 32.1% | epoch: 1 | remaining: 297s    
step 00019 (1.0%) | loss: 5.693027 | lrm: 1.00 | dt: 381ms | tok/sec: 1,376,611 | mfu: 33.3% | epoch: 1 | remaining: 297s    
step 00020 (1.1%) | loss: 5.650669 | lrm: 1.00 | dt: 358ms | tok/sec: 1,464,858 | mfu: 35.4% | epoch: 1 | remaining: 296s    
step 00021 (1.2%) | loss: 5.610120 | lrm: 1.00 | dt: 330ms | tok/sec: 1,586,942 | mfu: 38.3% | epoch: 1 | remaining: 296s    
step 00022 (1.3%) | loss: 5.574178 | lrm: 1.00 | dt: 369ms | tok/sec: 1,419,159 | mfu: 34.3% | epoch: 1 | remaining: 296s    
step 00023 (1.5%) | loss: 5.536606 | lrm: 1.00 | dt: 361ms | tok/sec: 1,450,793 | mfu: 35.1% | epoch: 1 | remaining: 295s    
step 00024 (1.6%) | loss: 5.500663 | lrm: 1.00 | dt: 488ms | tok/sec: 1,074,193 | mfu: 26.0% | epoch: 1 | remaining: 295s    
step 00025 (1.7%) | loss: 5.467835 | lrm: 1.00 | dt: 357ms | tok/sec: 1,467,426 | mfu: 35.5% | epoch: 1 | remaining: 294s    
step 00026 (1.9%) | loss: 5.436698 | lrm: 1.00 | dt: 319ms | tok/sec: 1,645,033 | mfu: 39.7% | epoch: 1 | remaining: 294s    
step 00027 (2.0%) | loss: 5.406237 | lrm: 1.00 | dt: 364ms | tok/sec: 1,440,840 | mfu: 34.8% | epoch: 1 | remaining: 294s    
step 00028 (2.1%) | loss: 5.378128 | lrm: 1.00 | dt: 323ms | tok/sec: 1,622,519 | mfu: 39.2% | epoch: 1 | remaining: 293s    
step 00029 (2.2%) | loss: 5.349371 | lrm: 1.00 | dt: 343ms | tok/sec: 1,530,340 | mfu: 37.0% | epoch: 1 | remaining: 293s    
step 00030 (2.3%) | loss: 5.318772 | lrm: 1.00 | dt: 338ms | tok/sec: 1,552,351 | mfu: 37.5% | epoch: 1 | remaining: 293s    
step 00031 (2.4%) | loss: 5.288727 | lrm: 1.00 | dt: 331ms | tok/sec: 1,585,968 | mfu: 38.3% | epoch: 1 | remaining: 292s    
step 00032 (2.5%) | loss: 5.260473 | lrm: 1.00 | dt: 328ms | tok/sec: 1,598,035 | mfu: 38.6% | epoch: 1 | remaining: 292s    
step 00033 (2.6%) | loss: 5.233809 | lrm: 1.00 | dt: 345ms | tok/sec: 1,520,348 | mfu: 36.7% | epoch: 1 | remaining: 292s    
step 00034 (2.7%) | loss: 5.201893 | lrm: 1.00 | dt: 356ms | tok/sec: 1,474,553 | mfu: 35.6% | epoch: 1 | remaining: 291s    
step 00035 (2.9%) | loss: 5.174462 | lrm: 1.00 | dt: 412ms | tok/sec: 1,271,451 | mfu: 30.7% | epoch: 1 | remaining: 291s    
step 00036 (3.0%) | loss: 5.147497 | lrm: 1.00 | dt: 415ms | tok/sec: 1,262,654 | mfu: 30.5% | epoch: 1 | remaining: 291s    
step 00037 (3.1%) | loss: 5.121075 | lrm: 1.00 | dt: 363ms | tok/sec: 1,445,477 | mfu: 34.9% | epoch: 1 | remaining: 290s    
step 00038 (3.3%) | loss: 5.093168 | lrm: 1.00 | dt: 370ms | tok/sec: 1,415,837 | mfu: 34.2% | epoch: 1 | remaining: 290s    
step 00039 (3.4%) | loss: 5.065607 | lrm: 1.00 | dt: 321ms | tok/sec: 1,633,544 | mfu: 39.5% | epoch: 1 | remaining: 290s    
step 00040 (3.5%) | loss: 5.036086 | lrm: 1.00 | dt: 335ms | tok/sec: 1,566,817 | mfu: 37.9% | epoch: 1 | remaining: 289s    
step 00041 (3.6%) | loss: 5.008985 | lrm: 1.00 | dt: 337ms | tok/sec: 1,556,632 | mfu: 37.6% | epoch: 1 | remaining: 289s    
step 00042 (3.7%) | loss: 4.982757 | lrm: 1.00 | dt: 400ms | tok/sec: 1,312,280 | mfu: 31.7% | epoch: 1 | remaining: 288s    
step 00043 (3.9%) | loss: 4.955389 | lrm: 1.00 | dt: 384ms | tok/sec: 1,365,678 | mfu: 33.0% | epoch: 1 | remaining: 288s    
step 00044 (4.0%) | loss: 4.931544 | lrm: 1.00 | dt: 436ms | tok/sec: 1,201,314 | mfu: 29.0% | epoch: 1 | remaining: 288s    
step 00045 (4.1%) | loss: 4.906328 | lrm: 1.00 | dt: 353ms | tok/sec: 1,487,065 | mfu: 35.9% | epoch: 1 | remaining: 287s    
step 00046 (4.2%) | loss: 4.878959 | lrm: 1.00 | dt: 333ms | tok/sec: 1,575,025 | mfu: 38.1% | epoch: 1 | remaining: 287s    
step 00047 (4.4%) | loss: 4.843681 | lrm: 1.00 | dt: 373ms | tok/sec: 1,404,144 | mfu: 33.9% | epoch: 1 | remaining: 287s    
step 00048 (4.5%) | loss: 4.820437 | lrm: 1.00 | dt: 353ms | tok/sec: 1,486,888 | mfu: 35.9% | epoch: 1 | remaining: 286s    
step 00049 (4.6%) | loss: 4.790800 | lrm: 1.00 | dt: 369ms | tok/sec: 1,420,267 | mfu: 34.3% | epoch: 1 | remaining: 286s    
step 00050 (4.7%) | loss: 4.761571 | lrm: 1.00 | dt: 326ms | tok/sec: 1,607,086 | mfu: 38.8% | epoch: 1 | remaining: 286s    
step 00051 (4.8%) | loss: 4.735613 | lrm: 1.00 | dt: 356ms | tok/sec: 1,473,986 | mfu: 35.6% | epoch: 1 | remaining: 285s    
step 00052 (4.9%) | loss: 4.707850 | lrm: 1.00 | dt: 379ms | tok/sec: 1,382,634 | mfu: 33.4% | epoch: 1 | remaining: 285s    
step 00053 (5.1%) | loss: 4.681176 | lrm: 1.00 | dt: 320ms | tok/sec: 1,636,919 | mfu: 39.6% | epoch: 1 | remaining: 284s    
step 00054 (5.2%) | loss: 4.652942 | lrm: 1.00 | dt: 332ms | tok/sec: 1,578,812 | mfu: 38.1% | epoch: 1 | remaining: 284s    
step 00055 (5.3%) | loss: 4.628071 | lrm: 1.00 | dt: 339ms | tok/sec: 1,546,167 | mfu: 37.4% | epoch: 1 | remaining: 284s    
step 00056 (5.4%) | loss: 4.606503 | lrm: 1.00 | dt: 347ms | tok/sec: 1,510,218 | mfu: 36.5% | epoch: 1 | remaining: 283s    
step 00057 (5.5%) | loss: 4.581793 | lrm: 1.00 | dt: 365ms | tok/sec: 1,436,340 | mfu: 34.7% | epoch: 1 | remaining: 283s    
step 00058 (5.6%) | loss: 4.551763 | lrm: 1.00 | dt: 327ms | tok/sec: 1,603,204 | mfu: 38.7% | epoch: 1 | remaining: 283s    
step 00059 (5.7%) | loss: 4.529369 | lrm: 1.00 | dt: 332ms | tok/sec: 1,577,415 | mfu: 38.1% | epoch: 1 | remaining: 282s    
step 00060 (5.9%) | loss: 4.503852 | lrm: 1.00 | dt: 335ms | tok/sec: 1,563,524 | mfu: 37.8% | epoch: 1 | remaining: 282s    
step 00061 (6.0%) | loss: 4.475712 | lrm: 1.00 | dt: 344ms | tok/sec: 1,524,784 | mfu: 36.8% | epoch: 1 | remaining: 282s    
step 00062 (6.1%) | loss: 4.452649 | lrm: 1.00 | dt: 328ms | tok/sec: 1,597,351 | mfu: 38.6% | epoch: 1 | remaining: 281s    
step 00063 (6.2%) | loss: 4.426712 | lrm: 1.00 | dt: 366ms | tok/sec: 1,433,584 | mfu: 34.6% | epoch: 1 | remaining: 281s    
step 00064 (6.3%) | loss: 4.400703 | lrm: 1.00 | dt: 319ms | tok/sec: 1,642,860 | mfu: 39.7% | epoch: 1 | remaining: 281s    
step 00065 (6.4%) | loss: 4.371382 | lrm: 1.00 | dt: 330ms | tok/sec: 1,587,195 | mfu: 38.3% | epoch: 1 | remaining: 280s    
step 00066 (6.5%) | loss: 4.347710 | lrm: 1.00 | dt: 340ms | tok/sec: 1,539,847 | mfu: 37.2% | epoch: 1 | remaining: 280s    
step 00067 (6.6%) | loss: 4.325217 | lrm: 1.00 | dt: 325ms | tok/sec: 1,611,738 | mfu: 38.9% | epoch: 1 | remaining: 280s    
step 00068 (6.8%) | loss: 4.304713 | lrm: 1.00 | dt: 338ms | tok/sec: 1,551,974 | mfu: 37.5% | epoch: 1 | remaining: 279s    
step 00069 (6.9%) | loss: 4.284828 | lrm: 1.00 | dt: 336ms | tok/sec: 1,560,065 | mfu: 37.7% | epoch: 1 | remaining: 279s    
step 00070 (7.0%) | loss: 4.264257 | lrm: 1.00 | dt: 328ms | tok/sec: 1,597,623 | mfu: 38.6% | epoch: 1 | remaining: 279s    
step 00071 (7.1%) | loss: 4.247422 | lrm: 1.00 | dt: 369ms | tok/sec: 1,419,083 | mfu: 34.3% | epoch: 1 | remaining: 278s    
step 00072 (7.2%) | loss: 4.224389 | lrm: 1.00 | dt: 342ms | tok/sec: 1,532,348 | mfu: 37.0% | epoch: 1 | remaining: 278s    
step 00073 (7.3%) | loss: 4.199091 | lrm: 1.00 | dt: 330ms | tok/sec: 1,587,418 | mfu: 38.4% | epoch: 1 | remaining: 278s    
step 00074 (7.4%) | loss: 4.175742 | lrm: 1.00 | dt: 340ms | tok/sec: 1,542,900 | mfu: 37.3% | epoch: 1 | remaining: 277s    
step 00075 (7.6%) | loss: 4.157211 | lrm: 1.00 | dt: 332ms | tok/sec: 1,577,882 | mfu: 38.1% | epoch: 1 | remaining: 277s    
step 00076 (7.7%) | loss: 4.137959 | lrm: 1.00 | dt: 395ms | tok/sec: 1,326,719 | mfu: 32.1% | epoch: 1 | remaining: 277s    
step 00077 (7.8%) | loss: 4.122158 | lrm: 1.00 | dt: 360ms | tok/sec: 1,454,618 | mfu: 35.1% | epoch: 1 | remaining: 276s    
step 00078 (7.9%) | loss: 4.098976 | lrm: 1.00 | dt: 374ms | tok/sec: 1,401,624 | mfu: 33.9% | epoch: 1 | remaining: 276s    
step 00079 (8.0%) | loss: 4.079185 | lrm: 1.00 | dt: 455ms | tok/sec: 1,151,078 | mfu: 27.8% | epoch: 1 | remaining: 275s    
step 00080 (8.2%) | loss: 4.058224 | lrm: 1.00 | dt: 342ms | tok/sec: 1,531,674 | mfu: 37.0% | epoch: 1 | remaining: 275s    
step 00081 (8.3%) | loss: 4.038954 | lrm: 1.00 | dt: 335ms | tok/sec: 1,565,984 | mfu: 37.8% | epoch: 1 | remaining: 275s    
step 00082 (8.4%) | loss: 4.020919 | lrm: 1.00 | dt: 333ms | tok/sec: 1,574,623 | mfu: 38.0% | epoch: 1 | remaining: 274s    
step 00083 (8.5%) | loss: 4.001303 | lrm: 1.00 | dt: 334ms | tok/sec: 1,568,386 | mfu: 37.9% | epoch: 1 | remaining: 274s    
step 00084 (8.6%) | loss: 3.984295 | lrm: 1.00 | dt: 351ms | tok/sec: 1,493,832 | mfu: 36.1% | epoch: 1 | remaining: 274s    
step 00085 (8.8%) | loss: 3.972466 | lrm: 1.00 | dt: 393ms | tok/sec: 1,332,784 | mfu: 32.2% | epoch: 1 | remaining: 273s    
step 00086 (8.9%) | loss: 3.955826 | lrm: 1.00 | dt: 367ms | tok/sec: 1,428,681 | mfu: 34.5% | epoch: 1 | remaining: 273s    
step 00087 (9.0%) | loss: 3.938999 | lrm: 1.00 | dt: 358ms | tok/sec: 1,466,035 | mfu: 35.4% | epoch: 1 | remaining: 273s    
step 00088 (9.1%) | loss: 3.919408 | lrm: 1.00 | dt: 412ms | tok/sec: 1,272,407 | mfu: 30.7% | epoch: 1 | remaining: 272s    
step 00089 (9.3%) | loss: 3.901540 | lrm: 1.00 | dt: 367ms | tok/sec: 1,429,616 | mfu: 34.5% | epoch: 1 | remaining: 272s    
step 00090 (9.4%) | loss: 3.889084 | lrm: 1.00 | dt: 365ms | tok/sec: 1,437,019 | mfu: 34.7% | epoch: 1 | remaining: 271s    
step 00091 (9.5%) | loss: 3.874050 | lrm: 1.00 | dt: 383ms | tok/sec: 1,369,142 | mfu: 33.1% | epoch: 1 | remaining: 271s    
step 00092 (9.6%) | loss: 3.858286 | lrm: 1.00 | dt: 348ms | tok/sec: 1,505,500 | mfu: 36.4% | epoch: 1 | remaining: 271s    
step 00093 (9.8%) | loss: 3.848650 | lrm: 1.00 | dt: 366ms | tok/sec: 1,433,512 | mfu: 34.6% | epoch: 1 | remaining: 270s    
step 00094 (9.9%) | loss: 3.834968 | lrm: 1.00 | dt: 362ms | tok/sec: 1,446,426 | mfu: 34.9% | epoch: 1 | remaining: 270s    
step 00095 (10.0%) | loss: 3.824765 | lrm: 1.00 | dt: 338ms | tok/sec: 1,551,998 | mfu: 37.5% | epoch: 1 | remaining: 270s    
step 00096 (10.1%) | loss: 3.815774 | lrm: 1.00 | dt: 330ms | tok/sec: 1,587,600 | mfu: 38.4% | epoch: 1 | remaining: 269s    
step 00097 (10.2%) | loss: 3.801911 | lrm: 1.00 | dt: 356ms | tok/sec: 1,473,112 | mfu: 35.6% | epoch: 1 | remaining: 269s    
step 00098 (10.3%) | loss: 3.793265 | lrm: 1.00 | dt: 366ms | tok/sec: 1,433,755 | mfu: 34.6% | epoch: 1 | remaining: 269s    
step 00099 (10.5%) | loss: 3.780237 | lrm: 1.00 | dt: 359ms | tok/sec: 1,462,352 | mfu: 35.3% | epoch: 1 | remaining: 268s    
step 00100 (10.6%) | loss: 3.769891 | lrm: 1.00 | dt: 398ms | tok/sec: 1,317,449 | mfu: 31.8% | epoch: 1 | remaining: 268s    
step 00101 (10.7%) | loss: 3.755173 | lrm: 1.00 | dt: 351ms | tok/sec: 1,493,327 | mfu: 36.1% | epoch: 1 | remaining: 268s    
step 00102 (10.8%) | loss: 3.742838 | lrm: 1.00 | dt: 322ms | tok/sec: 1,626,812 | mfu: 39.3% | epoch: 1 | remaining: 267s    
step 00103 (10.9%) | loss: 3.733217 | lrm: 1.00 | dt: 358ms | tok/sec: 1,463,615 | mfu: 35.4% | epoch: 1 | remaining: 267s    
step 00104 (11.1%) | loss: 3.716667 | lrm: 1.00 | dt: 393ms | tok/sec: 1,334,935 | mfu: 32.3% | epoch: 1 | remaining: 266s    
step 00105 (11.2%) | loss: 3.708056 | lrm: 1.00 | dt: 354ms | tok/sec: 1,482,330 | mfu: 35.8% | epoch: 1 | remaining: 266s    
step 00106 (11.3%) | loss: 3.700351 | lrm: 1.00 | dt: 367ms | tok/sec: 1,429,519 | mfu: 34.5% | epoch: 1 | remaining: 266s    
step 00107 (11.4%) | loss: 3.688222 | lrm: 1.00 | dt: 437ms | tok/sec: 1,199,294 | mfu: 29.0% | epoch: 1 | remaining: 265s    
step 00108 (11.6%) | loss: 3.682807 | lrm: 1.00 | dt: 404ms | tok/sec: 1,296,759 | mfu: 31.3% | epoch: 1 | remaining: 265s    
step 00109 (11.7%) | loss: 3.670415 | lrm: 1.00 | dt: 354ms | tok/sec: 1,481,120 | mfu: 35.8% | epoch: 1 | remaining: 265s    
step 00110 (11.8%) | loss: 3.663273 | lrm: 1.00 | dt: 322ms | tok/sec: 1,627,373 | mfu: 39.3% | epoch: 1 | remaining: 264s    
step 00111 (11.9%) | loss: 3.658409 | lrm: 1.00 | dt: 339ms | tok/sec: 1,547,514 | mfu: 37.4% | epoch: 1 | remaining: 264s    
step 00112 (12.0%) | loss: 3.653209 | lrm: 1.00 | dt: 338ms | tok/sec: 1,553,309 | mfu: 37.5% | epoch: 1 | remaining: 264s    
step 00113 (12.2%) | loss: 3.643826 | lrm: 1.00 | dt: 347ms | tok/sec: 1,511,181 | mfu: 36.5% | epoch: 1 | remaining: 263s    
step 00114 (12.3%) | loss: 3.633380 | lrm: 1.00 | dt: 382ms | tok/sec: 1,373,961 | mfu: 33.2% | epoch: 1 | remaining: 263s    
step 00115 (12.4%) | loss: 3.628796 | lrm: 1.00 | dt: 355ms | tok/sec: 1,475,505 | mfu: 35.7% | epoch: 1 | remaining: 262s    
step 00116 (12.5%) | loss: 3.621812 | lrm: 1.00 | dt: 322ms | tok/sec: 1,627,307 | mfu: 39.3% | epoch: 1 | remaining: 262s    
step 00117 (12.6%) | loss: 3.618298 | lrm: 1.00 | dt: 435ms | tok/sec: 1,205,396 | mfu: 29.1% | epoch: 1 | remaining: 262s    
step 00118 (12.8%) | loss: 3.613931 | lrm: 1.00 | dt: 337ms | tok/sec: 1,556,346 | mfu: 37.6% | epoch: 1 | remaining: 261s    
step 00119 (12.9%) | loss: 3.606519 | lrm: 1.00 | dt: 345ms | tok/sec: 1,518,186 | mfu: 36.7% | epoch: 1 | remaining: 261s    
step 00120 (13.0%) | loss: 3.603779 | lrm: 1.00 | dt: 414ms | tok/sec: 1,266,571 | mfu: 30.6% | epoch: 1 | remaining: 261s    
step 00121 (13.1%) | loss: 3.595503 | lrm: 1.00 | dt: 322ms | tok/sec: 1,630,681 | mfu: 39.4% | epoch: 1 | remaining: 260s    
step 00122 (13.2%) | loss: 3.584000 | lrm: 1.00 | dt: 393ms | tok/sec: 1,334,133 | mfu: 32.2% | epoch: 1 | remaining: 260s    
step 00123 (13.4%) | loss: 3.577532 | lrm: 1.00 | dt: 384ms | tok/sec: 1,365,564 | mfu: 33.0% | epoch: 1 | remaining: 259s    
step 00124 (13.5%) | loss: 3.574791 | lrm: 1.00 | dt: 335ms | tok/sec: 1,563,330 | mfu: 37.8% | epoch: 1 | remaining: 259s    
step 00125 (13.6%) | loss: 3.570620 | lrm: 1.00 | dt: 327ms | tok/sec: 1,603,524 | mfu: 38.7% | epoch: 1 | remaining: 259s    
step 00126 (13.7%) | loss: 3.564730 | lrm: 1.00 | dt: 348ms | tok/sec: 1,506,801 | mfu: 36.4% | epoch: 1 | remaining: 258s    
step 00127 (13.8%) | loss: 3.562771 | lrm: 1.00 | dt: 332ms | tok/sec: 1,577,086 | mfu: 38.1% | epoch: 1 | remaining: 258s    
step 00128 (13.9%) | loss: 3.555616 | lrm: 1.00 | dt: 374ms | tok/sec: 1,400,172 | mfu: 33.8% | epoch: 1 | remaining: 258s    
step 00129 (14.1%) | loss: 3.547947 | lrm: 1.00 | dt: 344ms | tok/sec: 1,523,847 | mfu: 36.8% | epoch: 1 | remaining: 257s    
step 00130 (14.2%) | loss: 3.542988 | lrm: 1.00 | dt: 327ms | tok/sec: 1,605,230 | mfu: 38.8% | epoch: 1 | remaining: 257s    
step 00131 (14.3%) | loss: 3.538196 | lrm: 1.00 | dt: 343ms | tok/sec: 1,527,969 | mfu: 36.9% | epoch: 1 | remaining: 257s    
step 00132 (14.4%) | loss: 3.533008 | lrm: 1.00 | dt: 398ms | tok/sec: 1,318,462 | mfu: 31.9% | epoch: 1 | remaining: 256s    
step 00133 (14.5%) | loss: 3.526671 | lrm: 1.00 | dt: 322ms | tok/sec: 1,629,632 | mfu: 39.4% | epoch: 1 | remaining: 256s    
step 00134 (14.7%) | loss: 3.521176 | lrm: 1.00 | dt: 350ms | tok/sec: 1,499,850 | mfu: 36.2% | epoch: 1 | remaining: 256s    
step 00135 (14.8%) | loss: 3.519277 | lrm: 1.00 | dt: 362ms | tok/sec: 1,447,948 | mfu: 35.0% | epoch: 1 | remaining: 255s    
step 00136 (14.9%) | loss: 3.511791 | lrm: 1.00 | dt: 326ms | tok/sec: 1,608,111 | mfu: 38.9% | epoch: 1 | remaining: 255s    
step 00137 (15.0%) | loss: 3.508742 | lrm: 1.00 | dt: 363ms | tok/sec: 1,444,528 | mfu: 34.9% | epoch: 1 | remaining: 255s    
step 00138 (15.1%) | loss: 3.500275 | lrm: 1.00 | dt: 357ms | tok/sec: 1,467,416 | mfu: 35.5% | epoch: 1 | remaining: 254s    
step 00139 (15.2%) | loss: 3.491984 | lrm: 1.00 | dt: 344ms | tok/sec: 1,523,645 | mfu: 36.8% | epoch: 1 | remaining: 254s    
step 00140 (15.4%) | loss: 3.486120 | lrm: 1.00 | dt: 329ms | tok/sec: 1,593,672 | mfu: 38.5% | epoch: 1 | remaining: 254s    
step 00141 (15.5%) | loss: 3.481623 | lrm: 1.00 | dt: 377ms | tok/sec: 1,391,144 | mfu: 33.6% | epoch: 1 | remaining: 253s    
step 00142 (15.6%) | loss: 3.480048 | lrm: 1.00 | dt: 421ms | tok/sec: 1,244,627 | mfu: 30.1% | epoch: 1 | remaining: 253s    
step 00143 (15.7%) | loss: 3.477207 | lrm: 1.00 | dt: 318ms | tok/sec: 1,648,856 | mfu: 39.8% | epoch: 1 | remaining: 252s    
step 00144 (15.8%) | loss: 3.471563 | lrm: 1.00 | dt: 394ms | tok/sec: 1,331,547 | mfu: 32.2% | epoch: 1 | remaining: 252s    
step 00145 (16.0%) | loss: 3.469605 | lrm: 1.00 | dt: 361ms | tok/sec: 1,450,998 | mfu: 35.1% | epoch: 1 | remaining: 252s    
step 00146 (16.1%) | loss: 3.467790 | lrm: 1.00 | dt: 344ms | tok/sec: 1,523,067 | mfu: 36.8% | epoch: 1 | remaining: 251s    
step 00147 (16.2%) | loss: 3.467852 | lrm: 1.00 | dt: 338ms | tok/sec: 1,549,621 | mfu: 37.4% | epoch: 1 | remaining: 251s    
step 00148 (16.3%) | loss: 3.468438 | lrm: 1.00 | dt: 348ms | tok/sec: 1,507,630 | mfu: 36.4% | epoch: 1 | remaining: 251s    
step 00149 (16.4%) | loss: 3.465898 | lrm: 1.00 | dt: 364ms | tok/sec: 1,440,897 | mfu: 34.8% | epoch: 1 | remaining: 250s    
step 00150 (16.6%) | loss: 3.458136 | lrm: 1.00 | dt: 323ms | tok/sec: 1,622,922 | mfu: 39.2% | epoch: 1 | remaining: 250s    
step 00151 (16.7%) | loss: 3.454820 | lrm: 1.00 | dt: 334ms | tok/sec: 1,571,689 | mfu: 38.0% | epoch: 1 | remaining: 250s    
step 00152 (16.8%) | loss: 3.450740 | lrm: 1.00 | dt: 351ms | tok/sec: 1,492,019 | mfu: 36.0% | epoch: 1 | remaining: 249s    
step 00153 (16.9%) | loss: 3.448336 | lrm: 1.00 | dt: 404ms | tok/sec: 1,298,433 | mfu: 31.4% | epoch: 1 | remaining: 249s    
step 00154 (17.0%) | loss: 3.446969 | lrm: 1.00 | dt: 377ms | tok/sec: 1,391,203 | mfu: 33.6% | epoch: 1 | remaining: 249s    
step 00155 (17.1%) | loss: 3.441633 | lrm: 1.00 | dt: 340ms | tok/sec: 1,541,406 | mfu: 37.2% | epoch: 1 | remaining: 248s    
step 00156 (17.3%) | loss: 3.436223 | lrm: 1.00 | dt: 326ms | tok/sec: 1,610,113 | mfu: 38.9% | epoch: 1 | remaining: 248s    
step 00157 (17.4%) | loss: 3.434196 | lrm: 1.00 | dt: 395ms | tok/sec: 1,327,902 | mfu: 32.1% | epoch: 1 | remaining: 247s    
step 00158 (17.5%) | loss: 3.432516 | lrm: 1.00 | dt: 351ms | tok/sec: 1,495,156 | mfu: 36.1% | epoch: 1 | remaining: 247s    
step 00159 (17.6%) | loss: 3.428200 | lrm: 1.00 | dt: 320ms | tok/sec: 1,639,724 | mfu: 39.6% | epoch: 1 | remaining: 247s    
step 00160 (17.7%) | loss: 3.421054 | lrm: 1.00 | dt: 339ms | tok/sec: 1,544,696 | mfu: 37.3% | epoch: 1 | remaining: 246s    
step 00161 (17.8%) | loss: 3.416880 | lrm: 1.00 | dt: 340ms | tok/sec: 1,541,414 | mfu: 37.2% | epoch: 1 | remaining: 246s    
step 00162 (18.0%) | loss: 3.412985 | lrm: 1.00 | dt: 331ms | tok/sec: 1,582,789 | mfu: 38.2% | epoch: 1 | remaining: 246s    
step 00163 (18.1%) | loss: 3.409284 | lrm: 1.00 | dt: 332ms | tok/sec: 1,580,727 | mfu: 38.2% | epoch: 1 | remaining: 245s    
step 00164 (18.2%) | loss: 3.407880 | lrm: 1.00 | dt: 333ms | tok/sec: 1,572,184 | mfu: 38.0% | epoch: 1 | remaining: 245s    
step 00165 (18.3%) | loss: 3.403633 | lrm: 1.00 | dt: 357ms | tok/sec: 1,467,639 | mfu: 35.5% | epoch: 1 | remaining: 245s    
step 00166 (18.4%) | loss: 3.400496 | lrm: 1.00 | dt: 329ms | tok/sec: 1,593,705 | mfu: 38.5% | epoch: 1 | remaining: 244s    
step 00167 (18.5%) | loss: 3.398747 | lrm: 1.00 | dt: 340ms | tok/sec: 1,541,981 | mfu: 37.3% | epoch: 1 | remaining: 244s    
step 00168 (18.6%) | loss: 3.398773 | lrm: 1.00 | dt: 337ms | tok/sec: 1,556,976 | mfu: 37.6% | epoch: 1 | remaining: 244s    
step 00169 (18.7%) | loss: 3.403099 | lrm: 1.00 | dt: 328ms | tok/sec: 1,596,461 | mfu: 38.6% | epoch: 1 | remaining: 243s    
step 00170 (18.8%) | loss: 3.404374 | lrm: 1.00 | dt: 329ms | tok/sec: 1,594,009 | mfu: 38.5% | epoch: 1 | remaining: 243s    
step 00171 (19.0%) | loss: 3.398182 | lrm: 1.00 | dt: 333ms | tok/sec: 1,572,808 | mfu: 38.0% | epoch: 1 | remaining: 243s    
step 00172 (19.1%) | loss: 3.397684 | lrm: 1.00 | dt: 396ms | tok/sec: 1,325,116 | mfu: 32.0% | epoch: 1 | remaining: 242s    
step 00173 (19.2%) | loss: 3.395443 | lrm: 1.00 | dt: 432ms | tok/sec: 1,213,574 | mfu: 29.3% | epoch: 1 | remaining: 242s    
step 00174 (19.3%) | loss: 3.392130 | lrm: 1.00 | dt: 394ms | tok/sec: 1,329,917 | mfu: 32.1% | epoch: 1 | remaining: 242s    
step 00175 (19.5%) | loss: 3.384342 | lrm: 1.00 | dt: 341ms | tok/sec: 1,537,912 | mfu: 37.2% | epoch: 1 | remaining: 241s    
step 00176 (19.6%) | loss: 3.386737 | lrm: 1.00 | dt: 344ms | tok/sec: 1,524,448 | mfu: 36.8% | epoch: 1 | remaining: 241s    
step 00177 (19.7%) | loss: 3.376824 | lrm: 1.00 | dt: 354ms | tok/sec: 1,482,090 | mfu: 35.8% | epoch: 1 | remaining: 241s    
step 00178 (19.8%) | loss: 3.373829 | lrm: 1.00 | dt: 392ms | tok/sec: 1,337,685 | mfu: 32.3% | epoch: 1 | remaining: 240s    
step 00179 (20.0%) | loss: 3.370772 | lrm: 1.00 | dt: 319ms | tok/sec: 1,643,314 | mfu: 39.7% | epoch: 1 | remaining: 240s    
step 00180 (20.1%) | loss: 3.362212 | lrm: 1.00 | dt: 342ms | tok/sec: 1,532,843 | mfu: 37.0% | epoch: 1 | remaining: 239s    
step 00181 (20.2%) | loss: 3.357656 | lrm: 1.00 | dt: 338ms | tok/sec: 1,552,731 | mfu: 37.5% | epoch: 1 | remaining: 239s    
step 00182 (20.3%) | loss: 3.357233 | lrm: 1.00 | dt: 343ms | tok/sec: 1,530,724 | mfu: 37.0% | epoch: 1 | remaining: 239s    
step 00183 (20.4%) | loss: 3.355959 | lrm: 1.00 | dt: 349ms | tok/sec: 1,500,516 | mfu: 36.3% | epoch: 1 | remaining: 238s    
step 00184 (20.5%) | loss: 3.348551 | lrm: 1.00 | dt: 441ms | tok/sec: 1,189,471 | mfu: 28.7% | epoch: 1 | remaining: 238s    
step 00185 (20.7%) | loss: 3.350460 | lrm: 1.00 | dt: 335ms | tok/sec: 1,564,731 | mfu: 37.8% | epoch: 1 | remaining: 238s    
step 00186 (20.8%) | loss: 3.347805 | lrm: 1.00 | dt: 361ms | tok/sec: 1,453,439 | mfu: 35.1% | epoch: 1 | remaining: 237s    
step 00187 (20.9%) | loss: 3.342681 | lrm: 1.00 | dt: 425ms | tok/sec: 1,233,321 | mfu: 29.8% | epoch: 1 | remaining: 237s    
step 00188 (21.0%) | loss: 3.336427 | lrm: 1.00 | dt: 354ms | tok/sec: 1,479,587 | mfu: 35.7% | epoch: 1 | remaining: 237s    
step 00189 (21.2%) | loss: 3.340551 | lrm: 1.00 | dt: 331ms | tok/sec: 1,584,129 | mfu: 38.3% | epoch: 1 | remaining: 236s    
step 00190 (21.3%) | loss: 3.340793 | lrm: 1.00 | dt: 336ms | tok/sec: 1,562,519 | mfu: 37.8% | epoch: 1 | remaining: 236s    
step 00191 (21.4%) | loss: 3.340309 | lrm: 1.00 | dt: 393ms | tok/sec: 1,334,037 | mfu: 32.2% | epoch: 1 | remaining: 235s    
step 00192 (21.5%) | loss: 3.338490 | lrm: 1.00 | dt: 328ms | tok/sec: 1,600,646 | mfu: 38.7% | epoch: 1 | remaining: 235s    
step 00193 (21.6%) | loss: 3.337803 | lrm: 1.00 | dt: 411ms | tok/sec: 1,274,188 | mfu: 30.8% | epoch: 1 | remaining: 235s    
step 00194 (21.8%) | loss: 3.331423 | lrm: 1.00 | dt: 332ms | tok/sec: 1,580,815 | mfu: 38.2% | epoch: 1 | remaining: 234s    
step 00195 (21.9%) | loss: 3.330264 | lrm: 1.00 | dt: 329ms | tok/sec: 1,595,495 | mfu: 38.5% | epoch: 1 | remaining: 234s    
step 00196 (22.0%) | loss: 3.330992 | lrm: 1.00 | dt: 353ms | tok/sec: 1,483,860 | mfu: 35.9% | epoch: 1 | remaining: 234s    
step 00197 (22.1%) | loss: 3.330081 | lrm: 1.00 | dt: 329ms | tok/sec: 1,595,161 | mfu: 38.5% | epoch: 1 | remaining: 233s    
step 00198 (22.2%) | loss: 3.320266 | lrm: 1.00 | dt: 329ms | tok/sec: 1,595,239 | mfu: 38.5% | epoch: 1 | remaining: 233s    
step 00199 (22.3%) | loss: 3.317145 | lrm: 1.00 | dt: 337ms | tok/sec: 1,553,993 | mfu: 37.5% | epoch: 1 | remaining: 233s    
step 00200 (22.4%) | loss: 3.314653 | lrm: 1.00 | dt: 421ms | tok/sec: 1,245,166 | mfu: 30.1% | epoch: 1 | remaining: 232s    
step 00201 (22.6%) | loss: 3.313851 | lrm: 1.00 | dt: 364ms | tok/sec: 1,438,584 | mfu: 34.8% | epoch: 1 | remaining: 232s    
step 00202 (22.7%) | loss: 3.315408 | lrm: 1.00 | dt: 332ms | tok/sec: 1,580,676 | mfu: 38.2% | epoch: 1 | remaining: 232s    
step 00203 (22.8%) | loss: 3.313191 | lrm: 1.00 | dt: 371ms | tok/sec: 1,414,706 | mfu: 34.2% | epoch: 1 | remaining: 231s    
step 00204 (22.9%) | loss: 3.309101 | lrm: 1.00 | dt: 346ms | tok/sec: 1,513,302 | mfu: 36.6% | epoch: 1 | remaining: 231s    
step 00205 (23.0%) | loss: 3.298842 | lrm: 1.00 | dt: 345ms | tok/sec: 1,521,828 | mfu: 36.8% | epoch: 1 | remaining: 231s    
step 00206 (23.1%) | loss: 3.296074 | lrm: 1.00 | dt: 331ms | tok/sec: 1,583,805 | mfu: 38.3% | epoch: 1 | remaining: 230s    
step 00207 (23.3%) | loss: 3.294502 | lrm: 1.00 | dt: 350ms | tok/sec: 1,496,059 | mfu: 36.1% | epoch: 1 | remaining: 230s    
step 00208 (23.4%) | loss: 3.294563 | lrm: 1.00 | dt: 325ms | tok/sec: 1,615,616 | mfu: 39.0% | epoch: 1 | remaining: 230s    
step 00209 (23.5%) | loss: 3.291716 | lrm: 1.00 | dt: 330ms | tok/sec: 1,589,499 | mfu: 38.4% | epoch: 1 | remaining: 229s    
step 00210 (23.6%) | loss: 3.286585 | lrm: 1.00 | dt: 344ms | tok/sec: 1,524,215 | mfu: 36.8% | epoch: 1 | remaining: 229s    
step 00211 (23.7%) | loss: 3.291584 | lrm: 1.00 | dt: 337ms | tok/sec: 1,555,404 | mfu: 37.6% | epoch: 1 | remaining: 229s    
step 00212 (23.8%) | loss: 3.286381 | lrm: 1.00 | dt: 376ms | tok/sec: 1,395,113 | mfu: 33.7% | epoch: 1 | remaining: 228s    
step 00213 (23.9%) | loss: 3.281698 | lrm: 1.00 | dt: 329ms | tok/sec: 1,593,231 | mfu: 38.5% | epoch: 1 | remaining: 228s    
step 00214 (24.1%) | loss: 3.278707 | lrm: 1.00 | dt: 361ms | tok/sec: 1,451,017 | mfu: 35.1% | epoch: 1 | remaining: 227s    
step 00215 (24.2%) | loss: 3.276051 | lrm: 1.00 | dt: 366ms | tok/sec: 1,432,962 | mfu: 34.6% | epoch: 1 | remaining: 227s    
step 00216 (24.3%) | loss: 3.277232 | lrm: 1.00 | dt: 341ms | tok/sec: 1,538,274 | mfu: 37.2% | epoch: 1 | remaining: 227s    
step 00217 (24.4%) | loss: 3.278816 | lrm: 1.00 | dt: 328ms | tok/sec: 1,599,046 | mfu: 38.6% | epoch: 1 | remaining: 226s    
step 00218 (24.5%) | loss: 3.277702 | lrm: 1.00 | dt: 348ms | tok/sec: 1,504,722 | mfu: 36.4% | epoch: 1 | remaining: 226s    
step 00219 (24.6%) | loss: 3.278120 | lrm: 1.00 | dt: 342ms | tok/sec: 1,532,444 | mfu: 37.0% | epoch: 1 | remaining: 226s    
step 00220 (24.8%) | loss: 3.280375 | lrm: 1.00 | dt: 415ms | tok/sec: 1,263,712 | mfu: 30.5% | epoch: 1 | remaining: 225s    
step 00221 (24.9%) | loss: 3.282755 | lrm: 1.00 | dt: 343ms | tok/sec: 1,527,059 | mfu: 36.9% | epoch: 1 | remaining: 225s    
step 00222 (25.0%) | loss: 3.278675 | lrm: 1.00 | dt: 323ms | tok/sec: 1,622,875 | mfu: 39.2% | epoch: 1 | remaining: 225s    
step 00223 (25.1%) | loss: 3.279353 | lrm: 1.00 | dt: 371ms | tok/sec: 1,414,441 | mfu: 34.2% | epoch: 1 | remaining: 224s    
step 00224 (25.2%) | loss: 3.277904 | lrm: 1.00 | dt: 319ms | tok/sec: 1,641,059 | mfu: 39.7% | epoch: 1 | remaining: 224s    
step 00225 (25.3%) | loss: 3.277519 | lrm: 1.00 | dt: 329ms | tok/sec: 1,594,154 | mfu: 38.5% | epoch: 1 | remaining: 224s    
step 00226 (25.5%) | loss: 3.279715 | lrm: 1.00 | dt: 397ms | tok/sec: 1,321,439 | mfu: 31.9% | epoch: 1 | remaining: 223s    
step 00227 (25.6%) | loss: 3.278889 | lrm: 1.00 | dt: 321ms | tok/sec: 1,630,919 | mfu: 39.4% | epoch: 1 | remaining: 223s    
step 00228 (25.7%) | loss: 3.276198 | lrm: 1.00 | dt: 353ms | tok/sec: 1,484,207 | mfu: 35.9% | epoch: 1 | remaining: 223s    
step 00229 (25.8%) | loss: 3.273966 | lrm: 1.00 | dt: 370ms | tok/sec: 1,417,724 | mfu: 34.3% | epoch: 1 | remaining: 222s    
step 00230 (25.9%) | loss: 3.276074 | lrm: 1.00 | dt: 338ms | tok/sec: 1,551,552 | mfu: 37.5% | epoch: 1 | remaining: 222s    
step 00231 (26.0%) | loss: 3.277128 | lrm: 1.00 | dt: 380ms | tok/sec: 1,379,830 | mfu: 33.3% | epoch: 1 | remaining: 221s    
step 00232 (26.2%) | loss: 3.273813 | lrm: 1.00 | dt: 338ms | tok/sec: 1,549,951 | mfu: 37.4% | epoch: 1 | remaining: 221s    
step 00233 (26.3%) | loss: 3.270214 | lrm: 1.00 | dt: 343ms | tok/sec: 1,527,469 | mfu: 36.9% | epoch: 1 | remaining: 221s    
step 00234 (26.4%) | loss: 3.267879 | lrm: 1.00 | dt: 347ms | tok/sec: 1,511,844 | mfu: 36.5% | epoch: 1 | remaining: 220s    
step 00235 (26.5%) | loss: 3.264526 | lrm: 1.00 | dt: 357ms | tok/sec: 1,469,383 | mfu: 35.5% | epoch: 1 | remaining: 220s    
step 00236 (26.6%) | loss: 3.261303 | lrm: 1.00 | dt: 420ms | tok/sec: 1,247,251 | mfu: 30.1% | epoch: 1 | remaining: 220s    
step 00237 (26.8%) | loss: 3.255517 | lrm: 1.00 | dt: 322ms | tok/sec: 1,630,565 | mfu: 39.4% | epoch: 1 | remaining: 219s    
step 00238 (26.9%) | loss: 3.257516 | lrm: 1.00 | dt: 419ms | tok/sec: 1,251,450 | mfu: 30.2% | epoch: 1 | remaining: 219s    
step 00239 (27.0%) | loss: 3.255223 | lrm: 1.00 | dt: 454ms | tok/sec: 1,154,367 | mfu: 27.9% | epoch: 1 | remaining: 218s    
step 00240 (27.2%) | loss: 3.250278 | lrm: 1.00 | dt: 414ms | tok/sec: 1,267,615 | mfu: 30.6% | epoch: 1 | remaining: 218s    
step 00241 (27.3%) | loss: 3.250124 | lrm: 1.00 | dt: 366ms | tok/sec: 1,434,296 | mfu: 34.7% | epoch: 1 | remaining: 218s    
step 00242 (27.4%) | loss: 3.251578 | lrm: 1.00 | dt: 360ms | tok/sec: 1,457,963 | mfu: 35.2% | epoch: 1 | remaining: 217s    
step 00243 (27.6%) | loss: 3.251335 | lrm: 1.00 | dt: 422ms | tok/sec: 1,243,230 | mfu: 30.0% | epoch: 1 | remaining: 217s    
step 00244 (27.7%) | loss: 3.250610 | lrm: 1.00 | dt: 357ms | tok/sec: 1,469,929 | mfu: 35.5% | epoch: 1 | remaining: 217s    
step 00245 (27.8%) | loss: 3.243879 | lrm: 1.00 | dt: 360ms | tok/sec: 1,455,154 | mfu: 35.2% | epoch: 1 | remaining: 216s    
step 00246 (27.9%) | loss: 3.240253 | lrm: 1.00 | dt: 331ms | tok/sec: 1,584,671 | mfu: 38.3% | epoch: 1 | remaining: 216s    
step 00247 (28.0%) | loss: 3.231579 | lrm: 1.00 | dt: 325ms | tok/sec: 1,615,371 | mfu: 39.0% | epoch: 1 | remaining: 216s    
step 00248 (28.1%) | loss: 3.233329 | lrm: 1.00 | dt: 335ms | tok/sec: 1,566,262 | mfu: 37.8% | epoch: 1 | remaining: 215s    
step 00249 (28.3%) | loss: 3.234322 | lrm: 1.00 | dt: 334ms | tok/sec: 1,571,119 | mfu: 38.0% | epoch: 1 | remaining: 215s    
step 00250 (28.4%) | loss: 3.234879 | lrm: 1.00 | dt: 326ms | tok/sec: 1,606,182 | mfu: 38.8% | epoch: 1 | remaining: 215s    
step 00251 (28.5%) | loss: 3.237055 | lrm: 1.00 | dt: 333ms | tok/sec: 1,573,726 | mfu: 38.0% | epoch: 1 | remaining: 214s    
step 00252 (28.6%) | loss: 3.238865 | lrm: 1.00 | dt: 344ms | tok/sec: 1,522,179 | mfu: 36.8% | epoch: 1 | remaining: 214s    
step 00253 (28.7%) | loss: 3.242386 | lrm: 1.00 | dt: 335ms | tok/sec: 1,564,527 | mfu: 37.8% | epoch: 1 | remaining: 214s    
step 00254 (28.8%) | loss: 3.245607 | lrm: 1.00 | dt: 347ms | tok/sec: 1,508,999 | mfu: 36.5% | epoch: 1 | remaining: 213s    
step 00255 (28.9%) | loss: 3.244556 | lrm: 1.00 | dt: 374ms | tok/sec: 1,401,168 | mfu: 33.9% | epoch: 1 | remaining: 213s    
step 00256 (29.1%) | loss: 3.239548 | lrm: 1.00 | dt: 325ms | tok/sec: 1,614,098 | mfu: 39.0% | epoch: 1 | remaining: 212s    
step 00257 (29.2%) | loss: 3.240264 | lrm: 1.00 | dt: 432ms | tok/sec: 1,213,305 | mfu: 29.3% | epoch: 1 | remaining: 212s    
step 00258 (29.3%) | loss: 3.233050 | lrm: 1.00 | dt: 346ms | tok/sec: 1,513,171 | mfu: 36.6% | epoch: 1 | remaining: 212s    
step 00259 (29.4%) | loss: 3.232618 | lrm: 1.00 | dt: 351ms | tok/sec: 1,493,551 | mfu: 36.1% | epoch: 1 | remaining: 211s    
step 00260 (29.5%) | loss: 3.230704 | lrm: 1.00 | dt: 334ms | tok/sec: 1,569,814 | mfu: 37.9% | epoch: 1 | remaining: 211s    
step 00261 (29.7%) | loss: 3.228247 | lrm: 1.00 | dt: 365ms | tok/sec: 1,436,294 | mfu: 34.7% | epoch: 1 | remaining: 211s    
step 00262 (29.8%) | loss: 3.229216 | lrm: 1.00 | dt: 350ms | tok/sec: 1,495,999 | mfu: 36.1% | epoch: 1 | remaining: 210s    
step 00263 (29.9%) | loss: 3.228925 | lrm: 1.00 | dt: 419ms | tok/sec: 1,251,851 | mfu: 30.2% | epoch: 1 | remaining: 210s    
step 00264 (30.0%) | loss: 3.229091 | lrm: 1.00 | dt: 350ms | tok/sec: 1,499,641 | mfu: 36.2% | epoch: 1 | remaining: 210s    
step 00265 (30.1%) | loss: 3.227397 | lrm: 1.00 | dt: 355ms | tok/sec: 1,476,281 | mfu: 35.7% | epoch: 1 | remaining: 209s    
step 00266 (30.3%) | loss: 3.222307 | lrm: 1.00 | dt: 335ms | tok/sec: 1,564,604 | mfu: 37.8% | epoch: 1 | remaining: 209s    
step 00267 (30.4%) | loss: 3.219189 | lrm: 1.00 | dt: 344ms | tok/sec: 1,524,164 | mfu: 36.8% | epoch: 1 | remaining: 209s    
step 00268 (30.5%) | loss: 3.218897 | lrm: 1.00 | dt: 392ms | tok/sec: 1,337,682 | mfu: 32.3% | epoch: 1 | remaining: 208s    
step 00269 (30.6%) | loss: 3.214662 | lrm: 1.00 | dt: 352ms | tok/sec: 1,490,253 | mfu: 36.0% | epoch: 1 | remaining: 208s    
step 00270 (30.7%) | loss: 3.214726 | lrm: 1.00 | dt: 427ms | tok/sec: 1,228,681 | mfu: 29.7% | epoch: 1 | remaining: 207s    
step 00271 (30.9%) | loss: 3.215213 | lrm: 1.00 | dt: 337ms | tok/sec: 1,556,557 | mfu: 37.6% | epoch: 1 | remaining: 207s    
step 00272 (31.0%) | loss: 3.216950 | lrm: 1.00 | dt: 343ms | tok/sec: 1,529,045 | mfu: 36.9% | epoch: 1 | remaining: 207s    
step 00273 (31.1%) | loss: 3.213037 | lrm: 1.00 | dt: 351ms | tok/sec: 1,491,765 | mfu: 36.0% | epoch: 1 | remaining: 206s    
step 00274 (31.2%) | loss: 3.210977 | lrm: 1.00 | dt: 328ms | tok/sec: 1,600,492 | mfu: 38.7% | epoch: 1 | remaining: 206s    
step 00275 (31.3%) | loss: 3.206477 | lrm: 1.00 | dt: 406ms | tok/sec: 1,291,551 | mfu: 31.2% | epoch: 1 | remaining: 206s    
step 00276 (31.5%) | loss: 3.211327 | lrm: 1.00 | dt: 324ms | tok/sec: 1,619,180 | mfu: 39.1% | epoch: 1 | remaining: 205s    
step 00277 (31.6%) | loss: 3.208899 | lrm: 1.00 | dt: 320ms | tok/sec: 1,636,890 | mfu: 39.5% | epoch: 1 | remaining: 205s    
step 00278 (31.7%) | loss: 3.205824 | lrm: 1.00 | dt: 348ms | tok/sec: 1,505,810 | mfu: 36.4% | epoch: 1 | remaining: 205s    
step 00279 (31.8%) | loss: 3.206979 | lrm: 1.00 | dt: 337ms | tok/sec: 1,556,916 | mfu: 37.6% | epoch: 1 | remaining: 204s    
step 00280 (31.9%) | loss: 3.206358 | lrm: 1.00 | dt: 384ms | tok/sec: 1,365,577 | mfu: 33.0% | epoch: 1 | remaining: 204s    
step 00281 (32.0%) | loss: 3.208561 | lrm: 1.00 | dt: 427ms | tok/sec: 1,228,756 | mfu: 29.7% | epoch: 1 | remaining: 203s    
step 00282 (32.2%) | loss: 3.208071 | lrm: 1.00 | dt: 408ms | tok/sec: 1,283,796 | mfu: 31.0% | epoch: 1 | remaining: 203s    
step 00283 (32.3%) | loss: 3.209458 | lrm: 1.00 | dt: 383ms | tok/sec: 1,369,589 | mfu: 33.1% | epoch: 1 | remaining: 203s    
step 00284 (32.4%) | loss: 3.206119 | lrm: 1.00 | dt: 359ms | tok/sec: 1,461,042 | mfu: 35.3% | epoch: 1 | remaining: 202s    
step 00285 (32.6%) | loss: 3.204291 | lrm: 1.00 | dt: 321ms | tok/sec: 1,635,568 | mfu: 39.5% | epoch: 1 | remaining: 202s    
step 00286 (32.7%) | loss: 3.204076 | lrm: 1.00 | dt: 347ms | tok/sec: 1,510,867 | mfu: 36.5% | epoch: 1 | remaining: 202s    
step 00287 (32.8%) | loss: 3.203123 | lrm: 1.00 | dt: 345ms | tok/sec: 1,517,547 | mfu: 36.7% | epoch: 1 | remaining: 201s    
step 00288 (32.9%) | loss: 3.207343 | lrm: 1.00 | dt: 323ms | tok/sec: 1,621,300 | mfu: 39.2% | epoch: 1 | remaining: 201s    
step 00289 (33.0%) | loss: 3.204409 | lrm: 1.00 | dt: 367ms | tok/sec: 1,428,851 | mfu: 34.5% | epoch: 1 | remaining: 201s    
step 00290 (33.1%) | loss: 3.201564 | lrm: 1.00 | dt: 328ms | tok/sec: 1,600,066 | mfu: 38.7% | epoch: 1 | remaining: 200s    
step 00291 (33.2%) | loss: 3.199547 | lrm: 1.00 | dt: 332ms | tok/sec: 1,576,974 | mfu: 38.1% | epoch: 1 | remaining: 200s    
step 00292 (33.4%) | loss: 3.197860 | lrm: 1.00 | dt: 336ms | tok/sec: 1,560,574 | mfu: 37.7% | epoch: 1 | remaining: 200s    
step 00293 (33.5%) | loss: 3.195925 | lrm: 1.00 | dt: 333ms | tok/sec: 1,575,981 | mfu: 38.1% | epoch: 1 | remaining: 199s    
step 00294 (33.6%) | loss: 3.195020 | lrm: 1.00 | dt: 351ms | tok/sec: 1,493,361 | mfu: 36.1% | epoch: 1 | remaining: 199s    
step 00295 (33.7%) | loss: 3.199288 | lrm: 1.00 | dt: 353ms | tok/sec: 1,484,070 | mfu: 35.9% | epoch: 1 | remaining: 199s    
step 00296 (33.8%) | loss: 3.200681 | lrm: 1.00 | dt: 450ms | tok/sec: 1,164,534 | mfu: 28.1% | epoch: 1 | remaining: 198s    
step 00297 (34.0%) | loss: 3.204467 | lrm: 1.00 | dt: 355ms | tok/sec: 1,477,843 | mfu: 35.7% | epoch: 1 | remaining: 198s    
step 00298 (34.1%) | loss: 3.199841 | lrm: 1.00 | dt: 424ms | tok/sec: 1,237,203 | mfu: 29.9% | epoch: 1 | remaining: 197s    
step 00299 (34.2%) | loss: 3.190290 | lrm: 1.00 | dt: 330ms | tok/sec: 1,589,097 | mfu: 38.4% | epoch: 1 | remaining: 197s    
step 00300 (34.3%) | loss: 3.189229 | lrm: 1.00 | dt: 330ms | tok/sec: 1,590,314 | mfu: 38.4% | epoch: 1 | remaining: 197s    
step 00301 (34.4%) | loss: 3.190383 | lrm: 1.00 | dt: 344ms | tok/sec: 1,522,849 | mfu: 36.8% | epoch: 1 | remaining: 196s    
step 00302 (34.6%) | loss: 3.189539 | lrm: 1.00 | dt: 330ms | tok/sec: 1,589,879 | mfu: 38.4% | epoch: 1 | remaining: 196s    
step 00303 (34.7%) | loss: 3.188699 | lrm: 1.00 | dt: 396ms | tok/sec: 1,322,991 | mfu: 32.0% | epoch: 1 | remaining: 196s    
step 00304 (34.8%) | loss: 3.185789 | lrm: 1.00 | dt: 380ms | tok/sec: 1,379,258 | mfu: 33.3% | epoch: 1 | remaining: 195s    
step 00305 (34.9%) | loss: 3.184716 | lrm: 1.00 | dt: 346ms | tok/sec: 1,515,085 | mfu: 36.6% | epoch: 1 | remaining: 195s    
step 00306 (35.0%) | loss: 3.180681 | lrm: 1.00 | dt: 442ms | tok/sec: 1,186,712 | mfu: 28.7% | epoch: 1 | remaining: 194s    
step 00307 (35.2%) | loss: 3.175055 | lrm: 1.00 | dt: 335ms | tok/sec: 1,564,031 | mfu: 37.8% | epoch: 1 | remaining: 194s    
step 00308 (35.3%) | loss: 3.172392 | lrm: 1.00 | dt: 393ms | tok/sec: 1,332,666 | mfu: 32.2% | epoch: 1 | remaining: 194s    
step 00309 (35.4%) | loss: 3.169434 | lrm: 1.00 | dt: 318ms | tok/sec: 1,648,554 | mfu: 39.8% | epoch: 1 | remaining: 193s    
step 00310 (35.5%) | loss: 3.170779 | lrm: 1.00 | dt: 325ms | tok/sec: 1,614,361 | mfu: 39.0% | epoch: 1 | remaining: 193s    
step 00311 (35.6%) | loss: 3.171390 | lrm: 1.00 | dt: 343ms | tok/sec: 1,526,447 | mfu: 36.9% | epoch: 1 | remaining: 193s    
step 00312 (35.8%) | loss: 3.170272 | lrm: 1.00 | dt: 329ms | tok/sec: 1,594,821 | mfu: 38.5% | epoch: 1 | remaining: 192s    
step 00313 (35.9%) | loss: 3.168446 | lrm: 1.00 | dt: 334ms | tok/sec: 1,569,457 | mfu: 37.9% | epoch: 1 | remaining: 192s    
step 00314 (36.0%) | loss: 3.164025 | lrm: 1.00 | dt: 340ms | tok/sec: 1,542,447 | mfu: 37.3% | epoch: 1 | remaining: 192s    
step 00315 (36.1%) | loss: 3.162034 | lrm: 1.00 | dt: 328ms | tok/sec: 1,597,659 | mfu: 38.6% | epoch: 1 | remaining: 191s    
step 00316 (36.2%) | loss: 3.164367 | lrm: 1.00 | dt: 326ms | tok/sec: 1,606,442 | mfu: 38.8% | epoch: 1 | remaining: 191s    
step 00317 (36.3%) | loss: 3.160680 | lrm: 1.00 | dt: 372ms | tok/sec: 1,408,991 | mfu: 34.0% | epoch: 1 | remaining: 191s    
step 00318 (36.4%) | loss: 3.158691 | lrm: 1.00 | dt: 358ms | tok/sec: 1,464,853 | mfu: 35.4% | epoch: 1 | remaining: 190s    
step 00319 (36.6%) | loss: 3.159250 | lrm: 1.00 | dt: 369ms | tok/sec: 1,421,988 | mfu: 34.4% | epoch: 1 | remaining: 190s    
step 00320 (36.7%) | loss: 3.158192 | lrm: 1.00 | dt: 388ms | tok/sec: 1,350,621 | mfu: 32.6% | epoch: 1 | remaining: 190s    
step 00321 (36.8%) | loss: 3.162046 | lrm: 1.00 | dt: 354ms | tok/sec: 1,482,072 | mfu: 35.8% | epoch: 1 | remaining: 189s    
step 00322 (36.9%) | loss: 3.158149 | lrm: 1.00 | dt: 380ms | tok/sec: 1,381,142 | mfu: 33.4% | epoch: 1 | remaining: 189s    
step 00323 (37.1%) | loss: 3.154444 | lrm: 1.00 | dt: 321ms | tok/sec: 1,631,615 | mfu: 39.4% | epoch: 1 | remaining: 189s    
step 00324 (37.2%) | loss: 3.154569 | lrm: 1.00 | dt: 330ms | tok/sec: 1,590,035 | mfu: 38.4% | epoch: 1 | remaining: 188s    
step 00325 (37.3%) | loss: 3.153312 | lrm: 1.00 | dt: 361ms | tok/sec: 1,453,750 | mfu: 35.1% | epoch: 1 | remaining: 188s    
step 00326 (37.4%) | loss: 3.157267 | lrm: 1.00 | dt: 324ms | tok/sec: 1,616,375 | mfu: 39.1% | epoch: 1 | remaining: 188s    
step 00327 (37.5%) | loss: 3.160730 | lrm: 1.00 | dt: 331ms | tok/sec: 1,583,390 | mfu: 38.3% | epoch: 1 | remaining: 187s    
step 00328 (37.6%) | loss: 3.155313 | lrm: 1.00 | dt: 360ms | tok/sec: 1,456,974 | mfu: 35.2% | epoch: 1 | remaining: 187s    
step 00329 (37.7%) | loss: 3.156662 | lrm: 1.00 | dt: 334ms | tok/sec: 1,571,043 | mfu: 38.0% | epoch: 1 | remaining: 186s    
step 00330 (37.8%) | loss: 3.153955 | lrm: 1.00 | dt: 349ms | tok/sec: 1,502,522 | mfu: 36.3% | epoch: 1 | remaining: 186s    
step 00331 (38.0%) | loss: 3.155552 | lrm: 1.00 | dt: 351ms | tok/sec: 1,495,247 | mfu: 36.1% | epoch: 1 | remaining: 186s    
step 00332 (38.1%) | loss: 3.154028 | lrm: 1.00 | dt: 323ms | tok/sec: 1,620,676 | mfu: 39.2% | epoch: 1 | remaining: 185s    
step 00333 (38.2%) | loss: 3.152061 | lrm: 1.00 | dt: 331ms | tok/sec: 1,582,300 | mfu: 38.2% | epoch: 1 | remaining: 185s    
step 00334 (38.3%) | loss: 3.150251 | lrm: 1.00 | dt: 351ms | tok/sec: 1,493,642 | mfu: 36.1% | epoch: 1 | remaining: 185s    
step 00335 (38.4%) | loss: 3.147642 | lrm: 1.00 | dt: 354ms | tok/sec: 1,481,508 | mfu: 35.8% | epoch: 1 | remaining: 184s    
step 00336 (38.5%) | loss: 3.149633 | lrm: 1.00 | dt: 343ms | tok/sec: 1,528,518 | mfu: 36.9% | epoch: 1 | remaining: 184s    
step 00337 (38.6%) | loss: 3.153612 | lrm: 1.00 | dt: 332ms | tok/sec: 1,579,768 | mfu: 38.2% | epoch: 1 | remaining: 184s    
step 00338 (38.8%) | loss: 3.151379 | lrm: 1.00 | dt: 333ms | tok/sec: 1,574,737 | mfu: 38.0% | epoch: 1 | remaining: 183s    
step 00339 (38.9%) | loss: 3.151516 | lrm: 1.00 | dt: 330ms | tok/sec: 1,589,631 | mfu: 38.4% | epoch: 1 | remaining: 183s    
step 00340 (39.0%) | loss: 3.152652 | lrm: 1.00 | dt: 355ms | tok/sec: 1,476,715 | mfu: 35.7% | epoch: 1 | remaining: 183s    
step 00341 (39.1%) | loss: 3.156186 | lrm: 1.00 | dt: 337ms | tok/sec: 1,556,729 | mfu: 37.6% | epoch: 1 | remaining: 182s    
step 00342 (39.2%) | loss: 3.156538 | lrm: 1.00 | dt: 325ms | tok/sec: 1,611,026 | mfu: 38.9% | epoch: 1 | remaining: 182s    
step 00343 (39.3%) | loss: 3.151898 | lrm: 1.00 | dt: 421ms | tok/sec: 1,244,082 | mfu: 30.1% | epoch: 1 | remaining: 182s    
step 00344 (39.5%) | loss: 3.151257 | lrm: 1.00 | dt: 379ms | tok/sec: 1,384,254 | mfu: 33.4% | epoch: 1 | remaining: 181s    
step 00345 (39.6%) | loss: 3.155671 | lrm: 1.00 | dt: 353ms | tok/sec: 1,487,208 | mfu: 35.9% | epoch: 1 | remaining: 181s    
step 00346 (39.7%) | loss: 3.151243 | lrm: 1.00 | dt: 358ms | tok/sec: 1,465,452 | mfu: 35.4% | epoch: 1 | remaining: 181s    
step 00347 (39.8%) | loss: 3.146139 | lrm: 1.00 | dt: 329ms | tok/sec: 1,595,562 | mfu: 38.6% | epoch: 1 | remaining: 180s    
step 00348 (39.9%) | loss: 3.143447 | lrm: 1.00 | dt: 340ms | tok/sec: 1,542,298 | mfu: 37.3% | epoch: 1 | remaining: 180s    
step 00349 (40.0%) | loss: 3.143000 | lrm: 1.00 | dt: 339ms | tok/sec: 1,545,203 | mfu: 37.3% | epoch: 1 | remaining: 180s    
step 00350 (40.2%) | loss: 3.141551 | lrm: 1.00 | dt: 345ms | tok/sec: 1,520,606 | mfu: 36.7% | epoch: 1 | remaining: 179s    
step 00351 (40.3%) | loss: 3.140227 | lrm: 1.00 | dt: 333ms | tok/sec: 1,574,473 | mfu: 38.0% | epoch: 1 | remaining: 179s    
step 00352 (40.4%) | loss: 3.137712 | lrm: 1.00 | dt: 347ms | tok/sec: 1,511,911 | mfu: 36.5% | epoch: 1 | remaining: 179s    
step 00353 (40.5%) | loss: 3.137311 | lrm: 1.00 | dt: 333ms | tok/sec: 1,572,340 | mfu: 38.0% | epoch: 1 | remaining: 178s    
step 00354 (40.6%) | loss: 3.132698 | lrm: 1.00 | dt: 340ms | tok/sec: 1,540,774 | mfu: 37.2% | epoch: 1 | remaining: 178s    
step 00355 (40.7%) | loss: 3.127544 | lrm: 1.00 | dt: 357ms | tok/sec: 1,467,884 | mfu: 35.5% | epoch: 1 | remaining: 177s    
step 00356 (40.8%) | loss: 3.130977 | lrm: 1.00 | dt: 321ms | tok/sec: 1,633,547 | mfu: 39.5% | epoch: 1 | remaining: 177s    
step 00357 (40.9%) | loss: 3.134465 | lrm: 1.00 | dt: 403ms | tok/sec: 1,301,402 | mfu: 31.4% | epoch: 1 | remaining: 177s    
step 00358 (41.1%) | loss: 3.136398 | lrm: 1.00 | dt: 431ms | tok/sec: 1,216,546 | mfu: 29.4% | epoch: 1 | remaining: 176s    
step 00359 (41.2%) | loss: 3.137235 | lrm: 1.00 | dt: 349ms | tok/sec: 1,503,887 | mfu: 36.3% | epoch: 1 | remaining: 176s    
step 00360 (41.3%) | loss: 3.135457 | lrm: 1.00 | dt: 347ms | tok/sec: 1,512,695 | mfu: 36.5% | epoch: 1 | remaining: 176s    
step 00361 (41.5%) | loss: 3.135125 | lrm: 1.00 | dt: 371ms | tok/sec: 1,412,879 | mfu: 34.1% | epoch: 1 | remaining: 175s    
step 00362 (41.6%) | loss: 3.130227 | lrm: 1.00 | dt: 349ms | tok/sec: 1,502,165 | mfu: 36.3% | epoch: 1 | remaining: 175s    
step 00363 (41.7%) | loss: 3.131885 | lrm: 1.00 | dt: 356ms | tok/sec: 1,473,438 | mfu: 35.6% | epoch: 1 | remaining: 175s    
step 00364 (41.8%) | loss: 3.129033 | lrm: 1.00 | dt: 327ms | tok/sec: 1,603,773 | mfu: 38.7% | epoch: 1 | remaining: 174s    
step 00365 (41.9%) | loss: 3.128799 | lrm: 1.00 | dt: 340ms | tok/sec: 1,541,362 | mfu: 37.2% | epoch: 1 | remaining: 174s    
step 00366 (42.0%) | loss: 3.126176 | lrm: 1.00 | dt: 346ms | tok/sec: 1,516,395 | mfu: 36.6% | epoch: 1 | remaining: 174s    
step 00367 (42.2%) | loss: 3.128716 | lrm: 1.00 | dt: 326ms | tok/sec: 1,606,929 | mfu: 38.8% | epoch: 1 | remaining: 173s    
step 00368 (42.3%) | loss: 3.128642 | lrm: 1.00 | dt: 331ms | tok/sec: 1,583,251 | mfu: 38.3% | epoch: 1 | remaining: 173s    
step 00369 (42.4%) | loss: 3.128937 | lrm: 1.00 | dt: 355ms | tok/sec: 1,477,696 | mfu: 35.7% | epoch: 1 | remaining: 173s    
step 00370 (42.5%) | loss: 3.124643 | lrm: 1.00 | dt: 356ms | tok/sec: 1,473,275 | mfu: 35.6% | epoch: 1 | remaining: 172s    
step 00371 (42.6%) | loss: 3.122660 | lrm: 1.00 | dt: 325ms | tok/sec: 1,612,183 | mfu: 39.0% | epoch: 1 | remaining: 172s    
step 00372 (42.7%) | loss: 3.125378 | lrm: 1.00 | dt: 335ms | tok/sec: 1,565,275 | mfu: 37.8% | epoch: 1 | remaining: 172s    
step 00373 (42.8%) | loss: 3.125194 | lrm: 1.00 | dt: 335ms | tok/sec: 1,566,761 | mfu: 37.9% | epoch: 1 | remaining: 171s    
step 00374 (42.9%) | loss: 3.119655 | lrm: 1.00 | dt: 330ms | tok/sec: 1,587,345 | mfu: 38.4% | epoch: 1 | remaining: 171s    
step 00375 (43.0%) | loss: 3.118339 | lrm: 1.00 | dt: 333ms | tok/sec: 1,572,945 | mfu: 38.0% | epoch: 1 | remaining: 171s    
step 00376 (43.2%) | loss: 3.118532 | lrm: 1.00 | dt: 356ms | tok/sec: 1,470,855 | mfu: 35.5% | epoch: 1 | remaining: 170s    
step 00377 (43.3%) | loss: 3.116281 | lrm: 1.00 | dt: 380ms | tok/sec: 1,380,294 | mfu: 33.4% | epoch: 1 | remaining: 170s    
step 00378 (43.4%) | loss: 3.116492 | lrm: 1.00 | dt: 318ms | tok/sec: 1,647,273 | mfu: 39.8% | epoch: 1 | remaining: 169s    
step 00379 (43.5%) | loss: 3.113907 | lrm: 1.00 | dt: 322ms | tok/sec: 1,629,614 | mfu: 39.4% | epoch: 1 | remaining: 169s    
step 00380 (43.6%) | loss: 3.107478 | lrm: 1.00 | dt: 361ms | tok/sec: 1,453,595 | mfu: 35.1% | epoch: 1 | remaining: 169s    
step 00381 (43.7%) | loss: 3.109654 | lrm: 1.00 | dt: 355ms | tok/sec: 1,477,977 | mfu: 35.7% | epoch: 1 | remaining: 168s    
step 00382 (43.9%) | loss: 3.106710 | lrm: 1.00 | dt: 321ms | tok/sec: 1,633,516 | mfu: 39.5% | epoch: 1 | remaining: 168s    
step 00383 (44.0%) | loss: 3.105505 | lrm: 1.00 | dt: 336ms | tok/sec: 1,562,027 | mfu: 37.7% | epoch: 1 | remaining: 168s    
step 00384 (44.1%) | loss: 3.105934 | lrm: 1.00 | dt: 341ms | tok/sec: 1,535,759 | mfu: 37.1% | epoch: 1 | remaining: 167s    
step 00385 (44.2%) | loss: 3.108754 | lrm: 1.00 | dt: 360ms | tok/sec: 1,455,331 | mfu: 35.2% | epoch: 1 | remaining: 167s    
step 00386 (44.3%) | loss: 3.111540 | lrm: 1.00 | dt: 323ms | tok/sec: 1,623,692 | mfu: 39.2% | epoch: 1 | remaining: 167s    
step 00387 (44.4%) | loss: 3.110557 | lrm: 1.00 | dt: 332ms | tok/sec: 1,577,652 | mfu: 38.1% | epoch: 1 | remaining: 166s    
step 00388 (44.5%) | loss: 3.108628 | lrm: 1.00 | dt: 340ms | tok/sec: 1,542,876 | mfu: 37.3% | epoch: 1 | remaining: 166s    
step 00389 (44.6%) | loss: 3.108864 | lrm: 1.00 | dt: 351ms | tok/sec: 1,495,786 | mfu: 36.1% | epoch: 1 | remaining: 166s    
step 00390 (44.8%) | loss: 3.108668 | lrm: 1.00 | dt: 334ms | tok/sec: 1,568,989 | mfu: 37.9% | epoch: 1 | remaining: 165s    
step 00391 (44.9%) | loss: 3.106611 | lrm: 1.00 | dt: 412ms | tok/sec: 1,273,168 | mfu: 30.8% | epoch: 1 | remaining: 165s    
step 00392 (45.0%) | loss: 3.102183 | lrm: 1.00 | dt: 340ms | tok/sec: 1,543,573 | mfu: 37.3% | epoch: 1 | remaining: 165s    
step 00393 (45.1%) | loss: 3.102538 | lrm: 1.00 | dt: 451ms | tok/sec: 1,161,655 | mfu: 28.1% | epoch: 1 | remaining: 164s    
step 00394 (45.3%) | loss: 3.098738 | lrm: 1.00 | dt: 373ms | tok/sec: 1,404,757 | mfu: 33.9% | epoch: 1 | remaining: 164s    
step 00395 (45.4%) | loss: 3.093405 | lrm: 1.00 | dt: 320ms | tok/sec: 1,639,246 | mfu: 39.6% | epoch: 1 | remaining: 163s    
step 00396 (45.5%) | loss: 3.087574 | lrm: 1.00 | dt: 332ms | tok/sec: 1,577,129 | mfu: 38.1% | epoch: 1 | remaining: 163s    
step 00397 (45.6%) | loss: 3.090462 | lrm: 1.00 | dt: 345ms | tok/sec: 1,521,043 | mfu: 36.8% | epoch: 1 | remaining: 163s    
step 00398 (45.7%) | loss: 3.091998 | lrm: 1.00 | dt: 330ms | tok/sec: 1,587,792 | mfu: 38.4% | epoch: 1 | remaining: 162s    
step 00399 (45.8%) | loss: 3.084250 | lrm: 1.00 | dt: 406ms | tok/sec: 1,291,897 | mfu: 31.2% | epoch: 1 | remaining: 162s    
step 00400 (46.0%) | loss: 3.082949 | lrm: 1.00 | dt: 350ms | tok/sec: 1,500,018 | mfu: 36.2% | epoch: 1 | remaining: 162s    
step 00401 (46.1%) | loss: 3.077536 | lrm: 1.00 | dt: 320ms | tok/sec: 1,638,244 | mfu: 39.6% | epoch: 1 | remaining: 161s    
step 00402 (46.2%) | loss: 3.077501 | lrm: 1.00 | dt: 353ms | tok/sec: 1,483,712 | mfu: 35.8% | epoch: 1 | remaining: 161s    
step 00403 (46.3%) | loss: 3.076025 | lrm: 1.00 | dt: 397ms | tok/sec: 1,320,151 | mfu: 31.9% | epoch: 1 | remaining: 161s    
step 00404 (46.4%) | loss: 3.074533 | lrm: 1.00 | dt: 320ms | tok/sec: 1,640,013 | mfu: 39.6% | epoch: 1 | remaining: 160s    
step 00405 (46.6%) | loss: 3.075181 | lrm: 1.00 | dt: 323ms | tok/sec: 1,622,934 | mfu: 39.2% | epoch: 1 | remaining: 160s    
step 00406 (46.7%) | loss: 3.078502 | lrm: 1.00 | dt: 357ms | tok/sec: 1,468,251 | mfu: 35.5% | epoch: 1 | remaining: 160s    
step 00407 (46.8%) | loss: 3.080792 | lrm: 1.00 | dt: 328ms | tok/sec: 1,596,835 | mfu: 38.6% | epoch: 1 | remaining: 159s    
step 00408 (46.9%) | loss: 3.074021 | lrm: 1.00 | dt: 339ms | tok/sec: 1,548,098 | mfu: 37.4% | epoch: 1 | remaining: 159s    
step 00409 (47.0%) | loss: 3.076104 | lrm: 1.00 | dt: 374ms | tok/sec: 1,401,757 | mfu: 33.9% | epoch: 1 | remaining: 159s    
step 00410 (47.1%) | loss: 3.082213 | lrm: 1.00 | dt: 340ms | tok/sec: 1,541,575 | mfu: 37.2% | epoch: 1 | remaining: 158s    
step 00411 (47.2%) | loss: 3.087623 | lrm: 1.00 | dt: 362ms | tok/sec: 1,447,778 | mfu: 35.0% | epoch: 1 | remaining: 158s    
step 00412 (47.4%) | loss: 3.084808 | lrm: 1.00 | dt: 356ms | tok/sec: 1,471,067 | mfu: 35.5% | epoch: 1 | remaining: 158s    
step 00413 (47.5%) | loss: 3.087944 | lrm: 1.00 | dt: 387ms | tok/sec: 1,353,975 | mfu: 32.7% | epoch: 1 | remaining: 157s    
step 00414 (47.6%) | loss: 3.086200 | lrm: 1.00 | dt: 346ms | tok/sec: 1,514,948 | mfu: 36.6% | epoch: 1 | remaining: 157s    
step 00415 (47.7%) | loss: 3.084209 | lrm: 1.00 | dt: 336ms | tok/sec: 1,562,242 | mfu: 37.7% | epoch: 1 | remaining: 156s    
step 00416 (47.8%) | loss: 3.085825 | lrm: 1.00 | dt: 331ms | tok/sec: 1,583,386 | mfu: 38.3% | epoch: 1 | remaining: 156s    
step 00417 (47.9%) | loss: 3.088107 | lrm: 1.00 | dt: 337ms | tok/sec: 1,556,266 | mfu: 37.6% | epoch: 1 | remaining: 156s    
step 00418 (48.1%) | loss: 3.087575 | lrm: 1.00 | dt: 414ms | tok/sec: 1,266,183 | mfu: 30.6% | epoch: 1 | remaining: 155s    
step 00419 (48.2%) | loss: 3.080338 | lrm: 1.00 | dt: 342ms | tok/sec: 1,533,437 | mfu: 37.1% | epoch: 1 | remaining: 155s    
step 00420 (48.3%) | loss: 3.078411 | lrm: 1.00 | dt: 354ms | tok/sec: 1,479,422 | mfu: 35.7% | epoch: 1 | remaining: 155s    
step 00421 (48.4%) | loss: 3.074070 | lrm: 1.00 | dt: 363ms | tok/sec: 1,445,787 | mfu: 34.9% | epoch: 1 | remaining: 154s    
step 00422 (48.5%) | loss: 3.073051 | lrm: 1.00 | dt: 380ms | tok/sec: 1,378,784 | mfu: 33.3% | epoch: 1 | remaining: 154s    
step 00423 (48.7%) | loss: 3.079228 | lrm: 1.00 | dt: 345ms | tok/sec: 1,520,638 | mfu: 36.7% | epoch: 1 | remaining: 154s    
step 00424 (48.8%) | loss: 3.080571 | lrm: 1.00 | dt: 337ms | tok/sec: 1,556,703 | mfu: 37.6% | epoch: 1 | remaining: 153s    
step 00425 (48.9%) | loss: 3.081182 | lrm: 1.00 | dt: 332ms | tok/sec: 1,580,655 | mfu: 38.2% | epoch: 1 | remaining: 153s    
step 00426 (49.0%) | loss: 3.076388 | lrm: 1.00 | dt: 333ms | tok/sec: 1,572,516 | mfu: 38.0% | epoch: 1 | remaining: 153s    
step 00427 (49.1%) | loss: 3.077057 | lrm: 1.00 | dt: 345ms | tok/sec: 1,518,513 | mfu: 36.7% | epoch: 1 | remaining: 152s    
step 00428 (49.2%) | loss: 3.074780 | lrm: 1.00 | dt: 331ms | tok/sec: 1,584,897 | mfu: 38.3% | epoch: 1 | remaining: 152s    
step 00429 (49.3%) | loss: 3.069279 | lrm: 1.00 | dt: 335ms | tok/sec: 1,565,968 | mfu: 37.8% | epoch: 1 | remaining: 152s    
step 00430 (49.5%) | loss: 3.071181 | lrm: 1.00 | dt: 369ms | tok/sec: 1,421,785 | mfu: 34.4% | epoch: 1 | remaining: 151s    
step 00431 (49.6%) | loss: 3.071292 | lrm: 1.00 | dt: 335ms | tok/sec: 1,564,447 | mfu: 37.8% | epoch: 1 | remaining: 151s    
step 00432 (49.7%) | loss: 3.069968 | lrm: 1.00 | dt: 329ms | tok/sec: 1,591,893 | mfu: 38.5% | epoch: 1 | remaining: 151s    
step 00433 (49.8%) | loss: 3.066928 | lrm: 1.00 | dt: 334ms | tok/sec: 1,571,496 | mfu: 38.0% | epoch: 1 | remaining: 150s    
step 00434 (49.9%) | loss: 3.071037 | lrm: 1.00 | dt: 380ms | tok/sec: 1,378,359 | mfu: 33.3% | epoch: 1 | remaining: 150s    
step 00435 (50.0%) | loss: 3.066952 | lrm: 1.00 | dt: 321ms | tok/sec: 1,635,094 | mfu: 39.5% | epoch: 1 | remaining: 150s    
step 00436 (50.2%) | loss: 3.069409 | lrm: 1.00 | dt: 393ms | tok/sec: 1,334,929 | mfu: 32.3% | epoch: 1 | remaining: 149s    
step 00437 (50.3%) | loss: 3.073621 | lrm: 0.99 | dt: 347ms | tok/sec: 1,511,518 | mfu: 36.5% | epoch: 1 | remaining: 149s    
step 00438 (50.4%) | loss: 3.074533 | lrm: 0.99 | dt: 364ms | tok/sec: 1,440,859 | mfu: 34.8% | epoch: 1 | remaining: 148s    
step 00439 (50.5%) | loss: 3.075452 | lrm: 0.99 | dt: 342ms | tok/sec: 1,534,188 | mfu: 37.1% | epoch: 1 | remaining: 148s    
step 00440 (50.6%) | loss: 3.073549 | lrm: 0.99 | dt: 436ms | tok/sec: 1,203,193 | mfu: 29.1% | epoch: 1 | remaining: 148s    
step 00441 (50.8%) | loss: 3.082047 | lrm: 0.98 | dt: 319ms | tok/sec: 1,642,837 | mfu: 39.7% | epoch: 1 | remaining: 147s    
step 00442 (50.9%) | loss: 3.083761 | lrm: 0.98 | dt: 322ms | tok/sec: 1,630,209 | mfu: 39.4% | epoch: 1 | remaining: 147s    
step 00443 (51.0%) | loss: 3.078385 | lrm: 0.98 | dt: 341ms | tok/sec: 1,538,371 | mfu: 37.2% | epoch: 1 | remaining: 147s    
step 00444 (51.1%) | loss: 3.081611 | lrm: 0.98 | dt: 339ms | tok/sec: 1,544,657 | mfu: 37.3% | epoch: 1 | remaining: 146s    
step 00445 (51.2%) | loss: 3.081229 | lrm: 0.98 | dt: 322ms | tok/sec: 1,627,814 | mfu: 39.3% | epoch: 1 | remaining: 146s    
step 00446 (51.3%) | loss: 3.079068 | lrm: 0.97 | dt: 364ms | tok/sec: 1,439,039 | mfu: 34.8% | epoch: 1 | remaining: 146s    
step 00447 (51.4%) | loss: 3.072563 | lrm: 0.97 | dt: 328ms | tok/sec: 1,598,466 | mfu: 38.6% | epoch: 1 | remaining: 145s    
step 00448 (51.6%) | loss: 3.071498 | lrm: 0.97 | dt: 319ms | tok/sec: 1,641,872 | mfu: 39.7% | epoch: 1 | remaining: 145s    
step 00449 (51.7%) | loss: 3.070759 | lrm: 0.97 | dt: 337ms | tok/sec: 1,558,035 | mfu: 37.6% | epoch: 1 | remaining: 145s    
step 00450 (51.8%) | loss: 3.068992 | lrm: 0.96 | dt: 381ms | tok/sec: 1,374,581 | mfu: 33.2% | epoch: 1 | remaining: 144s    
step 00451 (51.9%) | loss: 3.066375 | lrm: 0.96 | dt: 376ms | tok/sec: 1,393,020 | mfu: 33.7% | epoch: 1 | remaining: 144s    
step 00452 (52.0%) | loss: 3.061190 | lrm: 0.96 | dt: 325ms | tok/sec: 1,615,610 | mfu: 39.0% | epoch: 1 | remaining: 144s    
step 00453 (52.1%) | loss: 3.063253 | lrm: 0.96 | dt: 329ms | tok/sec: 1,595,095 | mfu: 38.5% | epoch: 1 | remaining: 143s    
step 00454 (52.2%) | loss: 3.058984 | lrm: 0.96 | dt: 335ms | tok/sec: 1,565,016 | mfu: 37.8% | epoch: 1 | remaining: 143s    
step 00455 (52.4%) | loss: 3.060582 | lrm: 0.95 | dt: 336ms | tok/sec: 1,562,557 | mfu: 37.8% | epoch: 1 | remaining: 143s    
step 00456 (52.5%) | loss: 3.061171 | lrm: 0.95 | dt: 417ms | tok/sec: 1,258,050 | mfu: 30.4% | epoch: 1 | remaining: 142s    
step 00457 (52.6%) | loss: 3.060591 | lrm: 0.95 | dt: 385ms | tok/sec: 1,362,848 | mfu: 32.9% | epoch: 1 | remaining: 142s    
step 00458 (52.7%) | loss: 3.058985 | lrm: 0.95 | dt: 346ms | tok/sec: 1,515,475 | mfu: 36.6% | epoch: 1 | remaining: 141s    
step 00459 (52.9%) | loss: 3.058527 | lrm: 0.94 | dt: 322ms | tok/sec: 1,628,990 | mfu: 39.4% | epoch: 1 | remaining: 141s    
step 00460 (53.0%) | loss: 3.055983 | lrm: 0.94 | dt: 341ms | tok/sec: 1,538,923 | mfu: 37.2% | epoch: 1 | remaining: 141s    
step 00461 (53.1%) | loss: 3.053869 | lrm: 0.94 | dt: 331ms | tok/sec: 1,585,502 | mfu: 38.3% | epoch: 1 | remaining: 140s    
step 00462 (53.2%) | loss: 3.052633 | lrm: 0.94 | dt: 324ms | tok/sec: 1,616,005 | mfu: 39.0% | epoch: 1 | remaining: 140s    
step 00463 (53.3%) | loss: 3.050870 | lrm: 0.93 | dt: 338ms | tok/sec: 1,552,686 | mfu: 37.5% | epoch: 1 | remaining: 140s    
step 00464 (53.4%) | loss: 3.053611 | lrm: 0.93 | dt: 443ms | tok/sec: 1,183,689 | mfu: 28.6% | epoch: 1 | remaining: 139s    
step 00465 (53.6%) | loss: 3.048930 | lrm: 0.93 | dt: 358ms | tok/sec: 1,465,519 | mfu: 35.4% | epoch: 1 | remaining: 139s    
step 00466 (53.7%) | loss: 3.048497 | lrm: 0.93 | dt: 321ms | tok/sec: 1,634,867 | mfu: 39.5% | epoch: 1 | remaining: 139s    
step 00467 (53.8%) | loss: 3.044302 | lrm: 0.92 | dt: 335ms | tok/sec: 1,563,079 | mfu: 37.8% | epoch: 1 | remaining: 138s    
step 00468 (53.9%) | loss: 3.044925 | lrm: 0.92 | dt: 330ms | tok/sec: 1,590,585 | mfu: 38.4% | epoch: 1 | remaining: 138s    
step 00469 (54.0%) | loss: 3.040036 | lrm: 0.92 | dt: 338ms | tok/sec: 1,551,455 | mfu: 37.5% | epoch: 1 | remaining: 138s    
step 00470 (54.1%) | loss: 3.031934 | lrm: 0.92 | dt: 333ms | tok/sec: 1,573,492 | mfu: 38.0% | epoch: 1 | remaining: 137s    
step 00471 (54.2%) | loss: 3.029951 | lrm: 0.92 | dt: 327ms | tok/sec: 1,602,139 | mfu: 38.7% | epoch: 1 | remaining: 137s    
step 00472 (54.3%) | loss: 3.030590 | lrm: 0.91 | dt: 335ms | tok/sec: 1,566,476 | mfu: 37.8% | epoch: 1 | remaining: 137s    
step 00473 (54.4%) | loss: 3.032617 | lrm: 0.91 | dt: 335ms | tok/sec: 1,565,069 | mfu: 37.8% | epoch: 1 | remaining: 136s    
step 00474 (54.6%) | loss: 3.033439 | lrm: 0.91 | dt: 353ms | tok/sec: 1,485,715 | mfu: 35.9% | epoch: 1 | remaining: 136s    
step 00475 (54.7%) | loss: 3.035149 | lrm: 0.91 | dt: 326ms | tok/sec: 1,605,921 | mfu: 38.8% | epoch: 1 | remaining: 136s    
step 00476 (54.8%) | loss: 3.041471 | lrm: 0.90 | dt: 332ms | tok/sec: 1,577,019 | mfu: 38.1% | epoch: 1 | remaining: 135s    
step 00477 (54.9%) | loss: 3.036573 | lrm: 0.90 | dt: 342ms | tok/sec: 1,531,409 | mfu: 37.0% | epoch: 1 | remaining: 135s    
step 00478 (55.0%) | loss: 3.037249 | lrm: 0.90 | dt: 348ms | tok/sec: 1,505,557 | mfu: 36.4% | epoch: 1 | remaining: 135s    
step 00479 (55.1%) | loss: 3.033714 | lrm: 0.90 | dt: 389ms | tok/sec: 1,347,558 | mfu: 32.6% | epoch: 1 | remaining: 134s    
step 00480 (55.3%) | loss: 3.032760 | lrm: 0.89 | dt: 328ms | tok/sec: 1,599,990 | mfu: 38.7% | epoch: 1 | remaining: 134s    
step 00481 (55.4%) | loss: 3.033492 | lrm: 0.89 | dt: 340ms | tok/sec: 1,542,098 | mfu: 37.3% | epoch: 1 | remaining: 134s    
step 00482 (55.5%) | loss: 3.032299 | lrm: 0.89 | dt: 352ms | tok/sec: 1,489,349 | mfu: 36.0% | epoch: 1 | remaining: 133s    
step 00483 (55.6%) | loss: 3.033365 | lrm: 0.89 | dt: 325ms | tok/sec: 1,615,588 | mfu: 39.0% | epoch: 1 | remaining: 133s    
step 00484 (55.7%) | loss: 3.031763 | lrm: 0.89 | dt: 326ms | tok/sec: 1,610,238 | mfu: 38.9% | epoch: 1 | remaining: 133s    
step 00485 (55.8%) | loss: 3.028311 | lrm: 0.88 | dt: 339ms | tok/sec: 1,547,644 | mfu: 37.4% | epoch: 1 | remaining: 132s    
step 00486 (55.9%) | loss: 3.025622 | lrm: 0.88 | dt: 335ms | tok/sec: 1,563,026 | mfu: 37.8% | epoch: 1 | remaining: 132s    
step 00487 (56.0%) | loss: 3.022895 | lrm: 0.88 | dt: 340ms | tok/sec: 1,542,628 | mfu: 37.3% | epoch: 1 | remaining: 132s    
step 00488 (56.1%) | loss: 3.022388 | lrm: 0.88 | dt: 397ms | tok/sec: 1,320,002 | mfu: 31.9% | epoch: 1 | remaining: 131s    
step 00489 (56.3%) | loss: 3.020699 | lrm: 0.87 | dt: 334ms | tok/sec: 1,570,321 | mfu: 37.9% | epoch: 1 | remaining: 131s    
step 00490 (56.4%) | loss: 3.021156 | lrm: 0.87 | dt: 339ms | tok/sec: 1,547,004 | mfu: 37.4% | epoch: 1 | remaining: 130s    
step 00491 (56.5%) | loss: 3.018434 | lrm: 0.87 | dt: 335ms | tok/sec: 1,567,089 | mfu: 37.9% | epoch: 1 | remaining: 130s    
step 00492 (56.6%) | loss: 3.025130 | lrm: 0.87 | dt: 351ms | tok/sec: 1,495,339 | mfu: 36.1% | epoch: 1 | remaining: 130s    
step 00493 (56.7%) | loss: 3.029719 | lrm: 0.87 | dt: 338ms | tok/sec: 1,549,199 | mfu: 37.4% | epoch: 1 | remaining: 129s    
step 00494 (56.8%) | loss: 3.031255 | lrm: 0.86 | dt: 332ms | tok/sec: 1,578,767 | mfu: 38.1% | epoch: 1 | remaining: 129s    
step 00495 (57.0%) | loss: 3.029269 | lrm: 0.86 | dt: 332ms | tok/sec: 1,581,391 | mfu: 38.2% | epoch: 1 | remaining: 129s    
step 00496 (57.1%) | loss: 3.027445 | lrm: 0.86 | dt: 330ms | tok/sec: 1,589,817 | mfu: 38.4% | epoch: 1 | remaining: 128s    
step 00497 (57.2%) | loss: 3.026674 | lrm: 0.86 | dt: 342ms | tok/sec: 1,531,792 | mfu: 37.0% | epoch: 1 | remaining: 128s    
step 00498 (57.3%) | loss: 3.024431 | lrm: 0.85 | dt: 329ms | tok/sec: 1,593,818 | mfu: 38.5% | epoch: 1 | remaining: 128s    
step 00499 (57.4%) | loss: 3.026880 | lrm: 0.85 | dt: 333ms | tok/sec: 1,575,797 | mfu: 38.1% | epoch: 1 | remaining: 127s    
step 00500 (57.5%) | loss: 3.031387 | lrm: 0.85 | dt: 335ms | tok/sec: 1,566,290 | mfu: 37.8% | epoch: 1 | remaining: 127s    
step 00501 (57.6%) | loss: 3.025199 | lrm: 0.85 | dt: 329ms | tok/sec: 1,595,163 | mfu: 38.5% | epoch: 1 | remaining: 127s    
step 00502 (57.7%) | loss: 3.022118 | lrm: 0.85 | dt: 331ms | tok/sec: 1,583,529 | mfu: 38.3% | epoch: 1 | remaining: 126s    
step 00503 (57.8%) | loss: 3.023454 | lrm: 0.84 | dt: 330ms | tok/sec: 1,587,559 | mfu: 38.4% | epoch: 1 | remaining: 126s    
step 00504 (58.0%) | loss: 3.020438 | lrm: 0.84 | dt: 332ms | tok/sec: 1,579,543 | mfu: 38.2% | epoch: 1 | remaining: 126s    
step 00505 (58.1%) | loss: 3.017304 | lrm: 0.84 | dt: 329ms | tok/sec: 1,595,689 | mfu: 38.6% | epoch: 1 | remaining: 125s    
step 00506 (58.2%) | loss: 3.015652 | lrm: 0.84 | dt: 336ms | tok/sec: 1,559,474 | mfu: 37.7% | epoch: 1 | remaining: 125s    
step 00507 (58.3%) | loss: 3.018710 | lrm: 0.83 | dt: 331ms | tok/sec: 1,585,394 | mfu: 38.3% | epoch: 1 | remaining: 125s    
step 00508 (58.4%) | loss: 3.019090 | lrm: 0.83 | dt: 336ms | tok/sec: 1,561,572 | mfu: 37.7% | epoch: 1 | remaining: 124s    
step 00509 (58.5%) | loss: 3.014624 | lrm: 0.83 | dt: 335ms | tok/sec: 1,563,344 | mfu: 37.8% | epoch: 1 | remaining: 124s    
step 00510 (58.6%) | loss: 3.014959 | lrm: 0.83 | dt: 332ms | tok/sec: 1,579,865 | mfu: 38.2% | epoch: 1 | remaining: 124s    
step 00511 (58.7%) | loss: 3.009961 | lrm: 0.83 | dt: 328ms | tok/sec: 1,596,172 | mfu: 38.6% | epoch: 1 | remaining: 123s    
step 00512 (58.8%) | loss: 3.012818 | lrm: 0.82 | dt: 348ms | tok/sec: 1,507,638 | mfu: 36.4% | epoch: 1 | remaining: 123s    
step 00513 (59.0%) | loss: 3.007686 | lrm: 0.82 | dt: 359ms | tok/sec: 1,459,635 | mfu: 35.3% | epoch: 1 | remaining: 123s    
step 00514 (59.1%) | loss: 3.004110 | lrm: 0.82 | dt: 329ms | tok/sec: 1,591,250 | mfu: 38.4% | epoch: 1 | remaining: 122s    
step 00515 (59.2%) | loss: 3.003901 | lrm: 0.82 | dt: 333ms | tok/sec: 1,575,439 | mfu: 38.1% | epoch: 1 | remaining: 122s    
step 00516 (59.3%) | loss: 3.006986 | lrm: 0.81 | dt: 330ms | tok/sec: 1,588,081 | mfu: 38.4% | epoch: 1 | remaining: 122s    
step 00517 (59.4%) | loss: 3.010350 | lrm: 0.81 | dt: 353ms | tok/sec: 1,484,451 | mfu: 35.9% | epoch: 1 | remaining: 121s    
step 00518 (59.5%) | loss: 3.009811 | lrm: 0.81 | dt: 336ms | tok/sec: 1,561,422 | mfu: 37.7% | epoch: 1 | remaining: 121s    
step 00519 (59.6%) | loss: 3.007195 | lrm: 0.81 | dt: 391ms | tok/sec: 1,341,025 | mfu: 32.4% | epoch: 1 | remaining: 121s    
step 00520 (59.8%) | loss: 3.007870 | lrm: 0.80 | dt: 372ms | tok/sec: 1,409,900 | mfu: 34.1% | epoch: 1 | remaining: 120s    
step 00521 (59.9%) | loss: 3.006330 | lrm: 0.80 | dt: 323ms | tok/sec: 1,622,641 | mfu: 39.2% | epoch: 1 | remaining: 120s    
step 00522 (60.0%) | loss: 3.005243 | lrm: 0.80 | dt: 362ms | tok/sec: 1,447,406 | mfu: 35.0% | epoch: 1 | remaining: 120s    
step 00523 (60.1%) | loss: 3.006749 | lrm: 0.80 | dt: 328ms | tok/sec: 1,596,811 | mfu: 38.6% | epoch: 1 | remaining: 119s    
step 00524 (60.2%) | loss: 3.005607 | lrm: 0.80 | dt: 327ms | tok/sec: 1,601,401 | mfu: 38.7% | epoch: 1 | remaining: 119s    
step 00525 (60.3%) | loss: 3.003539 | lrm: 0.79 | dt: 344ms | tok/sec: 1,522,448 | mfu: 36.8% | epoch: 1 | remaining: 119s    
step 00526 (60.4%) | loss: 2.999774 | lrm: 0.79 | dt: 335ms | tok/sec: 1,562,798 | mfu: 37.8% | epoch: 1 | remaining: 118s    
step 00527 (60.6%) | loss: 2.996990 | lrm: 0.79 | dt: 335ms | tok/sec: 1,565,878 | mfu: 37.8% | epoch: 1 | remaining: 118s    
step 00528 (60.7%) | loss: 2.994030 | lrm: 0.79 | dt: 361ms | tok/sec: 1,451,581 | mfu: 35.1% | epoch: 1 | remaining: 118s    
step 00529 (60.8%) | loss: 2.993135 | lrm: 0.78 | dt: 336ms | tok/sec: 1,559,923 | mfu: 37.7% | epoch: 1 | remaining: 117s    
step 00530 (60.9%) | loss: 2.992354 | lrm: 0.78 | dt: 326ms | tok/sec: 1,610,068 | mfu: 38.9% | epoch: 1 | remaining: 117s    
step 00531 (61.0%) | loss: 2.987086 | lrm: 0.78 | dt: 332ms | tok/sec: 1,578,668 | mfu: 38.1% | epoch: 1 | remaining: 117s    
step 00532 (61.1%) | loss: 2.982969 | lrm: 0.78 | dt: 331ms | tok/sec: 1,581,608 | mfu: 38.2% | epoch: 1 | remaining: 116s    
step 00533 (61.2%) | loss: 2.986573 | lrm: 0.78 | dt: 339ms | tok/sec: 1,546,016 | mfu: 37.4% | epoch: 1 | remaining: 116s    
step 00534 (61.3%) | loss: 2.982000 | lrm: 0.77 | dt: 337ms | tok/sec: 1,553,580 | mfu: 37.5% | epoch: 1 | remaining: 116s    
step 00535 (61.5%) | loss: 2.980984 | lrm: 0.77 | dt: 340ms | tok/sec: 1,543,073 | mfu: 37.3% | epoch: 1 | remaining: 115s    
step 00536 (61.6%) | loss: 2.975912 | lrm: 0.77 | dt: 336ms | tok/sec: 1,559,264 | mfu: 37.7% | epoch: 1 | remaining: 115s    
step 00537 (61.7%) | loss: 2.974684 | lrm: 0.77 | dt: 340ms | tok/sec: 1,542,298 | mfu: 37.3% | epoch: 1 | remaining: 115s    
step 00538 (61.8%) | loss: 2.979923 | lrm: 0.76 | dt: 367ms | tok/sec: 1,429,938 | mfu: 34.5% | epoch: 1 | remaining: 114s    
step 00539 (61.9%) | loss: 2.975594 | lrm: 0.76 | dt: 376ms | tok/sec: 1,394,610 | mfu: 33.7% | epoch: 1 | remaining: 114s    
step 00540 (62.0%) | loss: 2.976811 | lrm: 0.76 | dt: 322ms | tok/sec: 1,629,274 | mfu: 39.4% | epoch: 1 | remaining: 114s    
step 00541 (62.2%) | loss: 2.975974 | lrm: 0.76 | dt: 333ms | tok/sec: 1,573,711 | mfu: 38.0% | epoch: 1 | remaining: 113s    
step 00542 (62.3%) | loss: 2.973620 | lrm: 0.75 | dt: 419ms | tok/sec: 1,252,469 | mfu: 30.3% | epoch: 1 | remaining: 113s    
step 00543 (62.4%) | loss: 2.969390 | lrm: 0.75 | dt: 497ms | tok/sec: 1,054,585 | mfu: 25.5% | epoch: 1 | remaining: 112s    
step 00544 (62.6%) | loss: 2.968399 | lrm: 0.75 | dt: 369ms | tok/sec: 1,421,630 | mfu: 34.3% | epoch: 1 | remaining: 112s    
step 00545 (62.7%) | loss: 2.967433 | lrm: 0.75 | dt: 319ms | tok/sec: 1,642,254 | mfu: 39.7% | epoch: 1 | remaining: 112s    
step 00546 (62.8%) | loss: 2.968108 | lrm: 0.74 | dt: 332ms | tok/sec: 1,580,984 | mfu: 38.2% | epoch: 1 | remaining: 111s    
step 00547 (62.9%) | loss: 2.971316 | lrm: 0.74 | dt: 336ms | tok/sec: 1,558,969 | mfu: 37.7% | epoch: 1 | remaining: 111s    
step 00548 (63.0%) | loss: 2.973117 | lrm: 0.74 | dt: 353ms | tok/sec: 1,487,181 | mfu: 35.9% | epoch: 1 | remaining: 111s    
step 00549 (63.1%) | loss: 2.964875 | lrm: 0.74 | dt: 339ms | tok/sec: 1,547,889 | mfu: 37.4% | epoch: 1 | remaining: 110s    
step 00550 (63.3%) | loss: 2.964887 | lrm: 0.73 | dt: 342ms | tok/sec: 1,534,260 | mfu: 37.1% | epoch: 1 | remaining: 110s    
step 00551 (63.4%) | loss: 2.962572 | lrm: 0.73 | dt: 366ms | tok/sec: 1,431,197 | mfu: 34.6% | epoch: 1 | remaining: 110s    
step 00552 (63.5%) | loss: 2.959192 | lrm: 0.73 | dt: 476ms | tok/sec: 1,101,961 | mfu: 26.6% | epoch: 1 | remaining: 109s    
step 00553 (63.6%) | loss: 2.962050 | lrm: 0.73 | dt: 337ms | tok/sec: 1,556,090 | mfu: 37.6% | epoch: 1 | remaining: 109s    
step 00554 (63.8%) | loss: 2.967256 | lrm: 0.72 | dt: 405ms | tok/sec: 1,293,104 | mfu: 31.2% | epoch: 1 | remaining: 108s    
step 00555 (63.9%) | loss: 2.965857 | lrm: 0.72 | dt: 319ms | tok/sec: 1,645,256 | mfu: 39.8% | epoch: 1 | remaining: 108s    
step 00556 (64.0%) | loss: 2.965826 | lrm: 0.72 | dt: 411ms | tok/sec: 1,274,161 | mfu: 30.8% | epoch: 1 | remaining: 108s    
step 00557 (64.1%) | loss: 2.961613 | lrm: 0.72 | dt: 365ms | tok/sec: 1,435,968 | mfu: 34.7% | epoch: 1 | remaining: 107s    
step 00558 (64.3%) | loss: 2.958934 | lrm: 0.71 | dt: 324ms | tok/sec: 1,616,106 | mfu: 39.0% | epoch: 1 | remaining: 107s    
step 00559 (64.4%) | loss: 2.962088 | lrm: 0.71 | dt: 440ms | tok/sec: 1,191,570 | mfu: 28.8% | epoch: 1 | remaining: 106s    
step 00560 (64.5%) | loss: 2.958482 | lrm: 0.71 | dt: 328ms | tok/sec: 1,599,483 | mfu: 38.6% | epoch: 1 | remaining: 106s    
step 00561 (64.6%) | loss: 2.963934 | lrm: 0.71 | dt: 352ms | tok/sec: 1,489,772 | mfu: 36.0% | epoch: 1 | remaining: 106s    
step 00562 (64.7%) | loss: 2.961520 | lrm: 0.71 | dt: 332ms | tok/sec: 1,578,406 | mfu: 38.1% | epoch: 1 | remaining: 105s    
step 00563 (64.9%) | loss: 2.961770 | lrm: 0.70 | dt: 344ms | tok/sec: 1,523,430 | mfu: 36.8% | epoch: 1 | remaining: 105s    
step 00564 (65.0%) | loss: 2.967475 | lrm: 0.70 | dt: 325ms | tok/sec: 1,613,379 | mfu: 39.0% | epoch: 1 | remaining: 105s    
step 00565 (65.1%) | loss: 2.966848 | lrm: 0.70 | dt: 334ms | tok/sec: 1,569,245 | mfu: 37.9% | epoch: 1 | remaining: 104s    
step 00566 (65.2%) | loss: 2.968427 | lrm: 0.70 | dt: 361ms | tok/sec: 1,454,029 | mfu: 35.1% | epoch: 1 | remaining: 104s    
step 00567 (65.3%) | loss: 2.965410 | lrm: 0.69 | dt: 368ms | tok/sec: 1,423,109 | mfu: 34.4% | epoch: 1 | remaining: 104s    
step 00568 (65.4%) | loss: 2.966503 | lrm: 0.69 | dt: 327ms | tok/sec: 1,602,010 | mfu: 38.7% | epoch: 1 | remaining: 103s    
step 00569 (65.5%) | loss: 2.966538 | lrm: 0.69 | dt: 331ms | tok/sec: 1,583,674 | mfu: 38.3% | epoch: 1 | remaining: 103s    
step 00570 (65.6%) | loss: 2.966152 | lrm: 0.69 | dt: 354ms | tok/sec: 1,479,597 | mfu: 35.7% | epoch: 1 | remaining: 103s    
step 00571 (65.8%) | loss: 2.959949 | lrm: 0.68 | dt: 320ms | tok/sec: 1,636,852 | mfu: 39.5% | epoch: 1 | remaining: 102s    
step 00572 (65.9%) | loss: 2.955652 | lrm: 0.68 | dt: 326ms | tok/sec: 1,608,441 | mfu: 38.9% | epoch: 1 | remaining: 102s    
step 00573 (66.0%) | loss: 2.963879 | lrm: 0.68 | dt: 341ms | tok/sec: 1,537,496 | mfu: 37.1% | epoch: 1 | remaining: 102s    
step 00574 (66.1%) | loss: 2.966474 | lrm: 0.68 | dt: 364ms | tok/sec: 1,439,060 | mfu: 34.8% | epoch: 1 | remaining: 101s    
step 00575 (66.2%) | loss: 2.961749 | lrm: 0.68 | dt: 335ms | tok/sec: 1,566,583 | mfu: 37.9% | epoch: 1 | remaining: 101s    
step 00576 (66.3%) | loss: 2.963147 | lrm: 0.67 | dt: 331ms | tok/sec: 1,585,803 | mfu: 38.3% | epoch: 1 | remaining: 101s    
step 00577 (66.4%) | loss: 2.962300 | lrm: 0.67 | dt: 338ms | tok/sec: 1,552,400 | mfu: 37.5% | epoch: 1 | remaining: 100s    
step 00578 (66.6%) | loss: 2.956179 | lrm: 0.67 | dt: 322ms | tok/sec: 1,627,225 | mfu: 39.3% | epoch: 1 | remaining: 100s    
step 00579 (66.7%) | loss: 2.957175 | lrm: 0.67 | dt: 375ms | tok/sec: 1,398,368 | mfu: 33.8% | epoch: 1 | remaining: 100s    
step 00580 (66.8%) | loss: 2.956926 | lrm: 0.66 | dt: 360ms | tok/sec: 1,454,709 | mfu: 35.1% | epoch: 1 | remaining: 99s    
step 00581 (66.9%) | loss: 2.954469 | lrm: 0.66 | dt: 325ms | tok/sec: 1,613,005 | mfu: 39.0% | epoch: 1 | remaining: 99s    
step 00582 (67.0%) | loss: 2.954328 | lrm: 0.66 | dt: 340ms | tok/sec: 1,540,122 | mfu: 37.2% | epoch: 1 | remaining: 99s    
step 00583 (67.1%) | loss: 2.950247 | lrm: 0.66 | dt: 374ms | tok/sec: 1,400,843 | mfu: 33.8% | epoch: 1 | remaining: 98s    
step 00584 (67.3%) | loss: 2.949585 | lrm: 0.65 | dt: 374ms | tok/sec: 1,400,710 | mfu: 33.8% | epoch: 1 | remaining: 98s    
step 00585 (67.4%) | loss: 2.950225 | lrm: 0.65 | dt: 328ms | tok/sec: 1,600,501 | mfu: 38.7% | epoch: 1 | remaining: 98s    
step 00586 (67.5%) | loss: 2.948582 | lrm: 0.65 | dt: 332ms | tok/sec: 1,580,632 | mfu: 38.2% | epoch: 1 | remaining: 97s    
step 00587 (67.6%) | loss: 2.947902 | lrm: 0.65 | dt: 357ms | tok/sec: 1,470,119 | mfu: 35.5% | epoch: 1 | remaining: 97s    
step 00588 (67.7%) | loss: 2.941710 | lrm: 0.65 | dt: 348ms | tok/sec: 1,505,371 | mfu: 36.4% | epoch: 1 | remaining: 97s    
step 00589 (67.8%) | loss: 2.946022 | lrm: 0.64 | dt: 328ms | tok/sec: 1,597,036 | mfu: 38.6% | epoch: 1 | remaining: 96s    
step 00590 (67.9%) | loss: 2.948196 | lrm: 0.64 | dt: 365ms | tok/sec: 1,437,953 | mfu: 34.7% | epoch: 1 | remaining: 96s    
step 00591 (68.1%) | loss: 2.950188 | lrm: 0.64 | dt: 338ms | tok/sec: 1,553,379 | mfu: 37.5% | epoch: 1 | remaining: 95s    
step 00592 (68.2%) | loss: 2.945163 | lrm: 0.64 | dt: 335ms | tok/sec: 1,564,544 | mfu: 37.8% | epoch: 1 | remaining: 95s    
step 00593 (68.3%) | loss: 2.948415 | lrm: 0.63 | dt: 333ms | tok/sec: 1,573,344 | mfu: 38.0% | epoch: 1 | remaining: 95s    
step 00594 (68.4%) | loss: 2.949243 | lrm: 0.63 | dt: 331ms | tok/sec: 1,583,517 | mfu: 38.3% | epoch: 1 | remaining: 94s    
step 00595 (68.5%) | loss: 2.947656 | lrm: 0.63 | dt: 394ms | tok/sec: 1,330,628 | mfu: 32.2% | epoch: 1 | remaining: 94s    
step 00596 (68.6%) | loss: 2.952734 | lrm: 0.63 | dt: 353ms | tok/sec: 1,484,276 | mfu: 35.9% | epoch: 1 | remaining: 94s    
step 00597 (68.8%) | loss: 2.945305 | lrm: 0.62 | dt: 356ms | tok/sec: 1,473,582 | mfu: 35.6% | epoch: 1 | remaining: 93s    
step 00598 (68.9%) | loss: 2.941740 | lrm: 0.62 | dt: 349ms | tok/sec: 1,501,691 | mfu: 36.3% | epoch: 1 | remaining: 93s    
step 00599 (69.0%) | loss: 2.937081 | lrm: 0.62 | dt: 354ms | tok/sec: 1,479,219 | mfu: 35.7% | epoch: 1 | remaining: 93s    
step 00600 (69.1%) | loss: 2.936845 | lrm: 0.62 | dt: 446ms | tok/sec: 1,176,030 | mfu: 28.4% | epoch: 1 | remaining: 92s    
step 00601 (69.3%) | loss: 2.932388 | lrm: 0.61 | dt: 337ms | tok/sec: 1,557,764 | mfu: 37.6% | epoch: 1 | remaining: 92s    
step 00602 (69.4%) | loss: 2.930538 | lrm: 0.61 | dt: 345ms | tok/sec: 1,519,976 | mfu: 36.7% | epoch: 1 | remaining: 92s    
step 00603 (69.5%) | loss: 2.929822 | lrm: 0.61 | dt: 359ms | tok/sec: 1,462,359 | mfu: 35.3% | epoch: 1 | remaining: 91s    
step 00604 (69.6%) | loss: 2.932609 | lrm: 0.61 | dt: 371ms | tok/sec: 1,412,913 | mfu: 34.1% | epoch: 1 | remaining: 91s    
step 00605 (69.7%) | loss: 2.929084 | lrm: 0.61 | dt: 320ms | tok/sec: 1,640,228 | mfu: 39.6% | epoch: 1 | remaining: 90s    
step 00606 (69.8%) | loss: 2.932594 | lrm: 0.60 | dt: 352ms | tok/sec: 1,489,226 | mfu: 36.0% | epoch: 1 | remaining: 90s    
step 00607 (70.0%) | loss: 2.934882 | lrm: 0.60 | dt: 349ms | tok/sec: 1,502,186 | mfu: 36.3% | epoch: 1 | remaining: 90s    
step 00608 (70.1%) | loss: 2.932350 | lrm: 0.60 | dt: 327ms | tok/sec: 1,603,128 | mfu: 38.7% | epoch: 1 | remaining: 89s    
step 00609 (70.2%) | loss: 2.925993 | lrm: 0.60 | dt: 436ms | tok/sec: 1,201,647 | mfu: 29.0% | epoch: 1 | remaining: 89s    
step 00610 (70.3%) | loss: 2.928315 | lrm: 0.59 | dt: 332ms | tok/sec: 1,580,460 | mfu: 38.2% | epoch: 1 | remaining: 89s    
step 00611 (70.4%) | loss: 2.930332 | lrm: 0.59 | dt: 331ms | tok/sec: 1,582,641 | mfu: 38.2% | epoch: 1 | remaining: 88s    
step 00612 (70.5%) | loss: 2.928004 | lrm: 0.59 | dt: 344ms | tok/sec: 1,522,801 | mfu: 36.8% | epoch: 1 | remaining: 88s    
step 00613 (70.7%) | loss: 2.927334 | lrm: 0.59 | dt: 341ms | tok/sec: 1,539,039 | mfu: 37.2% | epoch: 1 | remaining: 88s    
step 00614 (70.8%) | loss: 2.922239 | lrm: 0.58 | dt: 334ms | tok/sec: 1,571,697 | mfu: 38.0% | epoch: 1 | remaining: 87s    
step 00615 (70.9%) | loss: 2.920551 | lrm: 0.58 | dt: 362ms | tok/sec: 1,446,368 | mfu: 34.9% | epoch: 1 | remaining: 87s    
step 00616 (71.0%) | loss: 2.919204 | lrm: 0.58 | dt: 443ms | tok/sec: 1,182,560 | mfu: 28.6% | epoch: 1 | remaining: 87s    
step 00617 (71.2%) | loss: 2.918364 | lrm: 0.58 | dt: 432ms | tok/sec: 1,212,524 | mfu: 29.3% | epoch: 1 | remaining: 86s    
step 00618 (71.3%) | loss: 2.922965 | lrm: 0.57 | dt: 371ms | tok/sec: 1,414,954 | mfu: 34.2% | epoch: 1 | remaining: 86s    
step 00619 (71.4%) | loss: 2.920328 | lrm: 0.57 | dt: 405ms | tok/sec: 1,294,449 | mfu: 31.3% | epoch: 1 | remaining: 85s    
step 00620 (71.6%) | loss: 2.919174 | lrm: 0.57 | dt: 378ms | tok/sec: 1,386,158 | mfu: 33.5% | epoch: 1 | remaining: 85s    
step 00621 (71.7%) | loss: 2.920297 | lrm: 0.57 | dt: 340ms | tok/sec: 1,543,715 | mfu: 37.3% | epoch: 1 | remaining: 85s    
step 00622 (71.8%) | loss: 2.924225 | lrm: 0.56 | dt: 327ms | tok/sec: 1,605,373 | mfu: 38.8% | epoch: 1 | remaining: 84s    
step 00623 (71.9%) | loss: 2.923978 | lrm: 0.56 | dt: 355ms | tok/sec: 1,476,365 | mfu: 35.7% | epoch: 1 | remaining: 84s    
step 00624 (72.0%) | loss: 2.921165 | lrm: 0.56 | dt: 325ms | tok/sec: 1,611,408 | mfu: 38.9% | epoch: 1 | remaining: 84s    
step 00625 (72.1%) | loss: 2.920185 | lrm: 0.56 | dt: 330ms | tok/sec: 1,587,288 | mfu: 38.4% | epoch: 1 | remaining: 83s    
step 00626 (72.2%) | loss: 2.926039 | lrm: 0.56 | dt: 335ms | tok/sec: 1,563,166 | mfu: 37.8% | epoch: 1 | remaining: 83s    
step 00627 (72.4%) | loss: 2.925063 | lrm: 0.55 | dt: 339ms | tok/sec: 1,546,851 | mfu: 37.4% | epoch: 1 | remaining: 83s    
step 00628 (72.5%) | loss: 2.925413 | lrm: 0.55 | dt: 343ms | tok/sec: 1,530,649 | mfu: 37.0% | epoch: 1 | remaining: 82s    
step 00629 (72.6%) | loss: 2.920145 | lrm: 0.55 | dt: 355ms | tok/sec: 1,475,838 | mfu: 35.7% | epoch: 1 | remaining: 82s    
step 00630 (72.7%) | loss: 2.924837 | lrm: 0.55 | dt: 336ms | tok/sec: 1,559,418 | mfu: 37.7% | epoch: 1 | remaining: 82s    
step 00631 (72.8%) | loss: 2.921866 | lrm: 0.54 | dt: 339ms | tok/sec: 1,548,527 | mfu: 37.4% | epoch: 1 | remaining: 81s    
step 00632 (72.9%) | loss: 2.919113 | lrm: 0.54 | dt: 358ms | tok/sec: 1,463,811 | mfu: 35.4% | epoch: 1 | remaining: 81s    
step 00633 (73.0%) | loss: 2.914458 | lrm: 0.54 | dt: 356ms | tok/sec: 1,473,022 | mfu: 35.6% | epoch: 1 | remaining: 81s    
step 00634 (73.2%) | loss: 2.914614 | lrm: 0.54 | dt: 339ms | tok/sec: 1,545,170 | mfu: 37.3% | epoch: 1 | remaining: 80s    
step 00635 (73.3%) | loss: 2.916741 | lrm: 0.53 | dt: 450ms | tok/sec: 1,164,788 | mfu: 28.1% | epoch: 1 | remaining: 80s    
step 00636 (73.4%) | loss: 2.917635 | lrm: 0.53 | dt: 432ms | tok/sec: 1,214,775 | mfu: 29.4% | epoch: 1 | remaining: 79s    
step 00637 (73.6%) | loss: 2.912122 | lrm: 0.53 | dt: 448ms | tok/sec: 1,171,346 | mfu: 28.3% | epoch: 1 | remaining: 79s    
step 00638 (73.7%) | loss: 2.915189 | lrm: 0.53 | dt: 350ms | tok/sec: 1,499,830 | mfu: 36.2% | epoch: 1 | remaining: 79s    
step 00639 (73.8%) | loss: 2.917417 | lrm: 0.52 | dt: 328ms | tok/sec: 1,598,100 | mfu: 38.6% | epoch: 1 | remaining: 78s    
step 00640 (73.9%) | loss: 2.916392 | lrm: 0.52 | dt: 338ms | tok/sec: 1,550,532 | mfu: 37.5% | epoch: 1 | remaining: 78s    
step 00641 (74.1%) | loss: 2.914501 | lrm: 0.52 | dt: 335ms | tok/sec: 1,565,505 | mfu: 37.8% | epoch: 1 | remaining: 78s    
step 00642 (74.2%) | loss: 2.913366 | lrm: 0.52 | dt: 348ms | tok/sec: 1,508,697 | mfu: 36.5% | epoch: 1 | remaining: 77s    
step 00643 (74.3%) | loss: 2.911429 | lrm: 0.51 | dt: 388ms | tok/sec: 1,351,728 | mfu: 32.7% | epoch: 1 | remaining: 77s    
step 00644 (74.4%) | loss: 2.904216 | lrm: 0.51 | dt: 334ms | tok/sec: 1,569,741 | mfu: 37.9% | epoch: 1 | remaining: 76s    
step 00645 (74.5%) | loss: 2.899167 | lrm: 0.51 | dt: 321ms | tok/sec: 1,631,342 | mfu: 39.4% | epoch: 1 | remaining: 76s    
step 00646 (74.6%) | loss: 2.900885 | lrm: 0.51 | dt: 342ms | tok/sec: 1,534,058 | mfu: 37.1% | epoch: 1 | remaining: 76s    
step 00647 (74.7%) | loss: 2.902388 | lrm: 0.51 | dt: 353ms | tok/sec: 1,485,290 | mfu: 35.9% | epoch: 1 | remaining: 75s    
step 00648 (74.9%) | loss: 2.903085 | lrm: 0.50 | dt: 333ms | tok/sec: 1,572,875 | mfu: 38.0% | epoch: 1 | remaining: 75s    
step 00649 (75.0%) | loss: 2.906545 | lrm: 0.50 | dt: 359ms | tok/sec: 1,462,202 | mfu: 35.3% | epoch: 1 | remaining: 75s    
step 00650 (75.1%) | loss: 2.903312 | lrm: 0.50 | dt: 412ms | tok/sec: 1,273,684 | mfu: 30.8% | epoch: 1 | remaining: 74s    
step 00651 (75.2%) | loss: 2.900713 | lrm: 0.50 | dt: 327ms | tok/sec: 1,604,119 | mfu: 38.8% | epoch: 1 | remaining: 74s    
step 00652 (75.3%) | loss: 2.901330 | lrm: 0.49 | dt: 340ms | tok/sec: 1,540,632 | mfu: 37.2% | epoch: 1 | remaining: 74s    
step 00653 (75.5%) | loss: 2.901161 | lrm: 0.49 | dt: 342ms | tok/sec: 1,531,368 | mfu: 37.0% | epoch: 1 | remaining: 73s    
step 00654 (75.6%) | loss: 2.900388 | lrm: 0.49 | dt: 322ms | tok/sec: 1,628,209 | mfu: 39.3% | epoch: 1 | remaining: 73s    
step 00655 (75.7%) | loss: 2.897810 | lrm: 0.49 | dt: 327ms | tok/sec: 1,602,630 | mfu: 38.7% | epoch: 1 | remaining: 73s    
step 00656 (75.8%) | loss: 2.893086 | lrm: 0.48 | dt: 335ms | tok/sec: 1,565,485 | mfu: 37.8% | epoch: 1 | remaining: 72s    
step 00657 (75.9%) | loss: 2.896870 | lrm: 0.48 | dt: 329ms | tok/sec: 1,595,225 | mfu: 38.5% | epoch: 1 | remaining: 72s    
step 00658 (76.0%) | loss: 2.898625 | lrm: 0.48 | dt: 339ms | tok/sec: 1,548,287 | mfu: 37.4% | epoch: 1 | remaining: 72s    
step 00659 (76.1%) | loss: 2.897967 | lrm: 0.48 | dt: 338ms | tok/sec: 1,552,313 | mfu: 37.5% | epoch: 1 | remaining: 71s    
step 00660 (76.2%) | loss: 2.895863 | lrm: 0.48 | dt: 350ms | tok/sec: 1,496,494 | mfu: 36.2% | epoch: 1 | remaining: 71s    
step 00661 (76.3%) | loss: 2.900002 | lrm: 0.47 | dt: 332ms | tok/sec: 1,579,402 | mfu: 38.2% | epoch: 1 | remaining: 71s    
step 00662 (76.5%) | loss: 2.902024 | lrm: 0.47 | dt: 334ms | tok/sec: 1,569,448 | mfu: 37.9% | epoch: 1 | remaining: 70s    
step 00663 (76.6%) | loss: 2.898458 | lrm: 0.47 | dt: 365ms | tok/sec: 1,434,515 | mfu: 34.7% | epoch: 1 | remaining: 70s    
step 00664 (76.7%) | loss: 2.895505 | lrm: 0.47 | dt: 345ms | tok/sec: 1,517,771 | mfu: 36.7% | epoch: 1 | remaining: 70s    
step 00665 (76.8%) | loss: 2.894577 | lrm: 0.46 | dt: 487ms | tok/sec: 1,076,772 | mfu: 26.0% | epoch: 1 | remaining: 69s    
step 00666 (77.0%) | loss: 2.890624 | lrm: 0.46 | dt: 369ms | tok/sec: 1,419,805 | mfu: 34.3% | epoch: 1 | remaining: 69s    
step 00667 (77.1%) | loss: 2.888851 | lrm: 0.46 | dt: 324ms | tok/sec: 1,620,045 | mfu: 39.1% | epoch: 1 | remaining: 68s    
step 00668 (77.2%) | loss: 2.888355 | lrm: 0.46 | dt: 396ms | tok/sec: 1,322,848 | mfu: 32.0% | epoch: 1 | remaining: 68s    
step 00669 (77.3%) | loss: 2.887753 | lrm: 0.45 | dt: 394ms | tok/sec: 1,331,638 | mfu: 32.2% | epoch: 1 | remaining: 68s    
step 00670 (77.5%) | loss: 2.893547 | lrm: 0.45 | dt: 348ms | tok/sec: 1,508,236 | mfu: 36.4% | epoch: 1 | remaining: 67s    
step 00671 (77.6%) | loss: 2.898249 | lrm: 0.45 | dt: 319ms | tok/sec: 1,643,264 | mfu: 39.7% | epoch: 1 | remaining: 67s    
step 00672 (77.7%) | loss: 2.894800 | lrm: 0.45 | dt: 343ms | tok/sec: 1,527,685 | mfu: 36.9% | epoch: 1 | remaining: 67s    
step 00673 (77.8%) | loss: 2.892222 | lrm: 0.44 | dt: 337ms | tok/sec: 1,555,181 | mfu: 37.6% | epoch: 1 | remaining: 66s    
step 00674 (77.9%) | loss: 2.889126 | lrm: 0.44 | dt: 333ms | tok/sec: 1,574,280 | mfu: 38.0% | epoch: 1 | remaining: 66s    
step 00675 (78.0%) | loss: 2.888442 | lrm: 0.44 | dt: 334ms | tok/sec: 1,572,022 | mfu: 38.0% | epoch: 1 | remaining: 66s    
step 00676 (78.1%) | loss: 2.891113 | lrm: 0.44 | dt: 360ms | tok/sec: 1,457,688 | mfu: 35.2% | epoch: 1 | remaining: 65s    
step 00677 (78.3%) | loss: 2.892496 | lrm: 0.43 | dt: 327ms | tok/sec: 1,602,341 | mfu: 38.7% | epoch: 1 | remaining: 65s    
step 00678 (78.4%) | loss: 2.896502 | lrm: 0.43 | dt: 347ms | tok/sec: 1,511,080 | mfu: 36.5% | epoch: 1 | remaining: 65s    
step 00679 (78.5%) | loss: 2.892616 | lrm: 0.43 | dt: 336ms | tok/sec: 1,559,216 | mfu: 37.7% | epoch: 1 | remaining: 64s    
step 00680 (78.6%) | loss: 2.890149 | lrm: 0.43 | dt: 369ms | tok/sec: 1,422,660 | mfu: 34.4% | epoch: 1 | remaining: 64s    
step 00681 (78.7%) | loss: 2.887204 | lrm: 0.43 | dt: 320ms | tok/sec: 1,636,185 | mfu: 39.5% | epoch: 1 | remaining: 64s    
step 00682 (78.8%) | loss: 2.886560 | lrm: 0.42 | dt: 331ms | tok/sec: 1,585,927 | mfu: 38.3% | epoch: 1 | remaining: 63s    
step 00683 (78.9%) | loss: 2.893501 | lrm: 0.42 | dt: 338ms | tok/sec: 1,550,550 | mfu: 37.5% | epoch: 1 | remaining: 63s    
step 00684 (79.0%) | loss: 2.890095 | lrm: 0.42 | dt: 325ms | tok/sec: 1,611,722 | mfu: 38.9% | epoch: 1 | remaining: 63s    
step 00685 (79.2%) | loss: 2.894500 | lrm: 0.42 | dt: 325ms | tok/sec: 1,611,962 | mfu: 38.9% | epoch: 1 | remaining: 62s    
step 00686 (79.3%) | loss: 2.894416 | lrm: 0.41 | dt: 336ms | tok/sec: 1,558,617 | mfu: 37.7% | epoch: 1 | remaining: 62s    
step 00687 (79.4%) | loss: 2.895657 | lrm: 0.41 | dt: 325ms | tok/sec: 1,612,691 | mfu: 39.0% | epoch: 1 | remaining: 62s    
step 00688 (79.5%) | loss: 2.894987 | lrm: 0.41 | dt: 338ms | tok/sec: 1,552,512 | mfu: 37.5% | epoch: 1 | remaining: 61s    
step 00689 (79.6%) | loss: 2.896598 | lrm: 0.41 | dt: 343ms | tok/sec: 1,526,320 | mfu: 36.9% | epoch: 1 | remaining: 61s    
step 00690 (79.7%) | loss: 2.893236 | lrm: 0.41 | dt: 385ms | tok/sec: 1,363,026 | mfu: 32.9% | epoch: 1 | remaining: 60s    
step 00691 (79.8%) | loss: 2.894461 | lrm: 0.40 | dt: 325ms | tok/sec: 1,614,956 | mfu: 39.0% | epoch: 1 | remaining: 60s    
step 00692 (79.9%) | loss: 2.893327 | lrm: 0.40 | dt: 342ms | tok/sec: 1,530,906 | mfu: 37.0% | epoch: 1 | remaining: 60s    
step 00693 (80.1%) | loss: 2.890870 | lrm: 0.40 | dt: 569ms | tok/sec: 921,549 | mfu: 22.3% | epoch: 1 | remaining: 59s    
step 00694 (80.2%) | loss: 2.894069 | lrm: 0.40 | dt: 328ms | tok/sec: 1,600,666 | mfu: 38.7% | epoch: 1 | remaining: 59s    
step 00695 (80.4%) | loss: 2.892432 | lrm: 0.39 | dt: 375ms | tok/sec: 1,397,067 | mfu: 33.8% | epoch: 1 | remaining: 59s    
step 00696 (80.5%) | loss: 2.890133 | lrm: 0.39 | dt: 347ms | tok/sec: 1,509,116 | mfu: 36.5% | epoch: 1 | remaining: 58s    
step 00697 (80.6%) | loss: 2.890319 | lrm: 0.39 | dt: 372ms | tok/sec: 1,409,946 | mfu: 34.1% | epoch: 1 | remaining: 58s    
step 00698 (80.7%) | loss: 2.889591 | lrm: 0.39 | dt: 442ms | tok/sec: 1,185,978 | mfu: 28.7% | epoch: 1 | remaining: 57s    
step 00699 (80.9%) | loss: 2.888279 | lrm: 0.38 | dt: 456ms | tok/sec: 1,149,482 | mfu: 27.8% | epoch: 1 | remaining: 57s    
step 00700 (81.0%) | loss: 2.887254 | lrm: 0.38 | dt: 366ms | tok/sec: 1,431,106 | mfu: 34.6% | epoch: 1 | remaining: 57s    
step 00701 (81.1%) | loss: 2.888848 | lrm: 0.38 | dt: 325ms | tok/sec: 1,615,473 | mfu: 39.0% | epoch: 1 | remaining: 56s    
step 00702 (81.3%) | loss: 2.886920 | lrm: 0.37 | dt: 329ms | tok/sec: 1,591,240 | mfu: 38.4% | epoch: 1 | remaining: 56s    
step 00703 (81.4%) | loss: 2.891708 | lrm: 0.37 | dt: 369ms | tok/sec: 1,420,884 | mfu: 34.3% | epoch: 1 | remaining: 56s    
step 00704 (81.5%) | loss: 2.888239 | lrm: 0.37 | dt: 380ms | tok/sec: 1,381,412 | mfu: 33.4% | epoch: 1 | remaining: 55s    
step 00705 (81.6%) | loss: 2.884750 | lrm: 0.37 | dt: 320ms | tok/sec: 1,639,590 | mfu: 39.6% | epoch: 1 | remaining: 55s    
step 00706 (81.7%) | loss: 2.882158 | lrm: 0.37 | dt: 359ms | tok/sec: 1,461,455 | mfu: 35.3% | epoch: 1 | remaining: 54s    
step 00707 (81.8%) | loss: 2.877686 | lrm: 0.36 | dt: 329ms | tok/sec: 1,591,255 | mfu: 38.4% | epoch: 1 | remaining: 54s    
step 00708 (81.9%) | loss: 2.878396 | lrm: 0.36 | dt: 391ms | tok/sec: 1,341,649 | mfu: 32.4% | epoch: 1 | remaining: 54s    
step 00709 (82.1%) | loss: 2.878386 | lrm: 0.36 | dt: 395ms | tok/sec: 1,326,421 | mfu: 32.0% | epoch: 1 | remaining: 53s    
step 00710 (82.2%) | loss: 2.875171 | lrm: 0.36 | dt: 346ms | tok/sec: 1,513,304 | mfu: 36.6% | epoch: 1 | remaining: 53s    
step 00711 (82.3%) | loss: 2.873758 | lrm: 0.35 | dt: 337ms | tok/sec: 1,557,638 | mfu: 37.6% | epoch: 1 | remaining: 53s    
step 00712 (82.4%) | loss: 2.876224 | lrm: 0.35 | dt: 403ms | tok/sec: 1,302,397 | mfu: 31.5% | epoch: 1 | remaining: 52s    
step 00713 (82.6%) | loss: 2.876014 | lrm: 0.35 | dt: 367ms | tok/sec: 1,429,087 | mfu: 34.5% | epoch: 1 | remaining: 52s    
step 00714 (82.7%) | loss: 2.874874 | lrm: 0.35 | dt: 387ms | tok/sec: 1,353,066 | mfu: 32.7% | epoch: 1 | remaining: 52s    
step 00715 (82.8%) | loss: 2.871782 | lrm: 0.34 | dt: 338ms | tok/sec: 1,550,147 | mfu: 37.5% | epoch: 1 | remaining: 51s    
step 00716 (82.9%) | loss: 2.868336 | lrm: 0.34 | dt: 326ms | tok/sec: 1,608,456 | mfu: 38.9% | epoch: 1 | remaining: 51s    
step 00717 (83.0%) | loss: 2.869367 | lrm: 0.34 | dt: 351ms | tok/sec: 1,495,313 | mfu: 36.1% | epoch: 1 | remaining: 51s    
step 00718 (83.2%) | loss: 2.864597 | lrm: 0.34 | dt: 337ms | tok/sec: 1,554,705 | mfu: 37.6% | epoch: 1 | remaining: 50s    
step 00719 (83.3%) | loss: 2.866878 | lrm: 0.33 | dt: 358ms | tok/sec: 1,463,129 | mfu: 35.4% | epoch: 1 | remaining: 50s    
step 00720 (83.4%) | loss: 2.865789 | lrm: 0.33 | dt: 339ms | tok/sec: 1,544,539 | mfu: 37.3% | epoch: 1 | remaining: 49s    
step 00721 (83.5%) | loss: 2.864774 | lrm: 0.33 | dt: 432ms | tok/sec: 1,212,712 | mfu: 29.3% | epoch: 1 | remaining: 49s    
step 00722 (83.6%) | loss: 2.864058 | lrm: 0.33 | dt: 388ms | tok/sec: 1,352,169 | mfu: 32.7% | epoch: 1 | remaining: 49s    
step 00723 (83.8%) | loss: 2.862698 | lrm: 0.32 | dt: 347ms | tok/sec: 1,509,212 | mfu: 36.5% | epoch: 1 | remaining: 48s    
step 00724 (83.9%) | loss: 2.858918 | lrm: 0.32 | dt: 344ms | tok/sec: 1,524,984 | mfu: 36.8% | epoch: 1 | remaining: 48s    
step 00725 (84.0%) | loss: 2.861621 | lrm: 0.32 | dt: 384ms | tok/sec: 1,364,316 | mfu: 33.0% | epoch: 1 | remaining: 48s    
step 00726 (84.1%) | loss: 2.861851 | lrm: 0.32 | dt: 413ms | tok/sec: 1,270,374 | mfu: 30.7% | epoch: 1 | remaining: 47s    
step 00727 (84.3%) | loss: 2.861903 | lrm: 0.31 | dt: 333ms | tok/sec: 1,575,334 | mfu: 38.1% | epoch: 1 | remaining: 47s    
step 00728 (84.4%) | loss: 2.862124 | lrm: 0.31 | dt: 323ms | tok/sec: 1,625,695 | mfu: 39.3% | epoch: 1 | remaining: 47s    
step 00729 (84.5%) | loss: 2.863433 | lrm: 0.31 | dt: 340ms | tok/sec: 1,542,789 | mfu: 37.3% | epoch: 1 | remaining: 46s    
step 00730 (84.6%) | loss: 2.860822 | lrm: 0.31 | dt: 332ms | tok/sec: 1,579,469 | mfu: 38.2% | epoch: 1 | remaining: 46s    
step 00731 (84.7%) | loss: 2.854402 | lrm: 0.31 | dt: 335ms | tok/sec: 1,563,927 | mfu: 37.8% | epoch: 1 | remaining: 46s    
step 00732 (84.8%) | loss: 2.856203 | lrm: 0.30 | dt: 355ms | tok/sec: 1,477,904 | mfu: 35.7% | epoch: 1 | remaining: 45s    
step 00733 (84.9%) | loss: 2.856174 | lrm: 0.30 | dt: 337ms | tok/sec: 1,556,385 | mfu: 37.6% | epoch: 1 | remaining: 45s    
step 00734 (85.1%) | loss: 2.855861 | lrm: 0.30 | dt: 363ms | tok/sec: 1,446,238 | mfu: 34.9% | epoch: 1 | remaining: 44s    
step 00735 (85.2%) | loss: 2.853162 | lrm: 0.30 | dt: 381ms | tok/sec: 1,376,141 | mfu: 33.2% | epoch: 1 | remaining: 44s    
step 00736 (85.3%) | loss: 2.854562 | lrm: 0.29 | dt: 365ms | tok/sec: 1,434,595 | mfu: 34.7% | epoch: 1 | remaining: 44s    
step 00737 (85.4%) | loss: 2.853000 | lrm: 0.29 | dt: 386ms | tok/sec: 1,358,079 | mfu: 32.8% | epoch: 1 | remaining: 43s    
step 00738 (85.6%) | loss: 2.853322 | lrm: 0.29 | dt: 343ms | tok/sec: 1,527,021 | mfu: 36.9% | epoch: 1 | remaining: 43s    
step 00739 (85.7%) | loss: 2.853964 | lrm: 0.29 | dt: 404ms | tok/sec: 1,297,570 | mfu: 31.4% | epoch: 1 | remaining: 43s    
step 00740 (85.8%) | loss: 2.857160 | lrm: 0.28 | dt: 344ms | tok/sec: 1,525,458 | mfu: 36.9% | epoch: 1 | remaining: 42s    
step 00741 (85.9%) | loss: 2.859830 | lrm: 0.28 | dt: 363ms | tok/sec: 1,445,247 | mfu: 34.9% | epoch: 1 | remaining: 42s    
step 00742 (86.0%) | loss: 2.854489 | lrm: 0.28 | dt: 389ms | tok/sec: 1,347,377 | mfu: 32.6% | epoch: 1 | remaining: 41s    
step 00743 (86.2%) | loss: 2.852634 | lrm: 0.28 | dt: 364ms | tok/sec: 1,439,580 | mfu: 34.8% | epoch: 1 | remaining: 41s    
step 00744 (86.3%) | loss: 2.850874 | lrm: 0.27 | dt: 321ms | tok/sec: 1,634,436 | mfu: 39.5% | epoch: 1 | remaining: 41s    
step 00745 (86.4%) | loss: 2.848878 | lrm: 0.27 | dt: 337ms | tok/sec: 1,556,789 | mfu: 37.6% | epoch: 1 | remaining: 40s    
step 00746 (86.5%) | loss: 2.846142 | lrm: 0.27 | dt: 342ms | tok/sec: 1,533,063 | mfu: 37.0% | epoch: 1 | remaining: 40s    
step 00747 (86.6%) | loss: 2.848592 | lrm: 0.27 | dt: 352ms | tok/sec: 1,491,148 | mfu: 36.0% | epoch: 1 | remaining: 40s    
step 00748 (86.7%) | loss: 2.852308 | lrm: 0.27 | dt: 384ms | tok/sec: 1,366,191 | mfu: 33.0% | epoch: 1 | remaining: 39s    
step 00749 (86.9%) | loss: 2.851066 | lrm: 0.26 | dt: 398ms | tok/sec: 1,316,718 | mfu: 31.8% | epoch: 1 | remaining: 39s    
step 00750 (87.0%) | loss: 2.851954 | lrm: 0.26 | dt: 378ms | tok/sec: 1,388,125 | mfu: 33.5% | epoch: 1 | remaining: 39s    
step 00751 (87.1%) | loss: 2.853629 | lrm: 0.26 | dt: 391ms | tok/sec: 1,340,660 | mfu: 32.4% | epoch: 1 | remaining: 38s    
step 00752 (87.3%) | loss: 2.849715 | lrm: 0.25 | dt: 332ms | tok/sec: 1,578,465 | mfu: 38.1% | epoch: 1 | remaining: 38s    
step 00753 (87.4%) | loss: 2.850334 | lrm: 0.25 | dt: 368ms | tok/sec: 1,423,547 | mfu: 34.4% | epoch: 1 | remaining: 38s    
step 00754 (87.5%) | loss: 2.847414 | lrm: 0.25 | dt: 353ms | tok/sec: 1,484,506 | mfu: 35.9% | epoch: 1 | remaining: 37s    
step 00755 (87.6%) | loss: 2.843727 | lrm: 0.25 | dt: 430ms | tok/sec: 1,219,876 | mfu: 29.5% | epoch: 1 | remaining: 37s    
step 00756 (87.8%) | loss: 2.842822 | lrm: 0.24 | dt: 344ms | tok/sec: 1,524,424 | mfu: 36.8% | epoch: 1 | remaining: 36s    
step 00757 (87.9%) | loss: 2.842817 | lrm: 0.24 | dt: 362ms | tok/sec: 1,446,457 | mfu: 34.9% | epoch: 1 | remaining: 36s    
step 00758 (88.0%) | loss: 2.839904 | lrm: 0.24 | dt: 345ms | tok/sec: 1,519,622 | mfu: 36.7% | epoch: 1 | remaining: 36s    
step 00759 (88.1%) | loss: 2.836658 | lrm: 0.24 | dt: 357ms | tok/sec: 1,469,445 | mfu: 35.5% | epoch: 1 | remaining: 35s    
step 00760 (88.2%) | loss: 2.837814 | lrm: 0.24 | dt: 350ms | tok/sec: 1,497,058 | mfu: 36.2% | epoch: 1 | remaining: 35s    
step 00761 (88.3%) | loss: 2.838122 | lrm: 0.23 | dt: 344ms | tok/sec: 1,524,885 | mfu: 36.8% | epoch: 1 | remaining: 35s    
step 00762 (88.5%) | loss: 2.846926 | lrm: 0.23 | dt: 369ms | tok/sec: 1,422,510 | mfu: 34.4% | epoch: 1 | remaining: 34s    
step 00763 (88.6%) | loss: 2.846046 | lrm: 0.23 | dt: 386ms | tok/sec: 1,358,939 | mfu: 32.8% | epoch: 1 | remaining: 34s    
step 00764 (88.7%) | loss: 2.844280 | lrm: 0.23 | dt: 336ms | tok/sec: 1,559,054 | mfu: 37.7% | epoch: 1 | remaining: 34s    
step 00765 (88.8%) | loss: 2.842617 | lrm: 0.22 | dt: 363ms | tok/sec: 1,445,581 | mfu: 34.9% | epoch: 1 | remaining: 33s    
step 00766 (88.9%) | loss: 2.849565 | lrm: 0.22 | dt: 335ms | tok/sec: 1,563,389 | mfu: 37.8% | epoch: 1 | remaining: 33s    
step 00767 (89.1%) | loss: 2.847323 | lrm: 0.22 | dt: 323ms | tok/sec: 1,621,148 | mfu: 39.2% | epoch: 1 | remaining: 33s    
step 00768 (89.2%) | loss: 2.846652 | lrm: 0.22 | dt: 361ms | tok/sec: 1,451,002 | mfu: 35.1% | epoch: 1 | remaining: 32s    
step 00769 (89.3%) | loss: 2.844362 | lrm: 0.21 | dt: 330ms | tok/sec: 1,586,851 | mfu: 38.3% | epoch: 1 | remaining: 32s    
step 00770 (89.4%) | loss: 2.844079 | lrm: 0.21 | dt: 366ms | tok/sec: 1,433,500 | mfu: 34.6% | epoch: 1 | remaining: 31s    
step 00771 (89.5%) | loss: 2.842776 | lrm: 0.21 | dt: 360ms | tok/sec: 1,455,545 | mfu: 35.2% | epoch: 1 | remaining: 31s    
step 00772 (89.6%) | loss: 2.839736 | lrm: 0.21 | dt: 370ms | tok/sec: 1,415,759 | mfu: 34.2% | epoch: 1 | remaining: 31s    
step 00773 (89.8%) | loss: 2.839763 | lrm: 0.20 | dt: 376ms | tok/sec: 1,393,844 | mfu: 33.7% | epoch: 1 | remaining: 30s    
step 00774 (89.9%) | loss: 2.834409 | lrm: 0.20 | dt: 321ms | tok/sec: 1,632,926 | mfu: 39.5% | epoch: 1 | remaining: 30s    
step 00775 (90.0%) | loss: 2.837995 | lrm: 0.20 | dt: 336ms | tok/sec: 1,559,574 | mfu: 37.7% | epoch: 1 | remaining: 30s    
step 00776 (90.1%) | loss: 2.839477 | lrm: 0.20 | dt: 344ms | tok/sec: 1,526,173 | mfu: 36.9% | epoch: 1 | remaining: 29s    
step 00777 (90.2%) | loss: 2.839416 | lrm: 0.20 | dt: 405ms | tok/sec: 1,295,915 | mfu: 31.3% | epoch: 1 | remaining: 29s    
step 00778 (90.3%) | loss: 2.836793 | lrm: 0.19 | dt: 484ms | tok/sec: 1,083,108 | mfu: 26.2% | epoch: 1 | remaining: 28s    
step 00779 (90.5%) | loss: 2.838127 | lrm: 0.19 | dt: 372ms | tok/sec: 1,407,959 | mfu: 34.0% | epoch: 1 | remaining: 28s    
step 00780 (90.6%) | loss: 2.835071 | lrm: 0.19 | dt: 328ms | tok/sec: 1,598,812 | mfu: 38.6% | epoch: 1 | remaining: 28s    
step 00781 (90.7%) | loss: 2.833897 | lrm: 0.19 | dt: 339ms | tok/sec: 1,546,408 | mfu: 37.4% | epoch: 1 | remaining: 27s    
step 00782 (90.9%) | loss: 2.837433 | lrm: 0.18 | dt: 340ms | tok/sec: 1,543,635 | mfu: 37.3% | epoch: 1 | remaining: 27s    
step 00783 (91.0%) | loss: 2.836637 | lrm: 0.18 | dt: 321ms | tok/sec: 1,632,427 | mfu: 39.4% | epoch: 1 | remaining: 27s    
step 00784 (91.1%) | loss: 2.836490 | lrm: 0.18 | dt: 336ms | tok/sec: 1,562,029 | mfu: 37.7% | epoch: 1 | remaining: 26s    
step 00785 (91.2%) | loss: 2.834898 | lrm: 0.18 | dt: 335ms | tok/sec: 1,565,177 | mfu: 37.8% | epoch: 1 | remaining: 26s    
step 00786 (91.3%) | loss: 2.832495 | lrm: 0.17 | dt: 325ms | tok/sec: 1,613,882 | mfu: 39.0% | epoch: 1 | remaining: 26s    
step 00787 (91.4%) | loss: 2.832807 | lrm: 0.17 | dt: 332ms | tok/sec: 1,578,143 | mfu: 38.1% | epoch: 1 | remaining: 25s    
step 00788 (91.5%) | loss: 2.828466 | lrm: 0.17 | dt: 358ms | tok/sec: 1,465,041 | mfu: 35.4% | epoch: 1 | remaining: 25s    
step 00789 (91.6%) | loss: 2.824470 | lrm: 0.17 | dt: 332ms | tok/sec: 1,581,226 | mfu: 38.2% | epoch: 1 | remaining: 25s    
step 00790 (91.7%) | loss: 2.826596 | lrm: 0.17 | dt: 369ms | tok/sec: 1,420,781 | mfu: 34.3% | epoch: 1 | remaining: 24s    
step 00791 (91.9%) | loss: 2.825442 | lrm: 0.16 | dt: 327ms | tok/sec: 1,604,900 | mfu: 38.8% | epoch: 1 | remaining: 24s    
step 00792 (92.0%) | loss: 2.823811 | lrm: 0.16 | dt: 328ms | tok/sec: 1,598,817 | mfu: 38.6% | epoch: 1 | remaining: 24s    
step 00793 (92.1%) | loss: 2.827924 | lrm: 0.16 | dt: 487ms | tok/sec: 1,076,289 | mfu: 26.0% | epoch: 1 | remaining: 23s    
step 00794 (92.3%) | loss: 2.827802 | lrm: 0.15 | dt: 350ms | tok/sec: 1,497,364 | mfu: 36.2% | epoch: 1 | remaining: 23s    
step 00795 (92.4%) | loss: 2.827437 | lrm: 0.15 | dt: 345ms | tok/sec: 1,520,941 | mfu: 36.7% | epoch: 1 | remaining: 23s    
step 00796 (92.5%) | loss: 2.827272 | lrm: 0.15 | dt: 330ms | tok/sec: 1,590,445 | mfu: 38.4% | epoch: 1 | remaining: 22s    
step 00797 (92.6%) | loss: 2.829973 | lrm: 0.15 | dt: 349ms | tok/sec: 1,501,803 | mfu: 36.3% | epoch: 1 | remaining: 22s    
step 00798 (92.7%) | loss: 2.830993 | lrm: 0.15 | dt: 341ms | tok/sec: 1,535,591 | mfu: 37.1% | epoch: 1 | remaining: 22s    
step 00799 (92.8%) | loss: 2.831574 | lrm: 0.14 | dt: 328ms | tok/sec: 1,599,117 | mfu: 38.6% | epoch: 1 | remaining: 21s    
step 00800 (92.9%) | loss: 2.826835 | lrm: 0.14 | dt: 345ms | tok/sec: 1,520,015 | mfu: 36.7% | epoch: 1 | remaining: 21s    
step 00801 (93.0%) | loss: 2.818895 | lrm: 0.14 | dt: 328ms | tok/sec: 1,598,947 | mfu: 38.6% | epoch: 1 | remaining: 21s    
step 00802 (93.2%) | loss: 2.816384 | lrm: 0.14 | dt: 330ms | tok/sec: 1,588,881 | mfu: 38.4% | epoch: 1 | remaining: 20s    
step 00803 (93.3%) | loss: 2.818244 | lrm: 0.13 | dt: 339ms | tok/sec: 1,547,093 | mfu: 37.4% | epoch: 1 | remaining: 20s    
step 00804 (93.4%) | loss: 2.817283 | lrm: 0.13 | dt: 329ms | tok/sec: 1,594,537 | mfu: 38.5% | epoch: 1 | remaining: 20s    
step 00805 (93.5%) | loss: 2.816392 | lrm: 0.13 | dt: 348ms | tok/sec: 1,505,430 | mfu: 36.4% | epoch: 1 | remaining: 19s    
step 00806 (93.6%) | loss: 2.814613 | lrm: 0.13 | dt: 358ms | tok/sec: 1,466,498 | mfu: 35.4% | epoch: 1 | remaining: 19s    
step 00807 (93.7%) | loss: 2.815750 | lrm: 0.13 | dt: 343ms | tok/sec: 1,528,774 | mfu: 36.9% | epoch: 1 | remaining: 18s    
step 00808 (93.8%) | loss: 2.812593 | lrm: 0.12 | dt: 334ms | tok/sec: 1,571,979 | mfu: 38.0% | epoch: 1 | remaining: 18s    
step 00809 (94.0%) | loss: 2.810708 | lrm: 0.12 | dt: 335ms | tok/sec: 1,563,317 | mfu: 37.8% | epoch: 1 | remaining: 18s    
step 00810 (94.1%) | loss: 2.816409 | lrm: 0.12 | dt: 331ms | tok/sec: 1,583,948 | mfu: 38.3% | epoch: 1 | remaining: 17s    
step 00811 (94.2%) | loss: 2.818796 | lrm: 0.12 | dt: 367ms | tok/sec: 1,429,480 | mfu: 34.5% | epoch: 1 | remaining: 17s    
step 00812 (94.3%) | loss: 2.818029 | lrm: 0.11 | dt: 427ms | tok/sec: 1,227,828 | mfu: 29.7% | epoch: 1 | remaining: 17s    
step 00813 (94.4%) | loss: 2.819841 | lrm: 0.11 | dt: 320ms | tok/sec: 1,637,948 | mfu: 39.6% | epoch: 1 | remaining: 16s    
step 00814 (94.5%) | loss: 2.818876 | lrm: 0.11 | dt: 437ms | tok/sec: 1,200,931 | mfu: 29.0% | epoch: 1 | remaining: 16s    
step 00815 (94.7%) | loss: 2.821459 | lrm: 0.11 | dt: 320ms | tok/sec: 1,637,117 | mfu: 39.6% | epoch: 1 | remaining: 16s    
step 00816 (94.8%) | loss: 2.822670 | lrm: 0.10 | dt: 351ms | tok/sec: 1,493,177 | mfu: 36.1% | epoch: 1 | remaining: 15s    
step 00817 (94.9%) | loss: 2.820824 | lrm: 0.10 | dt: 339ms | tok/sec: 1,547,944 | mfu: 37.4% | epoch: 1 | remaining: 15s    
step 00818 (95.0%) | loss: 2.815668 | lrm: 0.10 | dt: 323ms | tok/sec: 1,625,171 | mfu: 39.3% | epoch: 1 | remaining: 15s    
step 00819 (95.1%) | loss: 2.819976 | lrm: 0.10 | dt: 360ms | tok/sec: 1,458,226 | mfu: 35.2% | epoch: 1 | remaining: 14s    
step 00820 (95.3%) | loss: 2.816923 | lrm: 0.09 | dt: 335ms | tok/sec: 1,562,887 | mfu: 37.8% | epoch: 1 | remaining: 14s    
step 00821 (95.4%) | loss: 2.815395 | lrm: 0.09 | dt: 366ms | tok/sec: 1,433,590 | mfu: 34.6% | epoch: 1 | remaining: 14s    
step 00822 (95.5%) | loss: 2.813693 | lrm: 0.09 | dt: 384ms | tok/sec: 1,366,992 | mfu: 33.0% | epoch: 1 | remaining: 13s    
step 00823 (95.6%) | loss: 2.813966 | lrm: 0.09 | dt: 358ms | tok/sec: 1,465,845 | mfu: 35.4% | epoch: 1 | remaining: 13s    
step 00824 (95.7%) | loss: 2.810557 | lrm: 0.09 | dt: 351ms | tok/sec: 1,492,784 | mfu: 36.1% | epoch: 1 | remaining: 12s    
step 00825 (95.9%) | loss: 2.814344 | lrm: 0.08 | dt: 362ms | tok/sec: 1,449,277 | mfu: 35.0% | epoch: 1 | remaining: 12s    
step 00826 (96.0%) | loss: 2.817349 | lrm: 0.08 | dt: 333ms | tok/sec: 1,575,578 | mfu: 38.1% | epoch: 1 | remaining: 12s    
step 00827 (96.1%) | loss: 2.818316 | lrm: 0.08 | dt: 359ms | tok/sec: 1,459,982 | mfu: 35.3% | epoch: 1 | remaining: 11s    
step 00828 (96.2%) | loss: 2.815876 | lrm: 0.08 | dt: 370ms | tok/sec: 1,416,793 | mfu: 34.2% | epoch: 1 | remaining: 11s    
step 00829 (96.3%) | loss: 2.820416 | lrm: 0.07 | dt: 359ms | tok/sec: 1,461,110 | mfu: 35.3% | epoch: 1 | remaining: 11s    
step 00830 (96.4%) | loss: 2.819689 | lrm: 0.07 | dt: 489ms | tok/sec: 1,073,051 | mfu: 25.9% | epoch: 1 | remaining: 10s    
step 00831 (96.6%) | loss: 2.814766 | lrm: 0.07 | dt: 422ms | tok/sec: 1,242,422 | mfu: 30.0% | epoch: 1 | remaining: 10s    
step 00832 (96.7%) | loss: 2.812217 | lrm: 0.07 | dt: 350ms | tok/sec: 1,497,508 | mfu: 36.2% | epoch: 1 | remaining: 9s    
step 00833 (96.9%) | loss: 2.812432 | lrm: 0.06 | dt: 320ms | tok/sec: 1,636,509 | mfu: 39.5% | epoch: 1 | remaining: 9s    
step 00834 (97.0%) | loss: 2.812750 | lrm: 0.06 | dt: 402ms | tok/sec: 1,303,271 | mfu: 31.5% | epoch: 1 | remaining: 9s    
step 00835 (97.1%) | loss: 2.807640 | lrm: 0.06 | dt: 331ms | tok/sec: 1,583,326 | mfu: 38.3% | epoch: 1 | remaining: 8s    
step 00836 (97.2%) | loss: 2.813350 | lrm: 0.06 | dt: 328ms | tok/sec: 1,599,312 | mfu: 38.6% | epoch: 1 | remaining: 8s    
step 00837 (97.3%) | loss: 2.808940 | lrm: 0.05 | dt: 342ms | tok/sec: 1,535,043 | mfu: 37.1% | epoch: 1 | remaining: 8s    
step 00838 (97.4%) | loss: 2.807028 | lrm: 0.05 | dt: 325ms | tok/sec: 1,612,279 | mfu: 39.0% | epoch: 1 | remaining: 7s    
step 00839 (97.5%) | loss: 2.815710 | lrm: 0.05 | dt: 325ms | tok/sec: 1,612,323 | mfu: 39.0% | epoch: 1 | remaining: 7s    
step 00840 (97.7%) | loss: 2.819685 | lrm: 0.05 | dt: 340ms | tok/sec: 1,543,142 | mfu: 37.3% | epoch: 1 | remaining: 7s    
step 00841 (97.8%) | loss: 2.814842 | lrm: 0.04 | dt: 357ms | tok/sec: 1,468,644 | mfu: 35.5% | epoch: 1 | remaining: 6s    
step 00842 (97.9%) | loss: 2.818193 | lrm: 0.04 | dt: 387ms | tok/sec: 1,355,485 | mfu: 32.8% | epoch: 1 | remaining: 6s    
step 00843 (98.0%) | loss: 2.815067 | lrm: 0.04 | dt: 392ms | tok/sec: 1,338,623 | mfu: 32.3% | epoch: 1 | remaining: 6s    
step 00844 (98.1%) | loss: 2.816018 | lrm: 0.04 | dt: 321ms | tok/sec: 1,634,238 | mfu: 39.5% | epoch: 1 | remaining: 5s    
step 00845 (98.3%) | loss: 2.816582 | lrm: 0.03 | dt: 324ms | tok/sec: 1,615,815 | mfu: 39.0% | epoch: 1 | remaining: 5s    
step 00846 (98.4%) | loss: 2.814569 | lrm: 0.03 | dt: 344ms | tok/sec: 1,523,599 | mfu: 36.8% | epoch: 1 | remaining: 5s    
step 00847 (98.5%) | loss: 2.817286 | lrm: 0.03 | dt: 325ms | tok/sec: 1,613,773 | mfu: 39.0% | epoch: 1 | remaining: 4s    
step 00848 (98.6%) | loss: 2.813983 | lrm: 0.03 | dt: 324ms | tok/sec: 1,619,533 | mfu: 39.1% | epoch: 1 | remaining: 4s    
step 00849 (98.7%) | loss: 2.812464 | lrm: 0.03 | dt: 340ms | tok/sec: 1,542,480 | mfu: 37.3% | epoch: 1 | remaining: 4s    
step 00850 (98.8%) | loss: 2.816918 | lrm: 0.02 | dt: 331ms | tok/sec: 1,582,101 | mfu: 38.2% | epoch: 1 | remaining: 3s    
step 00851 (98.9%) | loss: 2.815496 | lrm: 0.02 | dt: 328ms | tok/sec: 1,599,476 | mfu: 38.6% | epoch: 1 | remaining: 3s    
step 00852 (99.0%) | loss: 2.811149 | lrm: 0.02 | dt: 336ms | tok/sec: 1,559,957 | mfu: 37.7% | epoch: 1 | remaining: 3s    
step 00853 (99.1%) | loss: 2.811346 | lrm: 0.02 | dt: 403ms | tok/sec: 1,300,516 | mfu: 31.4% | epoch: 1 | remaining: 2s    
step 00854 (99.3%) | loss: 2.806627 | lrm: 0.01 | dt: 339ms | tok/sec: 1,545,746 | mfu: 37.3% | epoch: 1 | remaining: 2s    
step 00855 (99.4%) | loss: 2.806422 | lrm: 0.01 | dt: 360ms | tok/sec: 1,456,950 | mfu: 35.2% | epoch: 1 | remaining: 1s    
step 00856 (99.5%) | loss: 2.811948 | lrm: 0.01 | dt: 333ms | tok/sec: 1,576,600 | mfu: 38.1% | epoch: 1 | remaining: 1s    
step 00857 (99.6%) | loss: 2.815369 | lrm: 0.01 | dt: 329ms | tok/sec: 1,594,293 | mfu: 38.5% | epoch: 1 | remaining: 1s    
step 00858 (99.7%) | loss: 2.814275 | lrm: 0.01 | dt: 350ms | tok/sec: 1,499,644 | mfu: 36.2% | epoch: 1 | remaining: 0s    
step 00859 (99.8%) | loss: 2.817039 | lrm: 0.00 | dt: 381ms | tok/sec: 1,377,772 | mfu: 33.3% | epoch: 1 | remaining: 0s    
step 00860 (100.0%) | loss: 2.816994 | lrm: 0.00 | dt: 342ms | tok/sec: 1,534,394 | mfu: 37.1% | epoch: 1 | remaining: 0s    
---
val_bpb:          1.001808
holdout_bpb:      1.001117
training_seconds: 300.3
total_seconds:    355.5
peak_vram_mb:     45060.2
mfu_percent:      35.90
total_tokens_M:   451.4
num_steps:        861
num_params_M:     50.3
depth:            8
