Vocab size: 8,192
Model config: {'sequence_len': 2048, 'vocab_size': 8192, 'n_layer': 8, 'n_head': 4, 'n_kv_head': 4, 'n_embd': 512, 'window_pattern': 'SSSL'}
Parameter counts:
  wte                     : 4,194,304
  value_embeds            : 16,777,216
  lm_head                 : 4,194,304
  transformer_matrices    : 25,166,336
  scalars                 : 16
  total                   : 50,332,176
Estimated FLOPs per token: 2.390784e+08
Scaling AdamW LRs by 1/sqrt(512/768) = 1.224745
Time budget: 300s
Gradient accumulation steps: 1

step 00000 (0.0%) | loss: 9.011262 | lrm: 1.00 | dt: 15738ms | tok/sec: 16,656 | mfu: 0.4% | epoch: 1 | remaining: 300s    
step 00001 (0.0%) | loss: 8.867333 | lrm: 1.00 | dt: 159ms | tok/sec: 1,650,115 | mfu: 39.9% | epoch: 1 | remaining: 300s    
step 00002 (0.0%) | loss: 8.486184 | lrm: 1.00 | dt: 158ms | tok/sec: 1,659,224 | mfu: 40.1% | epoch: 1 | remaining: 300s    
step 00003 (0.0%) | loss: 8.034196 | lrm: 1.00 | dt: 161ms | tok/sec: 1,630,488 | mfu: 39.4% | epoch: 1 | remaining: 300s    
step 00004 (0.0%) | loss: 7.655185 | lrm: 1.00 | dt: 159ms | tok/sec: 1,647,428 | mfu: 39.8% | epoch: 1 | remaining: 300s    
step 00005 (0.0%) | loss: 7.322747 | lrm: 1.00 | dt: 160ms | tok/sec: 1,637,628 | mfu: 39.6% | epoch: 1 | remaining: 300s    
step 00006 (0.0%) | loss: 7.069866 | lrm: 1.00 | dt: 202ms | tok/sec: 1,299,246 | mfu: 31.4% | epoch: 1 | remaining: 300s    
step 00007 (0.0%) | loss: 6.865020 | lrm: 1.00 | dt: 184ms | tok/sec: 1,428,393 | mfu: 34.5% | epoch: 1 | remaining: 300s    
step 00008 (0.0%) | loss: 6.690662 | lrm: 1.00 | dt: 174ms | tok/sec: 1,504,735 | mfu: 36.4% | epoch: 1 | remaining: 300s    
step 00009 (0.0%) | loss: 6.542488 | lrm: 1.00 | dt: 207ms | tok/sec: 1,266,226 | mfu: 30.6% | epoch: 1 | remaining: 300s    
step 00010 (0.0%) | loss: 6.419344 | lrm: 1.00 | dt: 185ms | tok/sec: 1,414,674 | mfu: 34.2% | epoch: 1 | remaining: 300s    
step 00011 (0.0%) | loss: 6.310439 | lrm: 1.00 | dt: 159ms | tok/sec: 1,650,786 | mfu: 39.9% | epoch: 1 | remaining: 300s    
step 00012 (0.1%) | loss: 6.212910 | lrm: 1.00 | dt: 187ms | tok/sec: 1,401,374 | mfu: 33.9% | epoch: 1 | remaining: 300s    
step 00013 (0.1%) | loss: 6.130876 | lrm: 1.00 | dt: 193ms | tok/sec: 1,356,067 | mfu: 32.8% | epoch: 1 | remaining: 299s    
step 00014 (0.2%) | loss: 6.058139 | lrm: 1.00 | dt: 159ms | tok/sec: 1,651,424 | mfu: 39.9% | epoch: 1 | remaining: 299s    
step 00015 (0.2%) | loss: 5.991137 | lrm: 1.00 | dt: 206ms | tok/sec: 1,271,082 | mfu: 30.7% | epoch: 1 | remaining: 299s    
step 00016 (0.3%) | loss: 5.931958 | lrm: 1.00 | dt: 158ms | tok/sec: 1,659,740 | mfu: 40.1% | epoch: 1 | remaining: 299s    
step 00017 (0.4%) | loss: 5.874959 | lrm: 1.00 | dt: 173ms | tok/sec: 1,519,323 | mfu: 36.7% | epoch: 1 | remaining: 299s    
step 00018 (0.4%) | loss: 5.824895 | lrm: 1.00 | dt: 162ms | tok/sec: 1,621,722 | mfu: 39.2% | epoch: 1 | remaining: 299s    
step 00019 (0.5%) | loss: 5.777720 | lrm: 1.00 | dt: 195ms | tok/sec: 1,345,793 | mfu: 32.5% | epoch: 1 | remaining: 298s    
step 00020 (0.5%) | loss: 5.733325 | lrm: 1.00 | dt: 213ms | tok/sec: 1,229,176 | mfu: 29.7% | epoch: 1 | remaining: 298s    
step 00021 (0.6%) | loss: 5.693233 | lrm: 1.00 | dt: 256ms | tok/sec: 1,025,090 | mfu: 24.8% | epoch: 1 | remaining: 298s    
step 00022 (0.7%) | loss: 5.658254 | lrm: 1.00 | dt: 170ms | tok/sec: 1,545,855 | mfu: 37.4% | epoch: 1 | remaining: 298s    
step 00023 (0.7%) | loss: 5.624270 | lrm: 1.00 | dt: 193ms | tok/sec: 1,360,655 | mfu: 32.9% | epoch: 1 | remaining: 298s    
step 00024 (0.8%) | loss: 5.592588 | lrm: 1.00 | dt: 175ms | tok/sec: 1,500,689 | mfu: 36.3% | epoch: 1 | remaining: 297s    
step 00025 (0.9%) | loss: 5.560460 | lrm: 1.00 | dt: 165ms | tok/sec: 1,584,233 | mfu: 38.3% | epoch: 1 | remaining: 297s    
step 00026 (0.9%) | loss: 5.529419 | lrm: 1.00 | dt: 230ms | tok/sec: 1,137,345 | mfu: 27.5% | epoch: 1 | remaining: 297s    
step 00027 (1.0%) | loss: 5.499241 | lrm: 1.00 | dt: 204ms | tok/sec: 1,285,898 | mfu: 31.1% | epoch: 1 | remaining: 297s    
step 00028 (1.1%) | loss: 5.472776 | lrm: 1.00 | dt: 174ms | tok/sec: 1,509,656 | mfu: 36.5% | epoch: 1 | remaining: 297s    
step 00029 (1.1%) | loss: 5.446119 | lrm: 1.00 | dt: 188ms | tok/sec: 1,392,153 | mfu: 33.6% | epoch: 1 | remaining: 296s    
step 00030 (1.2%) | loss: 5.416263 | lrm: 1.00 | dt: 167ms | tok/sec: 1,573,047 | mfu: 38.0% | epoch: 1 | remaining: 296s    
step 00031 (1.2%) | loss: 5.389829 | lrm: 1.00 | dt: 185ms | tok/sec: 1,420,287 | mfu: 34.3% | epoch: 1 | remaining: 296s    
step 00032 (1.3%) | loss: 5.364667 | lrm: 1.00 | dt: 160ms | tok/sec: 1,643,512 | mfu: 39.7% | epoch: 1 | remaining: 296s    
step 00033 (1.4%) | loss: 5.340119 | lrm: 1.00 | dt: 167ms | tok/sec: 1,566,427 | mfu: 37.8% | epoch: 1 | remaining: 296s    
step 00034 (1.4%) | loss: 5.314397 | lrm: 1.00 | dt: 195ms | tok/sec: 1,342,893 | mfu: 32.4% | epoch: 1 | remaining: 296s    
step 00035 (1.5%) | loss: 5.287576 | lrm: 1.00 | dt: 177ms | tok/sec: 1,477,399 | mfu: 35.7% | epoch: 1 | remaining: 295s    
step 00036 (1.5%) | loss: 5.261337 | lrm: 1.00 | dt: 188ms | tok/sec: 1,393,351 | mfu: 33.7% | epoch: 1 | remaining: 295s    
step 00037 (1.6%) | loss: 5.236188 | lrm: 1.00 | dt: 172ms | tok/sec: 1,526,302 | mfu: 36.9% | epoch: 1 | remaining: 295s    
step 00038 (1.7%) | loss: 5.209522 | lrm: 1.00 | dt: 210ms | tok/sec: 1,247,045 | mfu: 30.1% | epoch: 1 | remaining: 295s    
step 00039 (1.7%) | loss: 5.183544 | lrm: 1.00 | dt: 159ms | tok/sec: 1,648,776 | mfu: 39.8% | epoch: 1 | remaining: 295s    
step 00040 (1.8%) | loss: 5.161327 | lrm: 1.00 | dt: 193ms | tok/sec: 1,356,264 | mfu: 32.8% | epoch: 1 | remaining: 294s    
step 00041 (1.8%) | loss: 5.135567 | lrm: 1.00 | dt: 162ms | tok/sec: 1,617,982 | mfu: 39.1% | epoch: 1 | remaining: 294s    
step 00042 (1.9%) | loss: 5.112854 | lrm: 1.00 | dt: 186ms | tok/sec: 1,409,876 | mfu: 34.1% | epoch: 1 | remaining: 294s    
step 00043 (2.0%) | loss: 5.086323 | lrm: 1.00 | dt: 166ms | tok/sec: 1,581,157 | mfu: 38.2% | epoch: 1 | remaining: 294s    
step 00044 (2.0%) | loss: 5.062387 | lrm: 1.00 | dt: 179ms | tok/sec: 1,463,295 | mfu: 35.4% | epoch: 1 | remaining: 294s    
step 00045 (2.1%) | loss: 5.040473 | lrm: 1.00 | dt: 160ms | tok/sec: 1,639,843 | mfu: 39.6% | epoch: 1 | remaining: 294s    
step 00046 (2.1%) | loss: 5.015432 | lrm: 1.00 | dt: 192ms | tok/sec: 1,365,483 | mfu: 33.0% | epoch: 1 | remaining: 293s    
step 00047 (2.2%) | loss: 4.989369 | lrm: 1.00 | dt: 158ms | tok/sec: 1,656,609 | mfu: 40.0% | epoch: 1 | remaining: 293s    
step 00048 (2.2%) | loss: 4.965188 | lrm: 1.00 | dt: 180ms | tok/sec: 1,452,388 | mfu: 35.1% | epoch: 1 | remaining: 293s    
step 00049 (2.3%) | loss: 4.937308 | lrm: 1.00 | dt: 161ms | tok/sec: 1,628,278 | mfu: 39.3% | epoch: 1 | remaining: 293s    
step 00050 (2.4%) | loss: 4.915834 | lrm: 1.00 | dt: 166ms | tok/sec: 1,579,478 | mfu: 38.2% | epoch: 1 | remaining: 293s    
step 00051 (2.4%) | loss: 4.890901 | lrm: 1.00 | dt: 181ms | tok/sec: 1,445,003 | mfu: 34.9% | epoch: 1 | remaining: 293s    
step 00052 (2.5%) | loss: 4.868230 | lrm: 1.00 | dt: 164ms | tok/sec: 1,600,367 | mfu: 38.7% | epoch: 1 | remaining: 292s    
step 00053 (2.5%) | loss: 4.845052 | lrm: 1.00 | dt: 168ms | tok/sec: 1,559,703 | mfu: 37.7% | epoch: 1 | remaining: 292s    
step 00054 (2.6%) | loss: 4.817815 | lrm: 1.00 | dt: 165ms | tok/sec: 1,593,460 | mfu: 38.5% | epoch: 1 | remaining: 292s    
step 00055 (2.6%) | loss: 4.795231 | lrm: 1.00 | dt: 185ms | tok/sec: 1,417,683 | mfu: 34.3% | epoch: 1 | remaining: 292s    
step 00056 (2.7%) | loss: 4.772853 | lrm: 1.00 | dt: 159ms | tok/sec: 1,650,526 | mfu: 39.9% | epoch: 1 | remaining: 292s    
step 00057 (2.8%) | loss: 4.750833 | lrm: 1.00 | dt: 167ms | tok/sec: 1,573,738 | mfu: 38.0% | epoch: 1 | remaining: 292s    
step 00058 (2.8%) | loss: 4.728494 | lrm: 1.00 | dt: 193ms | tok/sec: 1,355,527 | mfu: 32.8% | epoch: 1 | remaining: 291s    
step 00059 (2.9%) | loss: 4.707244 | lrm: 1.00 | dt: 159ms | tok/sec: 1,649,009 | mfu: 39.8% | epoch: 1 | remaining: 291s    
step 00060 (2.9%) | loss: 4.687997 | lrm: 1.00 | dt: 176ms | tok/sec: 1,490,103 | mfu: 36.0% | epoch: 1 | remaining: 291s    
step 00061 (3.0%) | loss: 4.663772 | lrm: 1.00 | dt: 198ms | tok/sec: 1,320,869 | mfu: 31.9% | epoch: 1 | remaining: 291s    
step 00062 (3.1%) | loss: 4.640602 | lrm: 1.00 | dt: 164ms | tok/sec: 1,598,975 | mfu: 38.6% | epoch: 1 | remaining: 291s    
step 00063 (3.1%) | loss: 4.618614 | lrm: 1.00 | dt: 160ms | tok/sec: 1,638,579 | mfu: 39.6% | epoch: 1 | remaining: 291s    
step 00064 (3.2%) | loss: 4.595257 | lrm: 1.00 | dt: 169ms | tok/sec: 1,554,789 | mfu: 37.6% | epoch: 1 | remaining: 290s    
step 00065 (3.2%) | loss: 4.570106 | lrm: 1.00 | dt: 165ms | tok/sec: 1,588,657 | mfu: 38.4% | epoch: 1 | remaining: 290s    
step 00066 (3.3%) | loss: 4.549544 | lrm: 1.00 | dt: 163ms | tok/sec: 1,603,618 | mfu: 38.7% | epoch: 1 | remaining: 290s    
step 00067 (3.3%) | loss: 4.529156 | lrm: 1.00 | dt: 207ms | tok/sec: 1,265,737 | mfu: 30.6% | epoch: 1 | remaining: 290s    
step 00068 (3.4%) | loss: 4.504380 | lrm: 1.00 | dt: 160ms | tok/sec: 1,634,686 | mfu: 39.5% | epoch: 1 | remaining: 290s    
step 00069 (3.4%) | loss: 4.479092 | lrm: 1.00 | dt: 162ms | tok/sec: 1,619,758 | mfu: 39.1% | epoch: 1 | remaining: 289s    
step 00070 (3.5%) | loss: 4.453752 | lrm: 1.00 | dt: 190ms | tok/sec: 1,379,850 | mfu: 33.3% | epoch: 1 | remaining: 289s    
step 00071 (3.6%) | loss: 4.433520 | lrm: 1.00 | dt: 181ms | tok/sec: 1,446,046 | mfu: 34.9% | epoch: 1 | remaining: 289s    
step 00072 (3.6%) | loss: 4.413395 | lrm: 1.00 | dt: 226ms | tok/sec: 1,157,465 | mfu: 28.0% | epoch: 1 | remaining: 289s    
step 00073 (3.7%) | loss: 4.392403 | lrm: 1.00 | dt: 160ms | tok/sec: 1,639,129 | mfu: 39.6% | epoch: 1 | remaining: 289s    
step 00074 (3.8%) | loss: 4.374600 | lrm: 1.00 | dt: 262ms | tok/sec: 1,000,149 | mfu: 24.2% | epoch: 1 | remaining: 288s    
step 00075 (3.8%) | loss: 4.354294 | lrm: 1.00 | dt: 157ms | tok/sec: 1,669,561 | mfu: 40.3% | epoch: 1 | remaining: 288s    
step 00076 (3.9%) | loss: 4.334593 | lrm: 1.00 | dt: 187ms | tok/sec: 1,399,291 | mfu: 33.8% | epoch: 1 | remaining: 288s    
step 00077 (4.0%) | loss: 4.316477 | lrm: 1.00 | dt: 159ms | tok/sec: 1,644,400 | mfu: 39.7% | epoch: 1 | remaining: 288s    
step 00078 (4.0%) | loss: 4.300193 | lrm: 1.00 | dt: 162ms | tok/sec: 1,619,326 | mfu: 39.1% | epoch: 1 | remaining: 288s    
step 00079 (4.1%) | loss: 4.282158 | lrm: 1.00 | dt: 174ms | tok/sec: 1,506,366 | mfu: 36.4% | epoch: 1 | remaining: 288s    
step 00080 (4.1%) | loss: 4.258457 | lrm: 1.00 | dt: 171ms | tok/sec: 1,537,060 | mfu: 37.1% | epoch: 1 | remaining: 287s    
step 00081 (4.2%) | loss: 4.237431 | lrm: 1.00 | dt: 165ms | tok/sec: 1,588,722 | mfu: 38.4% | epoch: 1 | remaining: 287s    
step 00082 (4.2%) | loss: 4.215058 | lrm: 1.00 | dt: 168ms | tok/sec: 1,555,960 | mfu: 37.6% | epoch: 1 | remaining: 287s    
step 00083 (4.3%) | loss: 4.196389 | lrm: 1.00 | dt: 175ms | tok/sec: 1,495,671 | mfu: 36.1% | epoch: 1 | remaining: 287s    
step 00084 (4.3%) | loss: 4.178603 | lrm: 1.00 | dt: 187ms | tok/sec: 1,400,569 | mfu: 33.8% | epoch: 1 | remaining: 287s    
step 00085 (4.4%) | loss: 4.161757 | lrm: 1.00 | dt: 186ms | tok/sec: 1,411,131 | mfu: 34.1% | epoch: 1 | remaining: 287s    
step 00086 (4.5%) | loss: 4.145946 | lrm: 1.00 | dt: 205ms | tok/sec: 1,281,730 | mfu: 31.0% | epoch: 1 | remaining: 286s    
step 00087 (4.5%) | loss: 4.128345 | lrm: 1.00 | dt: 158ms | tok/sec: 1,654,674 | mfu: 40.0% | epoch: 1 | remaining: 286s    
step 00088 (4.6%) | loss: 4.109054 | lrm: 1.00 | dt: 190ms | tok/sec: 1,381,554 | mfu: 33.4% | epoch: 1 | remaining: 286s    
step 00089 (4.7%) | loss: 4.094826 | lrm: 1.00 | dt: 240ms | tok/sec: 1,091,286 | mfu: 26.4% | epoch: 1 | remaining: 286s    
step 00090 (4.7%) | loss: 4.078730 | lrm: 1.00 | dt: 199ms | tok/sec: 1,315,348 | mfu: 31.8% | epoch: 1 | remaining: 286s    
step 00091 (4.8%) | loss: 4.065926 | lrm: 1.00 | dt: 160ms | tok/sec: 1,642,800 | mfu: 39.7% | epoch: 1 | remaining: 285s    
step 00092 (4.9%) | loss: 4.048536 | lrm: 1.00 | dt: 172ms | tok/sec: 1,521,009 | mfu: 36.7% | epoch: 1 | remaining: 285s    
step 00093 (4.9%) | loss: 4.032973 | lrm: 1.00 | dt: 161ms | tok/sec: 1,630,067 | mfu: 39.4% | epoch: 1 | remaining: 285s    
step 00094 (5.0%) | loss: 4.013921 | lrm: 1.00 | dt: 186ms | tok/sec: 1,412,698 | mfu: 34.1% | epoch: 1 | remaining: 285s    
step 00095 (5.0%) | loss: 3.988440 | lrm: 1.00 | dt: 182ms | tok/sec: 1,441,345 | mfu: 34.8% | epoch: 1 | remaining: 285s    
step 00096 (5.1%) | loss: 3.970735 | lrm: 1.00 | dt: 221ms | tok/sec: 1,188,206 | mfu: 28.7% | epoch: 1 | remaining: 285s    
step 00097 (5.2%) | loss: 3.960719 | lrm: 1.00 | dt: 165ms | tok/sec: 1,589,224 | mfu: 38.4% | epoch: 1 | remaining: 284s    
step 00098 (5.2%) | loss: 3.948811 | lrm: 1.00 | dt: 159ms | tok/sec: 1,650,935 | mfu: 39.9% | epoch: 1 | remaining: 284s    
step 00099 (5.3%) | loss: 3.935350 | lrm: 1.00 | dt: 193ms | tok/sec: 1,359,235 | mfu: 32.8% | epoch: 1 | remaining: 284s    
step 00100 (5.3%) | loss: 3.922279 | lrm: 1.00 | dt: 164ms | tok/sec: 1,601,103 | mfu: 38.7% | epoch: 1 | remaining: 284s    
step 00101 (5.4%) | loss: 3.907333 | lrm: 1.00 | dt: 161ms | tok/sec: 1,628,565 | mfu: 39.3% | epoch: 1 | remaining: 284s    
step 00102 (5.4%) | loss: 3.895191 | lrm: 1.00 | dt: 191ms | tok/sec: 1,371,930 | mfu: 33.1% | epoch: 1 | remaining: 283s    
step 00103 (5.5%) | loss: 3.885451 | lrm: 1.00 | dt: 160ms | tok/sec: 1,634,667 | mfu: 39.5% | epoch: 1 | remaining: 283s    
step 00104 (5.6%) | loss: 3.872405 | lrm: 1.00 | dt: 177ms | tok/sec: 1,478,358 | mfu: 35.7% | epoch: 1 | remaining: 283s    
step 00105 (5.6%) | loss: 3.860332 | lrm: 1.00 | dt: 164ms | tok/sec: 1,598,389 | mfu: 38.6% | epoch: 1 | remaining: 283s    
step 00106 (5.7%) | loss: 3.849100 | lrm: 1.00 | dt: 162ms | tok/sec: 1,616,950 | mfu: 39.1% | epoch: 1 | remaining: 283s    
step 00107 (5.7%) | loss: 3.840859 | lrm: 1.00 | dt: 166ms | tok/sec: 1,580,089 | mfu: 38.2% | epoch: 1 | remaining: 283s    
step 00108 (5.8%) | loss: 3.833086 | lrm: 1.00 | dt: 174ms | tok/sec: 1,508,687 | mfu: 36.5% | epoch: 1 | remaining: 282s    
step 00109 (5.8%) | loss: 3.825351 | lrm: 1.00 | dt: 165ms | tok/sec: 1,588,281 | mfu: 38.4% | epoch: 1 | remaining: 282s    
step 00110 (5.9%) | loss: 3.818286 | lrm: 1.00 | dt: 210ms | tok/sec: 1,246,319 | mfu: 30.1% | epoch: 1 | remaining: 282s    
step 00111 (6.0%) | loss: 3.808728 | lrm: 1.00 | dt: 177ms | tok/sec: 1,485,108 | mfu: 35.9% | epoch: 1 | remaining: 282s    
step 00112 (6.0%) | loss: 3.797485 | lrm: 1.00 | dt: 166ms | tok/sec: 1,577,016 | mfu: 38.1% | epoch: 1 | remaining: 282s    
step 00113 (6.1%) | loss: 3.792754 | lrm: 1.00 | dt: 181ms | tok/sec: 1,446,916 | mfu: 35.0% | epoch: 1 | remaining: 282s    
step 00114 (6.1%) | loss: 3.783343 | lrm: 1.00 | dt: 166ms | tok/sec: 1,581,641 | mfu: 38.2% | epoch: 1 | remaining: 281s    
step 00115 (6.2%) | loss: 3.775009 | lrm: 1.00 | dt: 188ms | tok/sec: 1,390,760 | mfu: 33.6% | epoch: 1 | remaining: 281s    
step 00116 (6.3%) | loss: 3.764463 | lrm: 1.00 | dt: 164ms | tok/sec: 1,598,359 | mfu: 38.6% | epoch: 1 | remaining: 281s    
step 00117 (6.3%) | loss: 3.754182 | lrm: 1.00 | dt: 167ms | tok/sec: 1,569,069 | mfu: 37.9% | epoch: 1 | remaining: 281s    
step 00118 (6.4%) | loss: 3.748094 | lrm: 1.00 | dt: 170ms | tok/sec: 1,546,297 | mfu: 37.4% | epoch: 1 | remaining: 281s    
step 00119 (6.4%) | loss: 3.744027 | lrm: 1.00 | dt: 169ms | tok/sec: 1,554,862 | mfu: 37.6% | epoch: 1 | remaining: 281s    
step 00120 (6.5%) | loss: 3.734817 | lrm: 1.00 | dt: 162ms | tok/sec: 1,617,464 | mfu: 39.1% | epoch: 1 | remaining: 280s    
step 00121 (6.5%) | loss: 3.730214 | lrm: 1.00 | dt: 168ms | tok/sec: 1,556,011 | mfu: 37.6% | epoch: 1 | remaining: 280s    
step 00122 (6.6%) | loss: 3.723133 | lrm: 1.00 | dt: 165ms | tok/sec: 1,584,144 | mfu: 38.3% | epoch: 1 | remaining: 280s    
step 00123 (6.6%) | loss: 3.713981 | lrm: 1.00 | dt: 172ms | tok/sec: 1,522,911 | mfu: 36.8% | epoch: 1 | remaining: 280s    
step 00124 (6.7%) | loss: 3.712295 | lrm: 1.00 | dt: 165ms | tok/sec: 1,592,991 | mfu: 38.5% | epoch: 1 | remaining: 280s    
step 00125 (6.8%) | loss: 3.708684 | lrm: 1.00 | dt: 165ms | tok/sec: 1,593,555 | mfu: 38.5% | epoch: 1 | remaining: 280s    
step 00126 (6.8%) | loss: 3.700718 | lrm: 1.00 | dt: 162ms | tok/sec: 1,618,857 | mfu: 39.1% | epoch: 1 | remaining: 279s    
step 00127 (6.9%) | loss: 3.695692 | lrm: 1.00 | dt: 169ms | tok/sec: 1,551,615 | mfu: 37.5% | epoch: 1 | remaining: 279s    
step 00128 (6.9%) | loss: 3.685763 | lrm: 1.00 | dt: 174ms | tok/sec: 1,510,855 | mfu: 36.5% | epoch: 1 | remaining: 279s    
step 00129 (7.0%) | loss: 3.679874 | lrm: 1.00 | dt: 166ms | tok/sec: 1,579,397 | mfu: 38.2% | epoch: 1 | remaining: 279s    
step 00130 (7.0%) | loss: 3.672705 | lrm: 1.00 | dt: 190ms | tok/sec: 1,383,163 | mfu: 33.4% | epoch: 1 | remaining: 279s    
step 00131 (7.1%) | loss: 3.662198 | lrm: 1.00 | dt: 158ms | tok/sec: 1,663,396 | mfu: 40.2% | epoch: 1 | remaining: 279s    
step 00132 (7.2%) | loss: 3.659654 | lrm: 1.00 | dt: 164ms | tok/sec: 1,597,205 | mfu: 38.6% | epoch: 1 | remaining: 278s    
step 00133 (7.2%) | loss: 3.655797 | lrm: 1.00 | dt: 167ms | tok/sec: 1,569,385 | mfu: 37.9% | epoch: 1 | remaining: 278s    
step 00134 (7.3%) | loss: 3.653977 | lrm: 1.00 | dt: 166ms | tok/sec: 1,580,750 | mfu: 38.2% | epoch: 1 | remaining: 278s    
step 00135 (7.3%) | loss: 3.649666 | lrm: 1.00 | dt: 164ms | tok/sec: 1,593,984 | mfu: 38.5% | epoch: 1 | remaining: 278s    
step 00136 (7.4%) | loss: 3.645411 | lrm: 1.00 | dt: 173ms | tok/sec: 1,519,119 | mfu: 36.7% | epoch: 1 | remaining: 278s    
step 00137 (7.4%) | loss: 3.643006 | lrm: 1.00 | dt: 181ms | tok/sec: 1,447,440 | mfu: 35.0% | epoch: 1 | remaining: 278s    
step 00138 (7.5%) | loss: 3.639601 | lrm: 1.00 | dt: 161ms | tok/sec: 1,631,935 | mfu: 39.4% | epoch: 1 | remaining: 277s    
step 00139 (7.5%) | loss: 3.637685 | lrm: 1.00 | dt: 162ms | tok/sec: 1,618,130 | mfu: 39.1% | epoch: 1 | remaining: 277s    
step 00140 (7.6%) | loss: 3.631987 | lrm: 1.00 | dt: 165ms | tok/sec: 1,586,150 | mfu: 38.3% | epoch: 1 | remaining: 277s    
step 00141 (7.7%) | loss: 3.627129 | lrm: 1.00 | dt: 168ms | tok/sec: 1,558,227 | mfu: 37.6% | epoch: 1 | remaining: 277s    
step 00142 (7.7%) | loss: 3.619634 | lrm: 1.00 | dt: 168ms | tok/sec: 1,560,290 | mfu: 37.7% | epoch: 1 | remaining: 277s    
step 00143 (7.8%) | loss: 3.620849 | lrm: 1.00 | dt: 169ms | tok/sec: 1,554,409 | mfu: 37.6% | epoch: 1 | remaining: 277s    
step 00144 (7.8%) | loss: 3.608812 | lrm: 1.00 | dt: 164ms | tok/sec: 1,595,636 | mfu: 38.6% | epoch: 1 | remaining: 276s    
step 00145 (7.9%) | loss: 3.604464 | lrm: 1.00 | dt: 165ms | tok/sec: 1,590,125 | mfu: 38.4% | epoch: 1 | remaining: 276s    
step 00146 (7.9%) | loss: 3.606810 | lrm: 1.00 | dt: 164ms | tok/sec: 1,596,025 | mfu: 38.6% | epoch: 1 | remaining: 276s    
step 00147 (8.0%) | loss: 3.597506 | lrm: 1.00 | dt: 168ms | tok/sec: 1,562,272 | mfu: 37.7% | epoch: 1 | remaining: 276s    
step 00148 (8.0%) | loss: 3.596222 | lrm: 1.00 | dt: 168ms | tok/sec: 1,559,621 | mfu: 37.7% | epoch: 1 | remaining: 276s    
step 00149 (8.1%) | loss: 3.589284 | lrm: 1.00 | dt: 167ms | tok/sec: 1,565,078 | mfu: 37.8% | epoch: 1 | remaining: 276s    
step 00150 (8.2%) | loss: 3.585512 | lrm: 1.00 | dt: 165ms | tok/sec: 1,584,125 | mfu: 38.3% | epoch: 1 | remaining: 275s    
step 00151 (8.2%) | loss: 3.584269 | lrm: 1.00 | dt: 165ms | tok/sec: 1,591,101 | mfu: 38.4% | epoch: 1 | remaining: 275s    
step 00152 (8.3%) | loss: 3.580394 | lrm: 1.00 | dt: 202ms | tok/sec: 1,299,954 | mfu: 31.4% | epoch: 1 | remaining: 275s    
step 00153 (8.3%) | loss: 3.577779 | lrm: 1.00 | dt: 159ms | tok/sec: 1,644,218 | mfu: 39.7% | epoch: 1 | remaining: 275s    
step 00154 (8.4%) | loss: 3.576778 | lrm: 1.00 | dt: 162ms | tok/sec: 1,615,071 | mfu: 39.0% | epoch: 1 | remaining: 275s    
step 00155 (8.4%) | loss: 3.578200 | lrm: 1.00 | dt: 166ms | tok/sec: 1,583,927 | mfu: 38.3% | epoch: 1 | remaining: 275s    
step 00156 (8.5%) | loss: 3.578890 | lrm: 1.00 | dt: 166ms | tok/sec: 1,579,469 | mfu: 38.2% | epoch: 1 | remaining: 274s    
step 00157 (8.6%) | loss: 3.570066 | lrm: 1.00 | dt: 166ms | tok/sec: 1,578,902 | mfu: 38.1% | epoch: 1 | remaining: 274s    
step 00158 (8.6%) | loss: 3.563980 | lrm: 1.00 | dt: 173ms | tok/sec: 1,515,261 | mfu: 36.6% | epoch: 1 | remaining: 274s    
step 00159 (8.7%) | loss: 3.560315 | lrm: 1.00 | dt: 165ms | tok/sec: 1,590,114 | mfu: 38.4% | epoch: 1 | remaining: 274s    
step 00160 (8.7%) | loss: 3.555914 | lrm: 1.00 | dt: 163ms | tok/sec: 1,607,647 | mfu: 38.8% | epoch: 1 | remaining: 274s    
step 00161 (8.8%) | loss: 3.550604 | lrm: 1.00 | dt: 163ms | tok/sec: 1,603,611 | mfu: 38.7% | epoch: 1 | remaining: 274s    
step 00162 (8.8%) | loss: 3.547414 | lrm: 1.00 | dt: 165ms | tok/sec: 1,589,935 | mfu: 38.4% | epoch: 1 | remaining: 273s    
step 00163 (8.9%) | loss: 3.542428 | lrm: 1.00 | dt: 165ms | tok/sec: 1,584,893 | mfu: 38.3% | epoch: 1 | remaining: 273s    
step 00164 (8.9%) | loss: 3.541666 | lrm: 1.00 | dt: 169ms | tok/sec: 1,548,302 | mfu: 37.4% | epoch: 1 | remaining: 273s    
step 00165 (9.0%) | loss: 3.537395 | lrm: 1.00 | dt: 172ms | tok/sec: 1,525,933 | mfu: 36.9% | epoch: 1 | remaining: 273s    
step 00166 (9.1%) | loss: 3.537272 | lrm: 1.00 | dt: 164ms | tok/sec: 1,599,038 | mfu: 38.6% | epoch: 1 | remaining: 273s    
step 00167 (9.1%) | loss: 3.534560 | lrm: 1.00 | dt: 164ms | tok/sec: 1,596,871 | mfu: 38.6% | epoch: 1 | remaining: 273s    
step 00168 (9.2%) | loss: 3.529812 | lrm: 1.00 | dt: 169ms | tok/sec: 1,550,304 | mfu: 37.5% | epoch: 1 | remaining: 272s    
step 00169 (9.2%) | loss: 3.526658 | lrm: 1.00 | dt: 165ms | tok/sec: 1,592,013 | mfu: 38.5% | epoch: 1 | remaining: 272s    
step 00170 (9.3%) | loss: 3.521220 | lrm: 1.00 | dt: 199ms | tok/sec: 1,318,310 | mfu: 31.9% | epoch: 1 | remaining: 272s    
step 00171 (9.3%) | loss: 3.524603 | lrm: 1.00 | dt: 161ms | tok/sec: 1,631,417 | mfu: 39.4% | epoch: 1 | remaining: 272s    
step 00172 (9.4%) | loss: 3.524315 | lrm: 1.00 | dt: 185ms | tok/sec: 1,419,649 | mfu: 34.3% | epoch: 1 | remaining: 272s    
step 00173 (9.5%) | loss: 3.523641 | lrm: 1.00 | dt: 161ms | tok/sec: 1,632,114 | mfu: 39.4% | epoch: 1 | remaining: 271s    
step 00174 (9.5%) | loss: 3.520347 | lrm: 1.00 | dt: 162ms | tok/sec: 1,617,854 | mfu: 39.1% | epoch: 1 | remaining: 271s    
step 00175 (9.6%) | loss: 3.516290 | lrm: 1.00 | dt: 164ms | tok/sec: 1,595,432 | mfu: 38.5% | epoch: 1 | remaining: 271s    
step 00176 (9.6%) | loss: 3.515745 | lrm: 1.00 | dt: 173ms | tok/sec: 1,513,421 | mfu: 36.6% | epoch: 1 | remaining: 271s    
step 00177 (9.7%) | loss: 3.508754 | lrm: 1.00 | dt: 221ms | tok/sec: 1,184,149 | mfu: 28.6% | epoch: 1 | remaining: 271s    
step 00178 (9.7%) | loss: 3.509738 | lrm: 1.00 | dt: 160ms | tok/sec: 1,640,594 | mfu: 39.6% | epoch: 1 | remaining: 271s    
step 00179 (9.8%) | loss: 3.503066 | lrm: 1.00 | dt: 233ms | tok/sec: 1,125,850 | mfu: 27.2% | epoch: 1 | remaining: 270s    
step 00180 (9.9%) | loss: 3.498396 | lrm: 1.00 | dt: 160ms | tok/sec: 1,633,365 | mfu: 39.5% | epoch: 1 | remaining: 270s    
step 00181 (9.9%) | loss: 3.497801 | lrm: 1.00 | dt: 178ms | tok/sec: 1,476,300 | mfu: 35.7% | epoch: 1 | remaining: 270s    
step 00182 (10.0%) | loss: 3.497161 | lrm: 1.00 | dt: 202ms | tok/sec: 1,296,726 | mfu: 31.3% | epoch: 1 | remaining: 270s    
step 00183 (10.1%) | loss: 3.493873 | lrm: 1.00 | dt: 174ms | tok/sec: 1,509,022 | mfu: 36.5% | epoch: 1 | remaining: 270s    
step 00184 (10.1%) | loss: 3.489310 | lrm: 1.00 | dt: 167ms | tok/sec: 1,565,268 | mfu: 37.8% | epoch: 1 | remaining: 269s    
step 00185 (10.2%) | loss: 3.485063 | lrm: 1.00 | dt: 162ms | tok/sec: 1,614,087 | mfu: 39.0% | epoch: 1 | remaining: 269s    
step 00186 (10.2%) | loss: 3.485436 | lrm: 1.00 | dt: 188ms | tok/sec: 1,396,074 | mfu: 33.7% | epoch: 1 | remaining: 269s    
step 00187 (10.3%) | loss: 3.486181 | lrm: 1.00 | dt: 160ms | tok/sec: 1,641,378 | mfu: 39.7% | epoch: 1 | remaining: 269s    
step 00188 (10.3%) | loss: 3.483742 | lrm: 1.00 | dt: 172ms | tok/sec: 1,528,164 | mfu: 36.9% | epoch: 1 | remaining: 269s    
step 00189 (10.4%) | loss: 3.481891 | lrm: 1.00 | dt: 172ms | tok/sec: 1,528,147 | mfu: 36.9% | epoch: 1 | remaining: 269s    
step 00190 (10.5%) | loss: 3.483570 | lrm: 1.00 | dt: 165ms | tok/sec: 1,588,910 | mfu: 38.4% | epoch: 1 | remaining: 268s    
step 00191 (10.5%) | loss: 3.483735 | lrm: 1.00 | dt: 167ms | tok/sec: 1,570,865 | mfu: 38.0% | epoch: 1 | remaining: 268s    
step 00192 (10.6%) | loss: 3.483810 | lrm: 1.00 | dt: 167ms | tok/sec: 1,572,798 | mfu: 38.0% | epoch: 1 | remaining: 268s    
step 00193 (10.6%) | loss: 3.485058 | lrm: 1.00 | dt: 172ms | tok/sec: 1,523,755 | mfu: 36.8% | epoch: 1 | remaining: 268s    
step 00194 (10.7%) | loss: 3.479742 | lrm: 1.00 | dt: 165ms | tok/sec: 1,591,472 | mfu: 38.5% | epoch: 1 | remaining: 268s    
step 00195 (10.7%) | loss: 3.475691 | lrm: 1.00 | dt: 170ms | tok/sec: 1,540,070 | mfu: 37.2% | epoch: 1 | remaining: 268s    
step 00196 (10.8%) | loss: 3.474235 | lrm: 1.00 | dt: 172ms | tok/sec: 1,527,604 | mfu: 36.9% | epoch: 1 | remaining: 267s    
step 00197 (10.8%) | loss: 3.474382 | lrm: 1.00 | dt: 180ms | tok/sec: 1,458,615 | mfu: 35.2% | epoch: 1 | remaining: 267s    
step 00198 (10.9%) | loss: 3.469599 | lrm: 1.00 | dt: 182ms | tok/sec: 1,442,498 | mfu: 34.9% | epoch: 1 | remaining: 267s    
step 00199 (11.0%) | loss: 3.466467 | lrm: 1.00 | dt: 162ms | tok/sec: 1,621,523 | mfu: 39.2% | epoch: 1 | remaining: 267s    
step 00200 (11.0%) | loss: 3.464517 | lrm: 1.00 | dt: 188ms | tok/sec: 1,392,592 | mfu: 33.6% | epoch: 1 | remaining: 267s    
step 00201 (11.1%) | loss: 3.463255 | lrm: 1.00 | dt: 162ms | tok/sec: 1,618,385 | mfu: 39.1% | epoch: 1 | remaining: 267s    
step 00202 (11.1%) | loss: 3.461247 | lrm: 1.00 | dt: 178ms | tok/sec: 1,470,828 | mfu: 35.5% | epoch: 1 | remaining: 266s    
step 00203 (11.2%) | loss: 3.455602 | lrm: 1.00 | dt: 160ms | tok/sec: 1,634,917 | mfu: 39.5% | epoch: 1 | remaining: 266s    
step 00204 (11.3%) | loss: 3.451010 | lrm: 1.00 | dt: 169ms | tok/sec: 1,553,182 | mfu: 37.5% | epoch: 1 | remaining: 266s    
step 00205 (11.3%) | loss: 3.448335 | lrm: 1.00 | dt: 164ms | tok/sec: 1,593,924 | mfu: 38.5% | epoch: 1 | remaining: 266s    
step 00206 (11.4%) | loss: 3.443639 | lrm: 1.00 | dt: 168ms | tok/sec: 1,561,542 | mfu: 37.7% | epoch: 1 | remaining: 266s    
step 00207 (11.4%) | loss: 3.442657 | lrm: 1.00 | dt: 193ms | tok/sec: 1,361,042 | mfu: 32.9% | epoch: 1 | remaining: 266s    
step 00208 (11.5%) | loss: 3.431004 | lrm: 1.00 | dt: 184ms | tok/sec: 1,424,175 | mfu: 34.4% | epoch: 1 | remaining: 265s    
step 00209 (11.5%) | loss: 3.423086 | lrm: 1.00 | dt: 172ms | tok/sec: 1,525,597 | mfu: 36.9% | epoch: 1 | remaining: 265s    
step 00210 (11.6%) | loss: 3.419565 | lrm: 1.00 | dt: 161ms | tok/sec: 1,630,166 | mfu: 39.4% | epoch: 1 | remaining: 265s    
step 00211 (11.7%) | loss: 3.421304 | lrm: 1.00 | dt: 168ms | tok/sec: 1,556,229 | mfu: 37.6% | epoch: 1 | remaining: 265s    
step 00212 (11.7%) | loss: 3.418526 | lrm: 1.00 | dt: 165ms | tok/sec: 1,587,073 | mfu: 38.3% | epoch: 1 | remaining: 265s    
step 00213 (11.8%) | loss: 3.420913 | lrm: 1.00 | dt: 171ms | tok/sec: 1,530,862 | mfu: 37.0% | epoch: 1 | remaining: 265s    
step 00214 (11.8%) | loss: 3.419045 | lrm: 1.00 | dt: 170ms | tok/sec: 1,542,546 | mfu: 37.3% | epoch: 1 | remaining: 264s    
step 00215 (11.9%) | loss: 3.416248 | lrm: 1.00 | dt: 247ms | tok/sec: 1,061,521 | mfu: 25.6% | epoch: 1 | remaining: 264s    
step 00216 (12.0%) | loss: 3.416888 | lrm: 1.00 | dt: 197ms | tok/sec: 1,327,524 | mfu: 32.1% | epoch: 1 | remaining: 264s    
step 00217 (12.0%) | loss: 3.417819 | lrm: 1.00 | dt: 159ms | tok/sec: 1,653,261 | mfu: 39.9% | epoch: 1 | remaining: 264s    
step 00218 (12.1%) | loss: 3.417480 | lrm: 1.00 | dt: 178ms | tok/sec: 1,473,315 | mfu: 35.6% | epoch: 1 | remaining: 264s    
step 00219 (12.1%) | loss: 3.411758 | lrm: 1.00 | dt: 181ms | tok/sec: 1,449,852 | mfu: 35.0% | epoch: 1 | remaining: 263s    
step 00220 (12.2%) | loss: 3.412131 | lrm: 1.00 | dt: 161ms | tok/sec: 1,623,830 | mfu: 39.2% | epoch: 1 | remaining: 263s    
step 00221 (12.3%) | loss: 3.412299 | lrm: 1.00 | dt: 190ms | tok/sec: 1,376,113 | mfu: 33.2% | epoch: 1 | remaining: 263s    
step 00222 (12.3%) | loss: 3.409388 | lrm: 1.00 | dt: 165ms | tok/sec: 1,591,592 | mfu: 38.5% | epoch: 1 | remaining: 263s    
step 00223 (12.4%) | loss: 3.410963 | lrm: 1.00 | dt: 163ms | tok/sec: 1,609,456 | mfu: 38.9% | epoch: 1 | remaining: 263s    
step 00224 (12.4%) | loss: 3.415014 | lrm: 1.00 | dt: 165ms | tok/sec: 1,590,503 | mfu: 38.4% | epoch: 1 | remaining: 263s    
step 00225 (12.5%) | loss: 3.415894 | lrm: 1.00 | dt: 180ms | tok/sec: 1,455,510 | mfu: 35.2% | epoch: 1 | remaining: 262s    
step 00226 (12.5%) | loss: 3.415655 | lrm: 1.00 | dt: 168ms | tok/sec: 1,560,992 | mfu: 37.7% | epoch: 1 | remaining: 262s    
step 00227 (12.6%) | loss: 3.411608 | lrm: 1.00 | dt: 170ms | tok/sec: 1,544,273 | mfu: 37.3% | epoch: 1 | remaining: 262s    
step 00228 (12.7%) | loss: 3.414196 | lrm: 1.00 | dt: 197ms | tok/sec: 1,332,232 | mfu: 32.2% | epoch: 1 | remaining: 262s    
step 00229 (12.7%) | loss: 3.408543 | lrm: 1.00 | dt: 161ms | tok/sec: 1,632,114 | mfu: 39.4% | epoch: 1 | remaining: 262s    
step 00230 (12.8%) | loss: 3.414380 | lrm: 1.00 | dt: 172ms | tok/sec: 1,527,615 | mfu: 36.9% | epoch: 1 | remaining: 262s    
step 00231 (12.8%) | loss: 3.415676 | lrm: 1.00 | dt: 161ms | tok/sec: 1,629,727 | mfu: 39.4% | epoch: 1 | remaining: 261s    
step 00232 (12.9%) | loss: 3.414989 | lrm: 1.00 | dt: 166ms | tok/sec: 1,580,007 | mfu: 38.2% | epoch: 1 | remaining: 261s    
step 00233 (12.9%) | loss: 3.411679 | lrm: 1.00 | dt: 168ms | tok/sec: 1,558,282 | mfu: 37.7% | epoch: 1 | remaining: 261s    
step 00234 (13.0%) | loss: 3.407106 | lrm: 1.00 | dt: 267ms | tok/sec: 980,719 | mfu: 23.7% | epoch: 1 | remaining: 261s    
step 00235 (13.1%) | loss: 3.409541 | lrm: 1.00 | dt: 184ms | tok/sec: 1,422,796 | mfu: 34.4% | epoch: 1 | remaining: 261s    
step 00236 (13.1%) | loss: 3.412381 | lrm: 1.00 | dt: 161ms | tok/sec: 1,628,573 | mfu: 39.3% | epoch: 1 | remaining: 260s    
step 00237 (13.2%) | loss: 3.412325 | lrm: 1.00 | dt: 161ms | tok/sec: 1,623,520 | mfu: 39.2% | epoch: 1 | remaining: 260s    
step 00238 (13.3%) | loss: 3.408262 | lrm: 1.00 | dt: 165ms | tok/sec: 1,588,846 | mfu: 38.4% | epoch: 1 | remaining: 260s    
step 00239 (13.3%) | loss: 3.405760 | lrm: 1.00 | dt: 161ms | tok/sec: 1,626,138 | mfu: 39.3% | epoch: 1 | remaining: 260s    
step 00240 (13.4%) | loss: 3.405762 | lrm: 1.00 | dt: 177ms | tok/sec: 1,482,666 | mfu: 35.8% | epoch: 1 | remaining: 260s    
step 00241 (13.4%) | loss: 3.405178 | lrm: 1.00 | dt: 171ms | tok/sec: 1,530,626 | mfu: 37.0% | epoch: 1 | remaining: 260s    
step 00242 (13.5%) | loss: 3.406581 | lrm: 1.00 | dt: 170ms | tok/sec: 1,538,731 | mfu: 37.2% | epoch: 1 | remaining: 259s    
step 00243 (13.5%) | loss: 3.401839 | lrm: 1.00 | dt: 162ms | tok/sec: 1,621,179 | mfu: 39.2% | epoch: 1 | remaining: 259s    
step 00244 (13.6%) | loss: 3.391318 | lrm: 1.00 | dt: 183ms | tok/sec: 1,432,868 | mfu: 34.6% | epoch: 1 | remaining: 259s    
step 00245 (13.7%) | loss: 3.383931 | lrm: 1.00 | dt: 161ms | tok/sec: 1,630,277 | mfu: 39.4% | epoch: 1 | remaining: 259s    
step 00246 (13.7%) | loss: 3.381316 | lrm: 1.00 | dt: 169ms | tok/sec: 1,548,001 | mfu: 37.4% | epoch: 1 | remaining: 259s    
step 00247 (13.8%) | loss: 3.380477 | lrm: 1.00 | dt: 208ms | tok/sec: 1,258,432 | mfu: 30.4% | epoch: 1 | remaining: 259s    
step 00248 (13.8%) | loss: 3.380027 | lrm: 1.00 | dt: 171ms | tok/sec: 1,528,615 | mfu: 36.9% | epoch: 1 | remaining: 258s    
step 00249 (13.9%) | loss: 3.382995 | lrm: 1.00 | dt: 165ms | tok/sec: 1,592,611 | mfu: 38.5% | epoch: 1 | remaining: 258s    
step 00250 (13.9%) | loss: 3.383135 | lrm: 1.00 | dt: 160ms | tok/sec: 1,637,852 | mfu: 39.6% | epoch: 1 | remaining: 258s    
step 00251 (14.0%) | loss: 3.384162 | lrm: 1.00 | dt: 183ms | tok/sec: 1,432,868 | mfu: 34.6% | epoch: 1 | remaining: 258s    
step 00252 (14.1%) | loss: 3.379190 | lrm: 1.00 | dt: 174ms | tok/sec: 1,505,464 | mfu: 36.4% | epoch: 1 | remaining: 258s    
step 00253 (14.1%) | loss: 3.377454 | lrm: 1.00 | dt: 170ms | tok/sec: 1,540,219 | mfu: 37.2% | epoch: 1 | remaining: 257s    
step 00254 (14.2%) | loss: 3.373767 | lrm: 1.00 | dt: 165ms | tok/sec: 1,586,308 | mfu: 38.3% | epoch: 1 | remaining: 257s    
step 00255 (14.2%) | loss: 3.376696 | lrm: 1.00 | dt: 163ms | tok/sec: 1,609,555 | mfu: 38.9% | epoch: 1 | remaining: 257s    
step 00256 (14.3%) | loss: 3.371510 | lrm: 1.00 | dt: 188ms | tok/sec: 1,397,447 | mfu: 33.8% | epoch: 1 | remaining: 257s    
step 00257 (14.3%) | loss: 3.369435 | lrm: 1.00 | dt: 160ms | tok/sec: 1,640,934 | mfu: 39.6% | epoch: 1 | remaining: 257s    
step 00258 (14.4%) | loss: 3.370980 | lrm: 1.00 | dt: 168ms | tok/sec: 1,563,511 | mfu: 37.8% | epoch: 1 | remaining: 257s    
step 00259 (14.5%) | loss: 3.367069 | lrm: 1.00 | dt: 168ms | tok/sec: 1,557,741 | mfu: 37.6% | epoch: 1 | remaining: 256s    
step 00260 (14.5%) | loss: 3.363949 | lrm: 1.00 | dt: 166ms | tok/sec: 1,575,931 | mfu: 38.1% | epoch: 1 | remaining: 256s    
step 00261 (14.6%) | loss: 3.362353 | lrm: 1.00 | dt: 165ms | tok/sec: 1,584,717 | mfu: 38.3% | epoch: 1 | remaining: 256s    
step 00262 (14.6%) | loss: 3.362692 | lrm: 1.00 | dt: 171ms | tok/sec: 1,532,717 | mfu: 37.0% | epoch: 1 | remaining: 256s    
step 00263 (14.7%) | loss: 3.360979 | lrm: 1.00 | dt: 167ms | tok/sec: 1,568,606 | mfu: 37.9% | epoch: 1 | remaining: 256s    
step 00264 (14.7%) | loss: 3.359119 | lrm: 1.00 | dt: 165ms | tok/sec: 1,585,736 | mfu: 38.3% | epoch: 1 | remaining: 256s    
step 00265 (14.8%) | loss: 3.358778 | lrm: 1.00 | dt: 189ms | tok/sec: 1,389,719 | mfu: 33.6% | epoch: 1 | remaining: 255s    
step 00266 (14.9%) | loss: 3.357114 | lrm: 1.00 | dt: 159ms | tok/sec: 1,645,093 | mfu: 39.7% | epoch: 1 | remaining: 255s    
step 00267 (14.9%) | loss: 3.355228 | lrm: 1.00 | dt: 163ms | tok/sec: 1,603,576 | mfu: 38.7% | epoch: 1 | remaining: 255s    
step 00268 (15.0%) | loss: 3.358329 | lrm: 1.00 | dt: 198ms | tok/sec: 1,327,279 | mfu: 32.1% | epoch: 1 | remaining: 255s    
step 00269 (15.0%) | loss: 3.356182 | lrm: 1.00 | dt: 161ms | tok/sec: 1,631,543 | mfu: 39.4% | epoch: 1 | remaining: 255s    
step 00270 (15.1%) | loss: 3.350221 | lrm: 1.00 | dt: 178ms | tok/sec: 1,476,024 | mfu: 35.7% | epoch: 1 | remaining: 255s    
step 00271 (15.1%) | loss: 3.352156 | lrm: 1.00 | dt: 161ms | tok/sec: 1,628,295 | mfu: 39.3% | epoch: 1 | remaining: 254s    
step 00272 (15.2%) | loss: 3.348694 | lrm: 1.00 | dt: 174ms | tok/sec: 1,503,780 | mfu: 36.3% | epoch: 1 | remaining: 254s    
step 00273 (15.2%) | loss: 3.345255 | lrm: 1.00 | dt: 160ms | tok/sec: 1,638,802 | mfu: 39.6% | epoch: 1 | remaining: 254s    
step 00274 (15.3%) | loss: 3.339822 | lrm: 1.00 | dt: 171ms | tok/sec: 1,531,393 | mfu: 37.0% | epoch: 1 | remaining: 254s    
step 00275 (15.4%) | loss: 3.340848 | lrm: 1.00 | dt: 192ms | tok/sec: 1,365,464 | mfu: 33.0% | epoch: 1 | remaining: 254s    
step 00276 (15.4%) | loss: 3.339103 | lrm: 1.00 | dt: 160ms | tok/sec: 1,638,416 | mfu: 39.6% | epoch: 1 | remaining: 254s    
step 00277 (15.5%) | loss: 3.334196 | lrm: 1.00 | dt: 199ms | tok/sec: 1,316,761 | mfu: 31.8% | epoch: 1 | remaining: 253s    
step 00278 (15.5%) | loss: 3.338548 | lrm: 1.00 | dt: 185ms | tok/sec: 1,418,911 | mfu: 34.3% | epoch: 1 | remaining: 253s    
step 00279 (15.6%) | loss: 3.333317 | lrm: 1.00 | dt: 191ms | tok/sec: 1,373,352 | mfu: 33.2% | epoch: 1 | remaining: 253s    
step 00280 (15.7%) | loss: 3.327794 | lrm: 1.00 | dt: 160ms | tok/sec: 1,638,379 | mfu: 39.6% | epoch: 1 | remaining: 253s    
step 00281 (15.7%) | loss: 3.327053 | lrm: 1.00 | dt: 161ms | tok/sec: 1,623,259 | mfu: 39.2% | epoch: 1 | remaining: 253s    
step 00282 (15.8%) | loss: 3.323071 | lrm: 1.00 | dt: 167ms | tok/sec: 1,573,194 | mfu: 38.0% | epoch: 1 | remaining: 253s    
step 00283 (15.8%) | loss: 3.321209 | lrm: 1.00 | dt: 207ms | tok/sec: 1,265,999 | mfu: 30.6% | epoch: 1 | remaining: 252s    
step 00284 (15.9%) | loss: 3.320831 | lrm: 1.00 | dt: 181ms | tok/sec: 1,444,374 | mfu: 34.9% | epoch: 1 | remaining: 252s    
step 00285 (16.0%) | loss: 3.322514 | lrm: 1.00 | dt: 253ms | tok/sec: 1,035,891 | mfu: 25.0% | epoch: 1 | remaining: 252s    
step 00286 (16.0%) | loss: 3.322692 | lrm: 1.00 | dt: 165ms | tok/sec: 1,587,671 | mfu: 38.4% | epoch: 1 | remaining: 252s    
step 00287 (16.1%) | loss: 3.323702 | lrm: 1.00 | dt: 162ms | tok/sec: 1,614,509 | mfu: 39.0% | epoch: 1 | remaining: 252s    
step 00288 (16.2%) | loss: 3.320768 | lrm: 1.00 | dt: 162ms | tok/sec: 1,615,100 | mfu: 39.0% | epoch: 1 | remaining: 251s    
step 00289 (16.2%) | loss: 3.319247 | lrm: 1.00 | dt: 235ms | tok/sec: 1,117,078 | mfu: 27.0% | epoch: 1 | remaining: 251s    
step 00290 (16.3%) | loss: 3.325894 | lrm: 1.00 | dt: 214ms | tok/sec: 1,225,581 | mfu: 29.6% | epoch: 1 | remaining: 251s    
step 00291 (16.4%) | loss: 3.325881 | lrm: 1.00 | dt: 166ms | tok/sec: 1,581,535 | mfu: 38.2% | epoch: 1 | remaining: 251s    
step 00292 (16.4%) | loss: 3.324269 | lrm: 1.00 | dt: 160ms | tok/sec: 1,635,389 | mfu: 39.5% | epoch: 1 | remaining: 251s    
step 00293 (16.5%) | loss: 3.325631 | lrm: 1.00 | dt: 192ms | tok/sec: 1,362,302 | mfu: 32.9% | epoch: 1 | remaining: 250s    
step 00294 (16.5%) | loss: 3.324091 | lrm: 1.00 | dt: 172ms | tok/sec: 1,527,511 | mfu: 36.9% | epoch: 1 | remaining: 250s    
step 00295 (16.6%) | loss: 3.326991 | lrm: 1.00 | dt: 160ms | tok/sec: 1,637,403 | mfu: 39.6% | epoch: 1 | remaining: 250s    
step 00296 (16.6%) | loss: 3.328381 | lrm: 1.00 | dt: 176ms | tok/sec: 1,493,400 | mfu: 36.1% | epoch: 1 | remaining: 250s    
step 00297 (16.7%) | loss: 3.331117 | lrm: 1.00 | dt: 163ms | tok/sec: 1,603,805 | mfu: 38.8% | epoch: 1 | remaining: 250s    
step 00298 (16.8%) | loss: 3.326735 | lrm: 1.00 | dt: 179ms | tok/sec: 1,463,492 | mfu: 35.4% | epoch: 1 | remaining: 250s    
step 00299 (16.8%) | loss: 3.327549 | lrm: 1.00 | dt: 165ms | tok/sec: 1,587,075 | mfu: 38.3% | epoch: 1 | remaining: 249s    
step 00300 (16.9%) | loss: 3.319719 | lrm: 1.00 | dt: 163ms | tok/sec: 1,607,849 | mfu: 38.8% | epoch: 1 | remaining: 249s    
step 00301 (16.9%) | loss: 3.315428 | lrm: 1.00 | dt: 176ms | tok/sec: 1,493,499 | mfu: 36.1% | epoch: 1 | remaining: 249s    
step 00302 (17.0%) | loss: 3.314707 | lrm: 1.00 | dt: 163ms | tok/sec: 1,605,133 | mfu: 38.8% | epoch: 1 | remaining: 249s    
step 00303 (17.0%) | loss: 3.315715 | lrm: 1.00 | dt: 163ms | tok/sec: 1,610,203 | mfu: 38.9% | epoch: 1 | remaining: 249s    
step 00304 (17.1%) | loss: 3.317376 | lrm: 1.00 | dt: 201ms | tok/sec: 1,301,545 | mfu: 31.4% | epoch: 1 | remaining: 249s    
step 00305 (17.2%) | loss: 3.316070 | lrm: 1.00 | dt: 180ms | tok/sec: 1,460,141 | mfu: 35.3% | epoch: 1 | remaining: 248s    
step 00306 (17.2%) | loss: 3.312789 | lrm: 1.00 | dt: 175ms | tok/sec: 1,500,175 | mfu: 36.2% | epoch: 1 | remaining: 248s    
step 00307 (17.3%) | loss: 3.313029 | lrm: 1.00 | dt: 191ms | tok/sec: 1,369,792 | mfu: 33.1% | epoch: 1 | remaining: 248s    
step 00308 (17.3%) | loss: 3.318125 | lrm: 1.00 | dt: 159ms | tok/sec: 1,652,878 | mfu: 39.9% | epoch: 1 | remaining: 248s    
step 00309 (17.4%) | loss: 3.319311 | lrm: 1.00 | dt: 171ms | tok/sec: 1,535,161 | mfu: 37.1% | epoch: 1 | remaining: 248s    
step 00310 (17.4%) | loss: 3.319978 | lrm: 1.00 | dt: 166ms | tok/sec: 1,581,871 | mfu: 38.2% | epoch: 1 | remaining: 247s    
step 00311 (17.5%) | loss: 3.316308 | lrm: 1.00 | dt: 174ms | tok/sec: 1,506,021 | mfu: 36.4% | epoch: 1 | remaining: 247s    
step 00312 (17.6%) | loss: 3.313057 | lrm: 1.00 | dt: 169ms | tok/sec: 1,549,705 | mfu: 37.4% | epoch: 1 | remaining: 247s    
step 00313 (17.6%) | loss: 3.310138 | lrm: 1.00 | dt: 165ms | tok/sec: 1,590,659 | mfu: 38.4% | epoch: 1 | remaining: 247s    
step 00314 (17.7%) | loss: 3.305757 | lrm: 1.00 | dt: 166ms | tok/sec: 1,576,559 | mfu: 38.1% | epoch: 1 | remaining: 247s    
step 00315 (17.7%) | loss: 3.305282 | lrm: 1.00 | dt: 162ms | tok/sec: 1,620,369 | mfu: 39.2% | epoch: 1 | remaining: 247s    
step 00316 (17.8%) | loss: 3.302358 | lrm: 1.00 | dt: 166ms | tok/sec: 1,576,702 | mfu: 38.1% | epoch: 1 | remaining: 246s    
step 00317 (17.8%) | loss: 3.301547 | lrm: 1.00 | dt: 189ms | tok/sec: 1,385,037 | mfu: 33.5% | epoch: 1 | remaining: 246s    
step 00318 (17.9%) | loss: 3.302375 | lrm: 1.00 | dt: 160ms | tok/sec: 1,641,728 | mfu: 39.7% | epoch: 1 | remaining: 246s    
step 00319 (18.0%) | loss: 3.299846 | lrm: 1.00 | dt: 167ms | tok/sec: 1,566,862 | mfu: 37.9% | epoch: 1 | remaining: 246s    
step 00320 (18.0%) | loss: 3.295148 | lrm: 1.00 | dt: 172ms | tok/sec: 1,527,209 | mfu: 36.9% | epoch: 1 | remaining: 246s    
step 00321 (18.1%) | loss: 3.291504 | lrm: 1.00 | dt: 163ms | tok/sec: 1,605,351 | mfu: 38.8% | epoch: 1 | remaining: 246s    
step 00322 (18.1%) | loss: 3.293294 | lrm: 1.00 | dt: 170ms | tok/sec: 1,538,124 | mfu: 37.2% | epoch: 1 | remaining: 245s    
step 00323 (18.2%) | loss: 3.291833 | lrm: 1.00 | dt: 170ms | tok/sec: 1,546,523 | mfu: 37.4% | epoch: 1 | remaining: 245s    
step 00324 (18.2%) | loss: 3.291473 | lrm: 1.00 | dt: 182ms | tok/sec: 1,438,027 | mfu: 34.7% | epoch: 1 | remaining: 245s    
step 00325 (18.3%) | loss: 3.289600 | lrm: 1.00 | dt: 191ms | tok/sec: 1,370,126 | mfu: 33.1% | epoch: 1 | remaining: 245s    
step 00326 (18.4%) | loss: 3.292820 | lrm: 1.00 | dt: 180ms | tok/sec: 1,458,187 | mfu: 35.2% | epoch: 1 | remaining: 245s    
step 00327 (18.4%) | loss: 3.290088 | lrm: 1.00 | dt: 160ms | tok/sec: 1,641,868 | mfu: 39.7% | epoch: 1 | remaining: 245s    
step 00328 (18.5%) | loss: 3.287000 | lrm: 1.00 | dt: 164ms | tok/sec: 1,602,961 | mfu: 38.7% | epoch: 1 | remaining: 244s    
step 00329 (18.5%) | loss: 3.287490 | lrm: 1.00 | dt: 163ms | tok/sec: 1,610,614 | mfu: 38.9% | epoch: 1 | remaining: 244s    
step 00330 (18.6%) | loss: 3.289261 | lrm: 1.00 | dt: 164ms | tok/sec: 1,595,555 | mfu: 38.6% | epoch: 1 | remaining: 244s    
step 00331 (18.6%) | loss: 3.285912 | lrm: 1.00 | dt: 179ms | tok/sec: 1,466,860 | mfu: 35.4% | epoch: 1 | remaining: 244s    
step 00332 (18.7%) | loss: 3.285937 | lrm: 1.00 | dt: 164ms | tok/sec: 1,597,816 | mfu: 38.6% | epoch: 1 | remaining: 244s    
step 00333 (18.8%) | loss: 3.284312 | lrm: 1.00 | dt: 163ms | tok/sec: 1,605,231 | mfu: 38.8% | epoch: 1 | remaining: 244s    
step 00334 (18.8%) | loss: 3.282967 | lrm: 1.00 | dt: 163ms | tok/sec: 1,608,705 | mfu: 38.9% | epoch: 1 | remaining: 243s    
step 00335 (18.9%) | loss: 3.282766 | lrm: 1.00 | dt: 165ms | tok/sec: 1,589,307 | mfu: 38.4% | epoch: 1 | remaining: 243s    
step 00336 (18.9%) | loss: 3.281908 | lrm: 1.00 | dt: 164ms | tok/sec: 1,595,217 | mfu: 38.5% | epoch: 1 | remaining: 243s    
step 00337 (19.0%) | loss: 3.283802 | lrm: 1.00 | dt: 168ms | tok/sec: 1,558,032 | mfu: 37.6% | epoch: 1 | remaining: 243s    
step 00338 (19.0%) | loss: 3.283233 | lrm: 1.00 | dt: 165ms | tok/sec: 1,590,689 | mfu: 38.4% | epoch: 1 | remaining: 243s    
step 00339 (19.1%) | loss: 3.288840 | lrm: 1.00 | dt: 163ms | tok/sec: 1,605,796 | mfu: 38.8% | epoch: 1 | remaining: 243s    
step 00340 (19.1%) | loss: 3.285302 | lrm: 1.00 | dt: 163ms | tok/sec: 1,605,133 | mfu: 38.8% | epoch: 1 | remaining: 242s    
step 00341 (19.2%) | loss: 3.288247 | lrm: 1.00 | dt: 161ms | tok/sec: 1,623,245 | mfu: 39.2% | epoch: 1 | remaining: 242s    
step 00342 (19.2%) | loss: 3.282277 | lrm: 1.00 | dt: 166ms | tok/sec: 1,575,875 | mfu: 38.1% | epoch: 1 | remaining: 242s    
step 00343 (19.3%) | loss: 3.278784 | lrm: 1.00 | dt: 174ms | tok/sec: 1,508,258 | mfu: 36.4% | epoch: 1 | remaining: 242s    
step 00344 (19.4%) | loss: 3.278910 | lrm: 1.00 | dt: 165ms | tok/sec: 1,586,702 | mfu: 38.3% | epoch: 1 | remaining: 242s    
step 00345 (19.4%) | loss: 3.281186 | lrm: 1.00 | dt: 231ms | tok/sec: 1,137,276 | mfu: 27.5% | epoch: 1 | remaining: 242s    
step 00346 (19.5%) | loss: 3.281502 | lrm: 1.00 | dt: 169ms | tok/sec: 1,550,214 | mfu: 37.5% | epoch: 1 | remaining: 241s    
step 00347 (19.5%) | loss: 3.280886 | lrm: 1.00 | dt: 183ms | tok/sec: 1,435,967 | mfu: 34.7% | epoch: 1 | remaining: 241s    
step 00348 (19.6%) | loss: 3.278381 | lrm: 1.00 | dt: 191ms | tok/sec: 1,370,505 | mfu: 33.1% | epoch: 1 | remaining: 241s    
step 00349 (19.7%) | loss: 3.275913 | lrm: 1.00 | dt: 158ms | tok/sec: 1,658,190 | mfu: 40.1% | epoch: 1 | remaining: 241s    
step 00350 (19.7%) | loss: 3.276031 | lrm: 1.00 | dt: 162ms | tok/sec: 1,616,926 | mfu: 39.1% | epoch: 1 | remaining: 241s    
step 00351 (19.8%) | loss: 3.269603 | lrm: 1.00 | dt: 183ms | tok/sec: 1,435,448 | mfu: 34.7% | epoch: 1 | remaining: 240s    
step 00352 (19.8%) | loss: 3.267657 | lrm: 1.00 | dt: 165ms | tok/sec: 1,592,947 | mfu: 38.5% | epoch: 1 | remaining: 240s    
step 00353 (19.9%) | loss: 3.272667 | lrm: 1.00 | dt: 164ms | tok/sec: 1,599,205 | mfu: 38.6% | epoch: 1 | remaining: 240s    
step 00354 (19.9%) | loss: 3.272014 | lrm: 1.00 | dt: 175ms | tok/sec: 1,496,064 | mfu: 36.1% | epoch: 1 | remaining: 240s    
step 00355 (20.0%) | loss: 3.263405 | lrm: 1.00 | dt: 201ms | tok/sec: 1,306,492 | mfu: 31.6% | epoch: 1 | remaining: 240s    
step 00356 (20.1%) | loss: 3.262873 | lrm: 1.00 | dt: 164ms | tok/sec: 1,601,152 | mfu: 38.7% | epoch: 1 | remaining: 240s    
step 00357 (20.1%) | loss: 3.261827 | lrm: 1.00 | dt: 175ms | tok/sec: 1,499,169 | mfu: 36.2% | epoch: 1 | remaining: 239s    
step 00358 (20.2%) | loss: 3.263817 | lrm: 1.00 | dt: 160ms | tok/sec: 1,641,750 | mfu: 39.7% | epoch: 1 | remaining: 239s    
step 00359 (20.2%) | loss: 3.262245 | lrm: 1.00 | dt: 166ms | tok/sec: 1,579,653 | mfu: 38.2% | epoch: 1 | remaining: 239s    
step 00360 (20.3%) | loss: 3.259962 | lrm: 1.00 | dt: 167ms | tok/sec: 1,569,025 | mfu: 37.9% | epoch: 1 | remaining: 239s    
step 00361 (20.3%) | loss: 3.252450 | lrm: 1.00 | dt: 181ms | tok/sec: 1,450,690 | mfu: 35.1% | epoch: 1 | remaining: 239s    
step 00362 (20.4%) | loss: 3.253426 | lrm: 1.00 | dt: 160ms | tok/sec: 1,641,147 | mfu: 39.7% | epoch: 1 | remaining: 239s    
step 00363 (20.5%) | loss: 3.249832 | lrm: 1.00 | dt: 161ms | tok/sec: 1,628,717 | mfu: 39.4% | epoch: 1 | remaining: 238s    
step 00364 (20.5%) | loss: 3.247955 | lrm: 1.00 | dt: 165ms | tok/sec: 1,589,987 | mfu: 38.4% | epoch: 1 | remaining: 238s    
step 00365 (20.6%) | loss: 3.249435 | lrm: 1.00 | dt: 164ms | tok/sec: 1,599,071 | mfu: 38.6% | epoch: 1 | remaining: 238s    
step 00366 (20.6%) | loss: 3.242859 | lrm: 1.00 | dt: 168ms | tok/sec: 1,563,654 | mfu: 37.8% | epoch: 1 | remaining: 238s    
step 00367 (20.7%) | loss: 3.243284 | lrm: 1.00 | dt: 171ms | tok/sec: 1,536,371 | mfu: 37.1% | epoch: 1 | remaining: 238s    
step 00368 (20.7%) | loss: 3.238478 | lrm: 1.00 | dt: 273ms | tok/sec: 958,566 | mfu: 23.2% | epoch: 1 | remaining: 238s    
step 00369 (20.8%) | loss: 3.232714 | lrm: 1.00 | dt: 159ms | tok/sec: 1,649,996 | mfu: 39.9% | epoch: 1 | remaining: 237s    
step 00370 (20.9%) | loss: 3.234448 | lrm: 1.00 | dt: 168ms | tok/sec: 1,557,949 | mfu: 37.6% | epoch: 1 | remaining: 237s    
step 00371 (20.9%) | loss: 3.238015 | lrm: 1.00 | dt: 162ms | tok/sec: 1,622,785 | mfu: 39.2% | epoch: 1 | remaining: 237s    
step 00372 (21.0%) | loss: 3.235609 | lrm: 1.00 | dt: 160ms | tok/sec: 1,637,189 | mfu: 39.6% | epoch: 1 | remaining: 237s    
step 00373 (21.0%) | loss: 3.235537 | lrm: 1.00 | dt: 185ms | tok/sec: 1,418,259 | mfu: 34.3% | epoch: 1 | remaining: 237s    
step 00374 (21.1%) | loss: 3.232116 | lrm: 1.00 | dt: 171ms | tok/sec: 1,532,659 | mfu: 37.0% | epoch: 1 | remaining: 237s    
step 00375 (21.2%) | loss: 3.229360 | lrm: 1.00 | dt: 247ms | tok/sec: 1,063,227 | mfu: 25.7% | epoch: 1 | remaining: 236s    
step 00376 (21.2%) | loss: 3.228140 | lrm: 1.00 | dt: 187ms | tok/sec: 1,403,985 | mfu: 33.9% | epoch: 1 | remaining: 236s    
step 00377 (21.3%) | loss: 3.224702 | lrm: 1.00 | dt: 159ms | tok/sec: 1,646,937 | mfu: 39.8% | epoch: 1 | remaining: 236s    
step 00378 (21.4%) | loss: 3.226628 | lrm: 1.00 | dt: 177ms | tok/sec: 1,477,093 | mfu: 35.7% | epoch: 1 | remaining: 236s    
step 00379 (21.4%) | loss: 3.232974 | lrm: 1.00 | dt: 159ms | tok/sec: 1,643,846 | mfu: 39.7% | epoch: 1 | remaining: 236s    
step 00380 (21.5%) | loss: 3.231962 | lrm: 1.00 | dt: 160ms | tok/sec: 1,638,308 | mfu: 39.6% | epoch: 1 | remaining: 235s    
step 00381 (21.5%) | loss: 3.234396 | lrm: 1.00 | dt: 178ms | tok/sec: 1,474,836 | mfu: 35.6% | epoch: 1 | remaining: 235s    
step 00382 (21.6%) | loss: 3.235518 | lrm: 1.00 | dt: 165ms | tok/sec: 1,589,833 | mfu: 38.4% | epoch: 1 | remaining: 235s    
step 00383 (21.6%) | loss: 3.236892 | lrm: 1.00 | dt: 174ms | tok/sec: 1,506,019 | mfu: 36.4% | epoch: 1 | remaining: 235s    
step 00384 (21.7%) | loss: 3.238351 | lrm: 1.00 | dt: 163ms | tok/sec: 1,608,187 | mfu: 38.9% | epoch: 1 | remaining: 235s    
step 00385 (21.8%) | loss: 3.237859 | lrm: 1.00 | dt: 178ms | tok/sec: 1,472,021 | mfu: 35.6% | epoch: 1 | remaining: 235s    
step 00386 (21.8%) | loss: 3.232299 | lrm: 1.00 | dt: 164ms | tok/sec: 1,599,552 | mfu: 38.6% | epoch: 1 | remaining: 234s    
step 00387 (21.9%) | loss: 3.232738 | lrm: 1.00 | dt: 166ms | tok/sec: 1,579,633 | mfu: 38.2% | epoch: 1 | remaining: 234s    
step 00388 (21.9%) | loss: 3.228567 | lrm: 1.00 | dt: 165ms | tok/sec: 1,590,505 | mfu: 38.4% | epoch: 1 | remaining: 234s    
step 00389 (22.0%) | loss: 3.223257 | lrm: 1.00 | dt: 168ms | tok/sec: 1,556,337 | mfu: 37.6% | epoch: 1 | remaining: 234s    
step 00390 (22.0%) | loss: 3.225658 | lrm: 1.00 | dt: 161ms | tok/sec: 1,627,512 | mfu: 39.3% | epoch: 1 | remaining: 234s    
step 00391 (22.1%) | loss: 3.226299 | lrm: 1.00 | dt: 164ms | tok/sec: 1,596,519 | mfu: 38.6% | epoch: 1 | remaining: 234s    
step 00392 (22.1%) | loss: 3.225107 | lrm: 1.00 | dt: 165ms | tok/sec: 1,586,347 | mfu: 38.3% | epoch: 1 | remaining: 233s    
step 00393 (22.2%) | loss: 3.227147 | lrm: 1.00 | dt: 164ms | tok/sec: 1,598,224 | mfu: 38.6% | epoch: 1 | remaining: 233s    
step 00394 (22.3%) | loss: 3.226520 | lrm: 1.00 | dt: 164ms | tok/sec: 1,596,141 | mfu: 38.6% | epoch: 1 | remaining: 233s    
step 00395 (22.3%) | loss: 3.226360 | lrm: 1.00 | dt: 165ms | tok/sec: 1,589,886 | mfu: 38.4% | epoch: 1 | remaining: 233s    
step 00396 (22.4%) | loss: 3.228641 | lrm: 1.00 | dt: 175ms | tok/sec: 1,498,827 | mfu: 36.2% | epoch: 1 | remaining: 233s    
step 00397 (22.4%) | loss: 3.219954 | lrm: 1.00 | dt: 162ms | tok/sec: 1,620,563 | mfu: 39.2% | epoch: 1 | remaining: 233s    
step 00398 (22.5%) | loss: 3.216915 | lrm: 1.00 | dt: 163ms | tok/sec: 1,609,796 | mfu: 38.9% | epoch: 1 | remaining: 232s    
step 00399 (22.5%) | loss: 3.215085 | lrm: 1.00 | dt: 167ms | tok/sec: 1,569,573 | mfu: 37.9% | epoch: 1 | remaining: 232s    
step 00400 (22.6%) | loss: 3.212991 | lrm: 1.00 | dt: 167ms | tok/sec: 1,574,320 | mfu: 38.0% | epoch: 1 | remaining: 232s    
step 00401 (22.6%) | loss: 3.212531 | lrm: 1.00 | dt: 232ms | tok/sec: 1,130,261 | mfu: 27.3% | epoch: 1 | remaining: 232s    
step 00402 (22.7%) | loss: 3.214724 | lrm: 1.00 | dt: 159ms | tok/sec: 1,652,923 | mfu: 39.9% | epoch: 1 | remaining: 232s    
step 00403 (22.8%) | loss: 3.214784 | lrm: 1.00 | dt: 192ms | tok/sec: 1,363,779 | mfu: 33.0% | epoch: 1 | remaining: 231s    
step 00404 (22.8%) | loss: 3.214305 | lrm: 1.00 | dt: 158ms | tok/sec: 1,657,383 | mfu: 40.0% | epoch: 1 | remaining: 231s    
step 00405 (22.9%) | loss: 3.215918 | lrm: 1.00 | dt: 161ms | tok/sec: 1,633,108 | mfu: 39.5% | epoch: 1 | remaining: 231s    
step 00406 (22.9%) | loss: 3.214379 | lrm: 1.00 | dt: 218ms | tok/sec: 1,203,961 | mfu: 29.1% | epoch: 1 | remaining: 231s    
step 00407 (23.0%) | loss: 3.213412 | lrm: 1.00 | dt: 159ms | tok/sec: 1,649,041 | mfu: 39.8% | epoch: 1 | remaining: 231s    
step 00408 (23.1%) | loss: 3.212012 | lrm: 1.00 | dt: 183ms | tok/sec: 1,435,794 | mfu: 34.7% | epoch: 1 | remaining: 231s    
step 00409 (23.1%) | loss: 3.209010 | lrm: 1.00 | dt: 159ms | tok/sec: 1,650,340 | mfu: 39.9% | epoch: 1 | remaining: 230s    
step 00410 (23.2%) | loss: 3.208501 | lrm: 1.00 | dt: 188ms | tok/sec: 1,394,745 | mfu: 33.7% | epoch: 1 | remaining: 230s    
step 00411 (23.2%) | loss: 3.199661 | lrm: 1.00 | dt: 160ms | tok/sec: 1,643,208 | mfu: 39.7% | epoch: 1 | remaining: 230s    
step 00412 (23.3%) | loss: 3.201375 | lrm: 1.00 | dt: 173ms | tok/sec: 1,517,714 | mfu: 36.7% | epoch: 1 | remaining: 230s    
step 00413 (23.4%) | loss: 3.200430 | lrm: 1.00 | dt: 162ms | tok/sec: 1,622,138 | mfu: 39.2% | epoch: 1 | remaining: 230s    
step 00414 (23.4%) | loss: 3.199629 | lrm: 1.00 | dt: 165ms | tok/sec: 1,583,991 | mfu: 38.3% | epoch: 1 | remaining: 230s    
step 00415 (23.5%) | loss: 3.199013 | lrm: 1.00 | dt: 160ms | tok/sec: 1,638,836 | mfu: 39.6% | epoch: 1 | remaining: 229s    
step 00416 (23.5%) | loss: 3.198363 | lrm: 1.00 | dt: 166ms | tok/sec: 1,580,682 | mfu: 38.2% | epoch: 1 | remaining: 229s    
step 00417 (23.6%) | loss: 3.200131 | lrm: 1.00 | dt: 165ms | tok/sec: 1,588,019 | mfu: 38.4% | epoch: 1 | remaining: 229s    
step 00418 (23.6%) | loss: 3.200202 | lrm: 1.00 | dt: 167ms | tok/sec: 1,571,799 | mfu: 38.0% | epoch: 1 | remaining: 229s    
step 00419 (23.7%) | loss: 3.198588 | lrm: 1.00 | dt: 165ms | tok/sec: 1,589,983 | mfu: 38.4% | epoch: 1 | remaining: 229s    
step 00420 (23.7%) | loss: 3.199794 | lrm: 1.00 | dt: 178ms | tok/sec: 1,471,333 | mfu: 35.5% | epoch: 1 | remaining: 229s    
step 00421 (23.8%) | loss: 3.195004 | lrm: 1.00 | dt: 161ms | tok/sec: 1,624,396 | mfu: 39.2% | epoch: 1 | remaining: 228s    
step 00422 (23.9%) | loss: 3.194260 | lrm: 1.00 | dt: 171ms | tok/sec: 1,537,387 | mfu: 37.1% | epoch: 1 | remaining: 228s    
step 00423 (23.9%) | loss: 3.199959 | lrm: 1.00 | dt: 163ms | tok/sec: 1,607,985 | mfu: 38.9% | epoch: 1 | remaining: 228s    
step 00424 (24.0%) | loss: 3.202438 | lrm: 1.00 | dt: 166ms | tok/sec: 1,575,312 | mfu: 38.1% | epoch: 1 | remaining: 228s    
step 00425 (24.0%) | loss: 3.197563 | lrm: 1.00 | dt: 176ms | tok/sec: 1,487,978 | mfu: 36.0% | epoch: 1 | remaining: 228s    
step 00426 (24.1%) | loss: 3.197055 | lrm: 1.00 | dt: 161ms | tok/sec: 1,623,717 | mfu: 39.2% | epoch: 1 | remaining: 228s    
step 00427 (24.1%) | loss: 3.192860 | lrm: 1.00 | dt: 165ms | tok/sec: 1,586,079 | mfu: 38.3% | epoch: 1 | remaining: 227s    
step 00428 (24.2%) | loss: 3.189531 | lrm: 1.00 | dt: 164ms | tok/sec: 1,598,422 | mfu: 38.6% | epoch: 1 | remaining: 227s    
step 00429 (24.2%) | loss: 3.187624 | lrm: 1.00 | dt: 205ms | tok/sec: 1,279,674 | mfu: 30.9% | epoch: 1 | remaining: 227s    
step 00430 (24.3%) | loss: 3.190220 | lrm: 1.00 | dt: 159ms | tok/sec: 1,648,235 | mfu: 39.8% | epoch: 1 | remaining: 227s    
step 00431 (24.4%) | loss: 3.188237 | lrm: 1.00 | dt: 193ms | tok/sec: 1,355,997 | mfu: 32.8% | epoch: 1 | remaining: 227s    
step 00432 (24.4%) | loss: 3.184648 | lrm: 1.00 | dt: 158ms | tok/sec: 1,657,431 | mfu: 40.0% | epoch: 1 | remaining: 227s    
step 00433 (24.5%) | loss: 3.187338 | lrm: 1.00 | dt: 159ms | tok/sec: 1,644,395 | mfu: 39.7% | epoch: 1 | remaining: 226s    
step 00434 (24.5%) | loss: 3.190850 | lrm: 1.00 | dt: 163ms | tok/sec: 1,607,087 | mfu: 38.8% | epoch: 1 | remaining: 226s    
step 00435 (24.6%) | loss: 3.193050 | lrm: 1.00 | dt: 171ms | tok/sec: 1,531,067 | mfu: 37.0% | epoch: 1 | remaining: 226s    
step 00436 (24.6%) | loss: 3.192199 | lrm: 1.00 | dt: 180ms | tok/sec: 1,458,197 | mfu: 35.2% | epoch: 1 | remaining: 226s    
step 00437 (24.7%) | loss: 3.191314 | lrm: 1.00 | dt: 163ms | tok/sec: 1,603,941 | mfu: 38.8% | epoch: 1 | remaining: 226s    
step 00438 (24.8%) | loss: 3.191662 | lrm: 1.00 | dt: 176ms | tok/sec: 1,492,901 | mfu: 36.1% | epoch: 1 | remaining: 226s    
step 00439 (24.8%) | loss: 3.192361 | lrm: 1.00 | dt: 159ms | tok/sec: 1,643,547 | mfu: 39.7% | epoch: 1 | remaining: 225s    
step 00440 (24.9%) | loss: 3.192688 | lrm: 1.00 | dt: 228ms | tok/sec: 1,149,403 | mfu: 27.8% | epoch: 1 | remaining: 225s    
step 00441 (24.9%) | loss: 3.195667 | lrm: 1.00 | dt: 161ms | tok/sec: 1,630,790 | mfu: 39.4% | epoch: 1 | remaining: 225s    
step 00442 (25.0%) | loss: 3.196810 | lrm: 1.00 | dt: 161ms | tok/sec: 1,631,472 | mfu: 39.4% | epoch: 1 | remaining: 225s    
step 00443 (25.1%) | loss: 3.199593 | lrm: 1.00 | dt: 164ms | tok/sec: 1,599,543 | mfu: 38.6% | epoch: 1 | remaining: 225s    
step 00444 (25.1%) | loss: 3.188897 | lrm: 1.00 | dt: 162ms | tok/sec: 1,619,949 | mfu: 39.1% | epoch: 1 | remaining: 225s    
step 00445 (25.2%) | loss: 3.186647 | lrm: 1.00 | dt: 164ms | tok/sec: 1,596,799 | mfu: 38.6% | epoch: 1 | remaining: 224s    
step 00446 (25.2%) | loss: 3.184767 | lrm: 1.00 | dt: 175ms | tok/sec: 1,500,081 | mfu: 36.2% | epoch: 1 | remaining: 224s    
step 00447 (25.3%) | loss: 3.187348 | lrm: 1.00 | dt: 166ms | tok/sec: 1,580,396 | mfu: 38.2% | epoch: 1 | remaining: 224s    
step 00448 (25.3%) | loss: 3.186194 | lrm: 1.00 | dt: 161ms | tok/sec: 1,624,384 | mfu: 39.2% | epoch: 1 | remaining: 224s    
step 00449 (25.4%) | loss: 3.186719 | lrm: 1.00 | dt: 161ms | tok/sec: 1,626,174 | mfu: 39.3% | epoch: 1 | remaining: 224s    
step 00450 (25.4%) | loss: 3.187370 | lrm: 1.00 | dt: 163ms | tok/sec: 1,607,548 | mfu: 38.8% | epoch: 1 | remaining: 224s    
step 00451 (25.5%) | loss: 3.188640 | lrm: 1.00 | dt: 166ms | tok/sec: 1,581,896 | mfu: 38.2% | epoch: 1 | remaining: 223s    
step 00452 (25.5%) | loss: 3.192292 | lrm: 1.00 | dt: 189ms | tok/sec: 1,390,407 | mfu: 33.6% | epoch: 1 | remaining: 223s    
step 00453 (25.6%) | loss: 3.195453 | lrm: 1.00 | dt: 214ms | tok/sec: 1,227,155 | mfu: 29.6% | epoch: 1 | remaining: 223s    
step 00454 (25.7%) | loss: 3.192427 | lrm: 1.00 | dt: 160ms | tok/sec: 1,639,530 | mfu: 39.6% | epoch: 1 | remaining: 223s    
step 00455 (25.7%) | loss: 3.192354 | lrm: 1.00 | dt: 196ms | tok/sec: 1,339,133 | mfu: 32.4% | epoch: 1 | remaining: 223s    
step 00456 (25.8%) | loss: 3.194480 | lrm: 1.00 | dt: 158ms | tok/sec: 1,657,583 | mfu: 40.0% | epoch: 1 | remaining: 222s    
step 00457 (25.9%) | loss: 3.193751 | lrm: 1.00 | dt: 160ms | tok/sec: 1,633,414 | mfu: 39.5% | epoch: 1 | remaining: 222s    
step 00458 (25.9%) | loss: 3.193952 | lrm: 1.00 | dt: 162ms | tok/sec: 1,614,300 | mfu: 39.0% | epoch: 1 | remaining: 222s    
step 00459 (26.0%) | loss: 3.192827 | lrm: 1.00 | dt: 174ms | tok/sec: 1,510,260 | mfu: 36.5% | epoch: 1 | remaining: 222s    
step 00460 (26.0%) | loss: 3.192993 | lrm: 1.00 | dt: 163ms | tok/sec: 1,605,377 | mfu: 38.8% | epoch: 1 | remaining: 222s    
step 00461 (26.1%) | loss: 3.195419 | lrm: 1.00 | dt: 170ms | tok/sec: 1,540,139 | mfu: 37.2% | epoch: 1 | remaining: 222s    
step 00462 (26.1%) | loss: 3.197346 | lrm: 1.00 | dt: 163ms | tok/sec: 1,606,714 | mfu: 38.8% | epoch: 1 | remaining: 221s    
step 00463 (26.2%) | loss: 3.197765 | lrm: 1.00 | dt: 186ms | tok/sec: 1,406,638 | mfu: 34.0% | epoch: 1 | remaining: 221s    
step 00464 (26.2%) | loss: 3.191744 | lrm: 1.00 | dt: 176ms | tok/sec: 1,490,497 | mfu: 36.0% | epoch: 1 | remaining: 221s    
step 00465 (26.3%) | loss: 3.189163 | lrm: 1.00 | dt: 180ms | tok/sec: 1,456,100 | mfu: 35.2% | epoch: 1 | remaining: 221s    
step 00466 (26.4%) | loss: 3.187388 | lrm: 1.00 | dt: 195ms | tok/sec: 1,346,637 | mfu: 32.5% | epoch: 1 | remaining: 221s    
step 00467 (26.4%) | loss: 3.184637 | lrm: 1.00 | dt: 163ms | tok/sec: 1,607,806 | mfu: 38.8% | epoch: 1 | remaining: 221s    
step 00468 (26.5%) | loss: 3.189217 | lrm: 1.00 | dt: 161ms | tok/sec: 1,626,891 | mfu: 39.3% | epoch: 1 | remaining: 220s    
step 00469 (26.5%) | loss: 3.187510 | lrm: 1.00 | dt: 164ms | tok/sec: 1,603,326 | mfu: 38.7% | epoch: 1 | remaining: 220s    
step 00470 (26.6%) | loss: 3.187179 | lrm: 1.00 | dt: 166ms | tok/sec: 1,580,668 | mfu: 38.2% | epoch: 1 | remaining: 220s    
step 00471 (26.6%) | loss: 3.185076 | lrm: 1.00 | dt: 199ms | tok/sec: 1,316,271 | mfu: 31.8% | epoch: 1 | remaining: 220s    
step 00472 (26.7%) | loss: 3.183206 | lrm: 1.00 | dt: 162ms | tok/sec: 1,620,474 | mfu: 39.2% | epoch: 1 | remaining: 220s    
step 00473 (26.8%) | loss: 3.181201 | lrm: 1.00 | dt: 228ms | tok/sec: 1,151,082 | mfu: 27.8% | epoch: 1 | remaining: 219s    
step 00474 (26.8%) | loss: 3.186393 | lrm: 1.00 | dt: 159ms | tok/sec: 1,650,063 | mfu: 39.9% | epoch: 1 | remaining: 219s    
step 00475 (26.9%) | loss: 3.181045 | lrm: 1.00 | dt: 160ms | tok/sec: 1,639,674 | mfu: 39.6% | epoch: 1 | remaining: 219s    
step 00476 (26.9%) | loss: 3.182005 | lrm: 1.00 | dt: 166ms | tok/sec: 1,574,827 | mfu: 38.1% | epoch: 1 | remaining: 219s    
step 00477 (27.0%) | loss: 3.183572 | lrm: 1.00 | dt: 209ms | tok/sec: 1,256,942 | mfu: 30.4% | epoch: 1 | remaining: 219s    
step 00478 (27.1%) | loss: 3.186521 | lrm: 1.00 | dt: 245ms | tok/sec: 1,070,053 | mfu: 25.9% | epoch: 1 | remaining: 219s    
step 00479 (27.2%) | loss: 3.184230 | lrm: 1.00 | dt: 190ms | tok/sec: 1,382,584 | mfu: 33.4% | epoch: 1 | remaining: 218s    
step 00480 (27.2%) | loss: 3.179769 | lrm: 1.00 | dt: 160ms | tok/sec: 1,642,974 | mfu: 39.7% | epoch: 1 | remaining: 218s    
step 00481 (27.3%) | loss: 3.175035 | lrm: 1.00 | dt: 251ms | tok/sec: 1,042,980 | mfu: 25.2% | epoch: 1 | remaining: 218s    
step 00482 (27.4%) | loss: 3.167539 | lrm: 1.00 | dt: 158ms | tok/sec: 1,661,250 | mfu: 40.1% | epoch: 1 | remaining: 218s    
step 00483 (27.4%) | loss: 3.168425 | lrm: 1.00 | dt: 202ms | tok/sec: 1,297,176 | mfu: 31.3% | epoch: 1 | remaining: 218s    
step 00484 (27.5%) | loss: 3.166541 | lrm: 1.00 | dt: 159ms | tok/sec: 1,649,281 | mfu: 39.8% | epoch: 1 | remaining: 217s    
step 00485 (27.5%) | loss: 3.168557 | lrm: 1.00 | dt: 193ms | tok/sec: 1,358,562 | mfu: 32.8% | epoch: 1 | remaining: 217s    
step 00486 (27.6%) | loss: 3.171683 | lrm: 1.00 | dt: 158ms | tok/sec: 1,658,406 | mfu: 40.1% | epoch: 1 | remaining: 217s    
step 00487 (27.6%) | loss: 3.171814 | lrm: 1.00 | dt: 194ms | tok/sec: 1,347,934 | mfu: 32.6% | epoch: 1 | remaining: 217s    
step 00488 (27.7%) | loss: 3.175542 | lrm: 1.00 | dt: 160ms | tok/sec: 1,643,294 | mfu: 39.7% | epoch: 1 | remaining: 217s    
step 00489 (27.8%) | loss: 3.175824 | lrm: 1.00 | dt: 166ms | tok/sec: 1,581,300 | mfu: 38.2% | epoch: 1 | remaining: 217s    
step 00490 (27.8%) | loss: 3.177564 | lrm: 1.00 | dt: 162ms | tok/sec: 1,613,575 | mfu: 39.0% | epoch: 1 | remaining: 216s    
step 00491 (27.9%) | loss: 3.170727 | lrm: 1.00 | dt: 167ms | tok/sec: 1,572,503 | mfu: 38.0% | epoch: 1 | remaining: 216s    
step 00492 (27.9%) | loss: 3.167085 | lrm: 1.00 | dt: 180ms | tok/sec: 1,455,676 | mfu: 35.2% | epoch: 1 | remaining: 216s    
step 00493 (28.0%) | loss: 3.163266 | lrm: 1.00 | dt: 164ms | tok/sec: 1,596,827 | mfu: 38.6% | epoch: 1 | remaining: 216s    
step 00494 (28.0%) | loss: 3.167200 | lrm: 1.00 | dt: 174ms | tok/sec: 1,509,111 | mfu: 36.5% | epoch: 1 | remaining: 216s    
step 00495 (28.1%) | loss: 3.159511 | lrm: 1.00 | dt: 160ms | tok/sec: 1,640,910 | mfu: 39.6% | epoch: 1 | remaining: 216s    
step 00496 (28.2%) | loss: 3.158373 | lrm: 1.00 | dt: 165ms | tok/sec: 1,593,104 | mfu: 38.5% | epoch: 1 | remaining: 215s    
step 00497 (28.2%) | loss: 3.160543 | lrm: 1.00 | dt: 192ms | tok/sec: 1,366,197 | mfu: 33.0% | epoch: 1 | remaining: 215s    
step 00498 (28.3%) | loss: 3.163670 | lrm: 1.00 | dt: 172ms | tok/sec: 1,524,311 | mfu: 36.8% | epoch: 1 | remaining: 215s    
step 00499 (28.3%) | loss: 3.164611 | lrm: 1.00 | dt: 160ms | tok/sec: 1,636,475 | mfu: 39.5% | epoch: 1 | remaining: 215s    
step 00500 (28.4%) | loss: 3.159161 | lrm: 1.00 | dt: 165ms | tok/sec: 1,589,941 | mfu: 38.4% | epoch: 1 | remaining: 215s    
step 00501 (28.4%) | loss: 3.159946 | lrm: 1.00 | dt: 181ms | tok/sec: 1,450,910 | mfu: 35.1% | epoch: 1 | remaining: 215s    
step 00502 (28.5%) | loss: 3.158703 | lrm: 1.00 | dt: 164ms | tok/sec: 1,601,243 | mfu: 38.7% | epoch: 1 | remaining: 214s    
step 00503 (28.6%) | loss: 3.162245 | lrm: 1.00 | dt: 166ms | tok/sec: 1,581,412 | mfu: 38.2% | epoch: 1 | remaining: 214s    
step 00504 (28.6%) | loss: 3.161453 | lrm: 1.00 | dt: 183ms | tok/sec: 1,435,118 | mfu: 34.7% | epoch: 1 | remaining: 214s    
step 00505 (28.7%) | loss: 3.164110 | lrm: 1.00 | dt: 158ms | tok/sec: 1,654,831 | mfu: 40.0% | epoch: 1 | remaining: 214s    
step 00506 (28.7%) | loss: 3.163017 | lrm: 1.00 | dt: 171ms | tok/sec: 1,530,272 | mfu: 37.0% | epoch: 1 | remaining: 214s    
step 00507 (28.8%) | loss: 3.166887 | lrm: 1.00 | dt: 161ms | tok/sec: 1,630,551 | mfu: 39.4% | epoch: 1 | remaining: 214s    
step 00508 (28.8%) | loss: 3.158063 | lrm: 1.00 | dt: 174ms | tok/sec: 1,507,979 | mfu: 36.4% | epoch: 1 | remaining: 213s    
step 00509 (28.9%) | loss: 3.163319 | lrm: 1.00 | dt: 164ms | tok/sec: 1,597,960 | mfu: 38.6% | epoch: 1 | remaining: 213s    
step 00510 (28.9%) | loss: 3.159459 | lrm: 1.00 | dt: 168ms | tok/sec: 1,559,219 | mfu: 37.7% | epoch: 1 | remaining: 213s    
step 00511 (29.0%) | loss: 3.160396 | lrm: 1.00 | dt: 227ms | tok/sec: 1,153,464 | mfu: 27.9% | epoch: 1 | remaining: 213s    
step 00512 (29.1%) | loss: 3.159272 | lrm: 1.00 | dt: 187ms | tok/sec: 1,399,234 | mfu: 33.8% | epoch: 1 | remaining: 213s    
step 00513 (29.1%) | loss: 3.155655 | lrm: 1.00 | dt: 158ms | tok/sec: 1,654,455 | mfu: 40.0% | epoch: 1 | remaining: 212s    
step 00514 (29.2%) | loss: 3.152428 | lrm: 1.00 | dt: 209ms | tok/sec: 1,252,139 | mfu: 30.3% | epoch: 1 | remaining: 212s    
step 00515 (29.3%) | loss: 3.154839 | lrm: 1.00 | dt: 192ms | tok/sec: 1,366,608 | mfu: 33.0% | epoch: 1 | remaining: 212s    
step 00516 (29.3%) | loss: 3.154539 | lrm: 1.00 | dt: 167ms | tok/sec: 1,568,810 | mfu: 37.9% | epoch: 1 | remaining: 212s    
step 00517 (29.4%) | loss: 3.149784 | lrm: 1.00 | dt: 159ms | tok/sec: 1,646,939 | mfu: 39.8% | epoch: 1 | remaining: 212s    
step 00518 (29.4%) | loss: 3.152484 | lrm: 1.00 | dt: 161ms | tok/sec: 1,624,715 | mfu: 39.3% | epoch: 1 | remaining: 212s    
step 00519 (29.5%) | loss: 3.153105 | lrm: 1.00 | dt: 160ms | tok/sec: 1,637,445 | mfu: 39.6% | epoch: 1 | remaining: 211s    
step 00520 (29.5%) | loss: 3.153885 | lrm: 1.00 | dt: 174ms | tok/sec: 1,504,200 | mfu: 36.3% | epoch: 1 | remaining: 211s    
step 00521 (29.6%) | loss: 3.153395 | lrm: 1.00 | dt: 174ms | tok/sec: 1,502,736 | mfu: 36.3% | epoch: 1 | remaining: 211s    
step 00522 (29.7%) | loss: 3.152608 | lrm: 1.00 | dt: 194ms | tok/sec: 1,350,495 | mfu: 32.6% | epoch: 1 | remaining: 211s    
step 00523 (29.7%) | loss: 3.151012 | lrm: 1.00 | dt: 188ms | tok/sec: 1,390,800 | mfu: 33.6% | epoch: 1 | remaining: 211s    
step 00524 (29.8%) | loss: 3.153968 | lrm: 1.00 | dt: 159ms | tok/sec: 1,646,461 | mfu: 39.8% | epoch: 1 | remaining: 210s    
step 00525 (29.8%) | loss: 3.155210 | lrm: 1.00 | dt: 200ms | tok/sec: 1,310,285 | mfu: 31.7% | epoch: 1 | remaining: 210s    
step 00526 (29.9%) | loss: 3.151818 | lrm: 1.00 | dt: 187ms | tok/sec: 1,399,051 | mfu: 33.8% | epoch: 1 | remaining: 210s    
step 00527 (30.0%) | loss: 3.152299 | lrm: 1.00 | dt: 172ms | tok/sec: 1,523,019 | mfu: 36.8% | epoch: 1 | remaining: 210s    
step 00528 (30.0%) | loss: 3.150019 | lrm: 1.00 | dt: 159ms | tok/sec: 1,644,564 | mfu: 39.7% | epoch: 1 | remaining: 210s    
step 00529 (30.1%) | loss: 3.151635 | lrm: 1.00 | dt: 171ms | tok/sec: 1,534,302 | mfu: 37.1% | epoch: 1 | remaining: 210s    
step 00530 (30.1%) | loss: 3.149791 | lrm: 1.00 | dt: 158ms | tok/sec: 1,654,413 | mfu: 40.0% | epoch: 1 | remaining: 209s    
step 00531 (30.2%) | loss: 3.149509 | lrm: 1.00 | dt: 172ms | tok/sec: 1,520,672 | mfu: 36.7% | epoch: 1 | remaining: 209s    
step 00532 (30.2%) | loss: 3.149665 | lrm: 1.00 | dt: 169ms | tok/sec: 1,548,784 | mfu: 37.4% | epoch: 1 | remaining: 209s    
step 00533 (30.3%) | loss: 3.146011 | lrm: 1.00 | dt: 168ms | tok/sec: 1,556,993 | mfu: 37.6% | epoch: 1 | remaining: 209s    
step 00534 (30.4%) | loss: 3.144682 | lrm: 1.00 | dt: 169ms | tok/sec: 1,551,639 | mfu: 37.5% | epoch: 1 | remaining: 209s    
step 00535 (30.4%) | loss: 3.143301 | lrm: 1.00 | dt: 161ms | tok/sec: 1,630,621 | mfu: 39.4% | epoch: 1 | remaining: 209s    
step 00536 (30.5%) | loss: 3.139123 | lrm: 1.00 | dt: 177ms | tok/sec: 1,477,264 | mfu: 35.7% | epoch: 1 | remaining: 208s    
step 00537 (30.5%) | loss: 3.140346 | lrm: 1.00 | dt: 180ms | tok/sec: 1,453,392 | mfu: 35.1% | epoch: 1 | remaining: 208s    
step 00538 (30.6%) | loss: 3.143135 | lrm: 1.00 | dt: 164ms | tok/sec: 1,600,616 | mfu: 38.7% | epoch: 1 | remaining: 208s    
step 00539 (30.6%) | loss: 3.140449 | lrm: 1.00 | dt: 167ms | tok/sec: 1,572,208 | mfu: 38.0% | epoch: 1 | remaining: 208s    
step 00540 (30.7%) | loss: 3.141834 | lrm: 1.00 | dt: 185ms | tok/sec: 1,414,990 | mfu: 34.2% | epoch: 1 | remaining: 208s    
step 00541 (30.8%) | loss: 3.143522 | lrm: 1.00 | dt: 163ms | tok/sec: 1,609,866 | mfu: 38.9% | epoch: 1 | remaining: 208s    
step 00542 (30.8%) | loss: 3.140427 | lrm: 1.00 | dt: 163ms | tok/sec: 1,604,803 | mfu: 38.8% | epoch: 1 | remaining: 207s    
step 00543 (30.9%) | loss: 3.142087 | lrm: 1.00 | dt: 169ms | tok/sec: 1,548,396 | mfu: 37.4% | epoch: 1 | remaining: 207s    
step 00544 (30.9%) | loss: 3.144399 | lrm: 1.00 | dt: 166ms | tok/sec: 1,583,594 | mfu: 38.3% | epoch: 1 | remaining: 207s    
step 00545 (31.0%) | loss: 3.146422 | lrm: 1.00 | dt: 163ms | tok/sec: 1,607,987 | mfu: 38.9% | epoch: 1 | remaining: 207s    
step 00546 (31.0%) | loss: 3.145931 | lrm: 1.00 | dt: 167ms | tok/sec: 1,567,694 | mfu: 37.9% | epoch: 1 | remaining: 207s    
step 00547 (31.1%) | loss: 3.143092 | lrm: 1.00 | dt: 163ms | tok/sec: 1,611,825 | mfu: 38.9% | epoch: 1 | remaining: 207s    
step 00548 (31.1%) | loss: 3.142536 | lrm: 1.00 | dt: 163ms | tok/sec: 1,609,072 | mfu: 38.9% | epoch: 1 | remaining: 206s    
step 00549 (31.2%) | loss: 3.141377 | lrm: 1.00 | dt: 164ms | tok/sec: 1,596,853 | mfu: 38.6% | epoch: 1 | remaining: 206s    
step 00550 (31.3%) | loss: 3.142590 | lrm: 1.00 | dt: 185ms | tok/sec: 1,414,834 | mfu: 34.2% | epoch: 1 | remaining: 206s    
step 00551 (31.3%) | loss: 3.138828 | lrm: 1.00 | dt: 160ms | tok/sec: 1,634,135 | mfu: 39.5% | epoch: 1 | remaining: 206s    
step 00552 (31.4%) | loss: 3.138134 | lrm: 1.00 | dt: 167ms | tok/sec: 1,567,622 | mfu: 37.9% | epoch: 1 | remaining: 206s    
step 00553 (31.4%) | loss: 3.144139 | lrm: 1.00 | dt: 163ms | tok/sec: 1,604,250 | mfu: 38.8% | epoch: 1 | remaining: 206s    
step 00554 (31.5%) | loss: 3.142045 | lrm: 1.00 | dt: 164ms | tok/sec: 1,596,809 | mfu: 38.6% | epoch: 1 | remaining: 205s    
step 00555 (31.5%) | loss: 3.140549 | lrm: 1.00 | dt: 166ms | tok/sec: 1,577,507 | mfu: 38.1% | epoch: 1 | remaining: 205s    
step 00556 (31.6%) | loss: 3.142967 | lrm: 1.00 | dt: 169ms | tok/sec: 1,546,836 | mfu: 37.4% | epoch: 1 | remaining: 205s    
step 00557 (31.6%) | loss: 3.140098 | lrm: 1.00 | dt: 163ms | tok/sec: 1,613,029 | mfu: 39.0% | epoch: 1 | remaining: 205s    
step 00558 (31.7%) | loss: 3.140468 | lrm: 1.00 | dt: 165ms | tok/sec: 1,593,354 | mfu: 38.5% | epoch: 1 | remaining: 205s    
step 00559 (31.8%) | loss: 3.142716 | lrm: 1.00 | dt: 164ms | tok/sec: 1,595,016 | mfu: 38.5% | epoch: 1 | remaining: 205s    
step 00560 (31.8%) | loss: 3.141585 | lrm: 1.00 | dt: 192ms | tok/sec: 1,366,681 | mfu: 33.0% | epoch: 1 | remaining: 204s    
step 00561 (31.9%) | loss: 3.141318 | lrm: 1.00 | dt: 160ms | tok/sec: 1,637,757 | mfu: 39.6% | epoch: 1 | remaining: 204s    
step 00562 (31.9%) | loss: 3.143016 | lrm: 1.00 | dt: 184ms | tok/sec: 1,422,995 | mfu: 34.4% | epoch: 1 | remaining: 204s    
step 00563 (32.0%) | loss: 3.144370 | lrm: 1.00 | dt: 160ms | tok/sec: 1,636,348 | mfu: 39.5% | epoch: 1 | remaining: 204s    
step 00564 (32.0%) | loss: 3.147744 | lrm: 1.00 | dt: 191ms | tok/sec: 1,371,872 | mfu: 33.1% | epoch: 1 | remaining: 204s    
step 00565 (32.1%) | loss: 3.146405 | lrm: 1.00 | dt: 176ms | tok/sec: 1,486,230 | mfu: 35.9% | epoch: 1 | remaining: 204s    
step 00566 (32.2%) | loss: 3.144721 | lrm: 1.00 | dt: 160ms | tok/sec: 1,641,831 | mfu: 39.7% | epoch: 1 | remaining: 203s    
step 00567 (32.2%) | loss: 3.145665 | lrm: 1.00 | dt: 173ms | tok/sec: 1,516,233 | mfu: 36.6% | epoch: 1 | remaining: 203s    
step 00568 (32.3%) | loss: 3.145819 | lrm: 1.00 | dt: 162ms | tok/sec: 1,614,028 | mfu: 39.0% | epoch: 1 | remaining: 203s    
step 00569 (32.3%) | loss: 3.143179 | lrm: 1.00 | dt: 166ms | tok/sec: 1,582,452 | mfu: 38.2% | epoch: 1 | remaining: 203s    
step 00570 (32.4%) | loss: 3.142612 | lrm: 1.00 | dt: 168ms | tok/sec: 1,556,773 | mfu: 37.6% | epoch: 1 | remaining: 203s    
step 00571 (32.4%) | loss: 3.141371 | lrm: 1.00 | dt: 166ms | tok/sec: 1,574,798 | mfu: 38.0% | epoch: 1 | remaining: 203s    
step 00572 (32.5%) | loss: 3.142979 | lrm: 1.00 | dt: 177ms | tok/sec: 1,478,030 | mfu: 35.7% | epoch: 1 | remaining: 202s    
step 00573 (32.6%) | loss: 3.142425 | lrm: 1.00 | dt: 160ms | tok/sec: 1,642,908 | mfu: 39.7% | epoch: 1 | remaining: 202s    
step 00574 (32.6%) | loss: 3.138745 | lrm: 1.00 | dt: 170ms | tok/sec: 1,539,703 | mfu: 37.2% | epoch: 1 | remaining: 202s    
step 00575 (32.7%) | loss: 3.137703 | lrm: 1.00 | dt: 161ms | tok/sec: 1,632,247 | mfu: 39.4% | epoch: 1 | remaining: 202s    
step 00576 (32.7%) | loss: 3.137367 | lrm: 1.00 | dt: 166ms | tok/sec: 1,580,691 | mfu: 38.2% | epoch: 1 | remaining: 202s    
step 00577 (32.8%) | loss: 3.142580 | lrm: 1.00 | dt: 166ms | tok/sec: 1,582,124 | mfu: 38.2% | epoch: 1 | remaining: 202s    
step 00578 (32.8%) | loss: 3.145860 | lrm: 1.00 | dt: 164ms | tok/sec: 1,596,987 | mfu: 38.6% | epoch: 1 | remaining: 201s    
step 00579 (32.9%) | loss: 3.142953 | lrm: 1.00 | dt: 236ms | tok/sec: 1,112,358 | mfu: 26.9% | epoch: 1 | remaining: 201s    
step 00580 (33.0%) | loss: 3.140402 | lrm: 1.00 | dt: 158ms | tok/sec: 1,654,754 | mfu: 40.0% | epoch: 1 | remaining: 201s    
step 00581 (33.0%) | loss: 3.138310 | lrm: 1.00 | dt: 161ms | tok/sec: 1,633,220 | mfu: 39.5% | epoch: 1 | remaining: 201s    
step 00582 (33.1%) | loss: 3.142376 | lrm: 1.00 | dt: 165ms | tok/sec: 1,589,753 | mfu: 38.4% | epoch: 1 | remaining: 201s    
step 00583 (33.1%) | loss: 3.140450 | lrm: 1.00 | dt: 159ms | tok/sec: 1,653,174 | mfu: 39.9% | epoch: 1 | remaining: 200s    
step 00584 (33.2%) | loss: 3.132708 | lrm: 1.00 | dt: 161ms | tok/sec: 1,629,758 | mfu: 39.4% | epoch: 1 | remaining: 200s    
step 00585 (33.2%) | loss: 3.131529 | lrm: 1.00 | dt: 177ms | tok/sec: 1,483,985 | mfu: 35.9% | epoch: 1 | remaining: 200s    
step 00586 (33.3%) | loss: 3.126418 | lrm: 1.00 | dt: 166ms | tok/sec: 1,580,691 | mfu: 38.2% | epoch: 1 | remaining: 200s    
step 00587 (33.3%) | loss: 3.125160 | lrm: 1.00 | dt: 164ms | tok/sec: 1,594,995 | mfu: 38.5% | epoch: 1 | remaining: 200s    
step 00588 (33.4%) | loss: 3.126308 | lrm: 1.00 | dt: 190ms | tok/sec: 1,379,040 | mfu: 33.3% | epoch: 1 | remaining: 200s    
step 00589 (33.5%) | loss: 3.126094 | lrm: 1.00 | dt: 163ms | tok/sec: 1,609,532 | mfu: 38.9% | epoch: 1 | remaining: 199s    
step 00590 (33.5%) | loss: 3.127499 | lrm: 1.00 | dt: 175ms | tok/sec: 1,498,437 | mfu: 36.2% | epoch: 1 | remaining: 199s    
step 00591 (33.6%) | loss: 3.132596 | lrm: 1.00 | dt: 167ms | tok/sec: 1,571,036 | mfu: 38.0% | epoch: 1 | remaining: 199s    
step 00592 (33.6%) | loss: 3.133993 | lrm: 1.00 | dt: 241ms | tok/sec: 1,089,122 | mfu: 26.3% | epoch: 1 | remaining: 199s    
step 00593 (33.7%) | loss: 3.136120 | lrm: 1.00 | dt: 177ms | tok/sec: 1,482,780 | mfu: 35.8% | epoch: 1 | remaining: 199s    
step 00594 (33.8%) | loss: 3.130883 | lrm: 1.00 | dt: 160ms | tok/sec: 1,641,108 | mfu: 39.7% | epoch: 1 | remaining: 199s    
step 00595 (33.8%) | loss: 3.135924 | lrm: 1.00 | dt: 172ms | tok/sec: 1,523,512 | mfu: 36.8% | epoch: 1 | remaining: 198s    
step 00596 (33.9%) | loss: 3.136858 | lrm: 1.00 | dt: 227ms | tok/sec: 1,154,033 | mfu: 27.9% | epoch: 1 | remaining: 198s    
step 00597 (34.0%) | loss: 3.133211 | lrm: 1.00 | dt: 162ms | tok/sec: 1,614,741 | mfu: 39.0% | epoch: 1 | remaining: 198s    
step 00598 (34.0%) | loss: 3.131050 | lrm: 1.00 | dt: 177ms | tok/sec: 1,484,650 | mfu: 35.9% | epoch: 1 | remaining: 198s    
step 00599 (34.1%) | loss: 3.123015 | lrm: 1.00 | dt: 159ms | tok/sec: 1,647,818 | mfu: 39.8% | epoch: 1 | remaining: 198s    
step 00600 (34.1%) | loss: 3.124009 | lrm: 1.00 | dt: 161ms | tok/sec: 1,624,537 | mfu: 39.3% | epoch: 1 | remaining: 197s    
step 00601 (34.2%) | loss: 3.124271 | lrm: 1.00 | dt: 163ms | tok/sec: 1,604,714 | mfu: 38.8% | epoch: 1 | remaining: 197s    
step 00602 (34.2%) | loss: 3.122934 | lrm: 1.00 | dt: 177ms | tok/sec: 1,481,839 | mfu: 35.8% | epoch: 1 | remaining: 197s    
step 00603 (34.3%) | loss: 3.125608 | lrm: 1.00 | dt: 165ms | tok/sec: 1,585,302 | mfu: 38.3% | epoch: 1 | remaining: 197s    
step 00604 (34.3%) | loss: 3.123578 | lrm: 1.00 | dt: 162ms | tok/sec: 1,619,739 | mfu: 39.1% | epoch: 1 | remaining: 197s    
step 00605 (34.4%) | loss: 3.123723 | lrm: 1.00 | dt: 162ms | tok/sec: 1,616,850 | mfu: 39.1% | epoch: 1 | remaining: 197s    
step 00606 (34.5%) | loss: 3.125545 | lrm: 1.00 | dt: 202ms | tok/sec: 1,298,181 | mfu: 31.4% | epoch: 1 | remaining: 196s    
step 00607 (34.5%) | loss: 3.125935 | lrm: 1.00 | dt: 174ms | tok/sec: 1,508,594 | mfu: 36.4% | epoch: 1 | remaining: 196s    
step 00608 (34.6%) | loss: 3.125606 | lrm: 1.00 | dt: 183ms | tok/sec: 1,434,247 | mfu: 34.7% | epoch: 1 | remaining: 196s    
step 00609 (34.6%) | loss: 3.123260 | lrm: 1.00 | dt: 193ms | tok/sec: 1,358,377 | mfu: 32.8% | epoch: 1 | remaining: 196s    
step 00610 (34.7%) | loss: 3.123358 | lrm: 1.00 | dt: 159ms | tok/sec: 1,650,534 | mfu: 39.9% | epoch: 1 | remaining: 196s    
step 00611 (34.8%) | loss: 3.122616 | lrm: 1.00 | dt: 160ms | tok/sec: 1,640,775 | mfu: 39.6% | epoch: 1 | remaining: 196s    
step 00612 (34.8%) | loss: 3.120870 | lrm: 1.00 | dt: 233ms | tok/sec: 1,126,884 | mfu: 27.2% | epoch: 1 | remaining: 195s    
step 00613 (34.9%) | loss: 3.117874 | lrm: 1.00 | dt: 166ms | tok/sec: 1,580,157 | mfu: 38.2% | epoch: 1 | remaining: 195s    
step 00614 (34.9%) | loss: 3.114040 | lrm: 1.00 | dt: 162ms | tok/sec: 1,618,156 | mfu: 39.1% | epoch: 1 | remaining: 195s    
step 00615 (35.0%) | loss: 3.110188 | lrm: 1.00 | dt: 159ms | tok/sec: 1,647,993 | mfu: 39.8% | epoch: 1 | remaining: 195s    
step 00616 (35.0%) | loss: 3.108153 | lrm: 1.00 | dt: 187ms | tok/sec: 1,401,089 | mfu: 33.9% | epoch: 1 | remaining: 195s    
step 00617 (35.1%) | loss: 3.106871 | lrm: 1.00 | dt: 158ms | tok/sec: 1,663,537 | mfu: 40.2% | epoch: 1 | remaining: 195s    
step 00618 (35.2%) | loss: 3.102037 | lrm: 1.00 | dt: 174ms | tok/sec: 1,507,008 | mfu: 36.4% | epoch: 1 | remaining: 194s    
step 00619 (35.2%) | loss: 3.100579 | lrm: 1.00 | dt: 165ms | tok/sec: 1,591,527 | mfu: 38.5% | epoch: 1 | remaining: 194s    
step 00620 (35.3%) | loss: 3.097757 | lrm: 1.00 | dt: 160ms | tok/sec: 1,634,215 | mfu: 39.5% | epoch: 1 | remaining: 194s    
step 00621 (35.3%) | loss: 3.101461 | lrm: 1.00 | dt: 162ms | tok/sec: 1,621,497 | mfu: 39.2% | epoch: 1 | remaining: 194s    
step 00622 (35.4%) | loss: 3.098794 | lrm: 1.00 | dt: 166ms | tok/sec: 1,580,266 | mfu: 38.2% | epoch: 1 | remaining: 194s    
step 00623 (35.4%) | loss: 3.101587 | lrm: 1.00 | dt: 163ms | tok/sec: 1,607,978 | mfu: 38.9% | epoch: 1 | remaining: 194s    
step 00624 (35.5%) | loss: 3.102280 | lrm: 1.00 | dt: 171ms | tok/sec: 1,533,981 | mfu: 37.1% | epoch: 1 | remaining: 193s    
step 00625 (35.5%) | loss: 3.103147 | lrm: 1.00 | dt: 163ms | tok/sec: 1,604,103 | mfu: 38.8% | epoch: 1 | remaining: 193s    
step 00626 (35.6%) | loss: 3.105374 | lrm: 1.00 | dt: 162ms | tok/sec: 1,621,531 | mfu: 39.2% | epoch: 1 | remaining: 193s    
step 00627 (35.7%) | loss: 3.105137 | lrm: 1.00 | dt: 162ms | tok/sec: 1,616,339 | mfu: 39.1% | epoch: 1 | remaining: 193s    
step 00628 (35.7%) | loss: 3.099375 | lrm: 1.00 | dt: 167ms | tok/sec: 1,573,639 | mfu: 38.0% | epoch: 1 | remaining: 193s    
step 00629 (35.8%) | loss: 3.097346 | lrm: 1.00 | dt: 167ms | tok/sec: 1,571,395 | mfu: 38.0% | epoch: 1 | remaining: 193s    
step 00630 (35.8%) | loss: 3.097949 | lrm: 1.00 | dt: 167ms | tok/sec: 1,569,838 | mfu: 37.9% | epoch: 1 | remaining: 192s    
step 00631 (35.9%) | loss: 3.097870 | lrm: 1.00 | dt: 167ms | tok/sec: 1,565,771 | mfu: 37.8% | epoch: 1 | remaining: 192s    
step 00632 (35.9%) | loss: 3.104833 | lrm: 1.00 | dt: 161ms | tok/sec: 1,623,813 | mfu: 39.2% | epoch: 1 | remaining: 192s    
step 00633 (36.0%) | loss: 3.107536 | lrm: 1.00 | dt: 184ms | tok/sec: 1,423,561 | mfu: 34.4% | epoch: 1 | remaining: 192s    
step 00634 (36.0%) | loss: 3.106730 | lrm: 1.00 | dt: 159ms | tok/sec: 1,646,981 | mfu: 39.8% | epoch: 1 | remaining: 192s    
step 00635 (36.1%) | loss: 3.102280 | lrm: 1.00 | dt: 208ms | tok/sec: 1,262,851 | mfu: 30.5% | epoch: 1 | remaining: 191s    
step 00636 (36.2%) | loss: 3.105245 | lrm: 1.00 | dt: 160ms | tok/sec: 1,642,089 | mfu: 39.7% | epoch: 1 | remaining: 191s    
step 00637 (36.2%) | loss: 3.103524 | lrm: 1.00 | dt: 170ms | tok/sec: 1,540,424 | mfu: 37.2% | epoch: 1 | remaining: 191s    
step 00638 (36.3%) | loss: 3.105863 | lrm: 1.00 | dt: 160ms | tok/sec: 1,642,977 | mfu: 39.7% | epoch: 1 | remaining: 191s    
step 00639 (36.3%) | loss: 3.106894 | lrm: 1.00 | dt: 177ms | tok/sec: 1,484,416 | mfu: 35.9% | epoch: 1 | remaining: 191s    
step 00640 (36.4%) | loss: 3.104546 | lrm: 1.00 | dt: 165ms | tok/sec: 1,584,027 | mfu: 38.3% | epoch: 1 | remaining: 191s    
step 00641 (36.4%) | loss: 3.103748 | lrm: 1.00 | dt: 199ms | tok/sec: 1,316,189 | mfu: 31.8% | epoch: 1 | remaining: 190s    
step 00642 (36.5%) | loss: 3.105245 | lrm: 1.00 | dt: 168ms | tok/sec: 1,558,154 | mfu: 37.6% | epoch: 1 | remaining: 190s    
step 00643 (36.6%) | loss: 3.109643 | lrm: 1.00 | dt: 161ms | tok/sec: 1,631,436 | mfu: 39.4% | epoch: 1 | remaining: 190s    
step 00644 (36.6%) | loss: 3.106352 | lrm: 1.00 | dt: 161ms | tok/sec: 1,629,123 | mfu: 39.4% | epoch: 1 | remaining: 190s    
step 00645 (36.7%) | loss: 3.103544 | lrm: 1.00 | dt: 166ms | tok/sec: 1,583,475 | mfu: 38.3% | epoch: 1 | remaining: 190s    
step 00646 (36.7%) | loss: 3.105334 | lrm: 1.00 | dt: 166ms | tok/sec: 1,582,290 | mfu: 38.2% | epoch: 1 | remaining: 190s    
step 00647 (36.8%) | loss: 3.102413 | lrm: 1.00 | dt: 175ms | tok/sec: 1,498,184 | mfu: 36.2% | epoch: 1 | remaining: 189s    
step 00648 (36.8%) | loss: 3.099736 | lrm: 1.00 | dt: 166ms | tok/sec: 1,575,954 | mfu: 38.1% | epoch: 1 | remaining: 189s    
step 00649 (36.9%) | loss: 3.100326 | lrm: 1.00 | dt: 162ms | tok/sec: 1,622,155 | mfu: 39.2% | epoch: 1 | remaining: 189s    
step 00650 (37.0%) | loss: 3.096745 | lrm: 1.00 | dt: 161ms | tok/sec: 1,623,372 | mfu: 39.2% | epoch: 1 | remaining: 189s    
step 00651 (37.0%) | loss: 3.095511 | lrm: 1.00 | dt: 197ms | tok/sec: 1,329,333 | mfu: 32.1% | epoch: 1 | remaining: 189s    
step 00652 (37.1%) | loss: 3.091656 | lrm: 1.00 | dt: 165ms | tok/sec: 1,588,024 | mfu: 38.4% | epoch: 1 | remaining: 189s    
step 00653 (37.1%) | loss: 3.096714 | lrm: 1.00 | dt: 166ms | tok/sec: 1,579,905 | mfu: 38.2% | epoch: 1 | remaining: 188s    
step 00654 (37.2%) | loss: 3.099538 | lrm: 1.00 | dt: 166ms | tok/sec: 1,577,801 | mfu: 38.1% | epoch: 1 | remaining: 188s    
step 00655 (37.2%) | loss: 3.104527 | lrm: 1.00 | dt: 162ms | tok/sec: 1,622,787 | mfu: 39.2% | epoch: 1 | remaining: 188s    
step 00656 (37.3%) | loss: 3.099945 | lrm: 1.00 | dt: 160ms | tok/sec: 1,633,739 | mfu: 39.5% | epoch: 1 | remaining: 188s    
step 00657 (37.3%) | loss: 3.096334 | lrm: 1.00 | dt: 170ms | tok/sec: 1,543,557 | mfu: 37.3% | epoch: 1 | remaining: 188s    
step 00658 (37.4%) | loss: 3.096849 | lrm: 1.00 | dt: 179ms | tok/sec: 1,465,079 | mfu: 35.4% | epoch: 1 | remaining: 188s    
step 00659 (37.5%) | loss: 3.099518 | lrm: 1.00 | dt: 163ms | tok/sec: 1,608,194 | mfu: 38.9% | epoch: 1 | remaining: 187s    
step 00660 (37.5%) | loss: 3.102086 | lrm: 1.00 | dt: 170ms | tok/sec: 1,546,027 | mfu: 37.4% | epoch: 1 | remaining: 187s    
step 00661 (37.6%) | loss: 3.100337 | lrm: 1.00 | dt: 161ms | tok/sec: 1,623,904 | mfu: 39.2% | epoch: 1 | remaining: 187s    
step 00662 (37.6%) | loss: 3.100706 | lrm: 1.00 | dt: 164ms | tok/sec: 1,597,936 | mfu: 38.6% | epoch: 1 | remaining: 187s    
step 00663 (37.7%) | loss: 3.103434 | lrm: 1.00 | dt: 168ms | tok/sec: 1,558,733 | mfu: 37.7% | epoch: 1 | remaining: 187s    
step 00664 (37.7%) | loss: 3.106601 | lrm: 1.00 | dt: 166ms | tok/sec: 1,581,100 | mfu: 38.2% | epoch: 1 | remaining: 187s    
step 00665 (37.8%) | loss: 3.105344 | lrm: 1.00 | dt: 163ms | tok/sec: 1,610,067 | mfu: 38.9% | epoch: 1 | remaining: 186s    
step 00666 (37.9%) | loss: 3.107658 | lrm: 1.00 | dt: 163ms | tok/sec: 1,606,101 | mfu: 38.8% | epoch: 1 | remaining: 186s    
step 00667 (37.9%) | loss: 3.106374 | lrm: 1.00 | dt: 163ms | tok/sec: 1,607,496 | mfu: 38.8% | epoch: 1 | remaining: 186s    
step 00668 (38.0%) | loss: 3.105952 | lrm: 1.00 | dt: 165ms | tok/sec: 1,593,236 | mfu: 38.5% | epoch: 1 | remaining: 186s    
step 00669 (38.0%) | loss: 3.104690 | lrm: 1.00 | dt: 164ms | tok/sec: 1,602,303 | mfu: 38.7% | epoch: 1 | remaining: 186s    
step 00670 (38.1%) | loss: 3.105872 | lrm: 1.00 | dt: 167ms | tok/sec: 1,574,417 | mfu: 38.0% | epoch: 1 | remaining: 186s    
step 00671 (38.1%) | loss: 3.103753 | lrm: 1.00 | dt: 165ms | tok/sec: 1,589,817 | mfu: 38.4% | epoch: 1 | remaining: 185s    
step 00672 (38.2%) | loss: 3.094986 | lrm: 1.00 | dt: 164ms | tok/sec: 1,602,184 | mfu: 38.7% | epoch: 1 | remaining: 185s    
step 00673 (38.2%) | loss: 3.097784 | lrm: 1.00 | dt: 163ms | tok/sec: 1,612,844 | mfu: 39.0% | epoch: 1 | remaining: 185s    
step 00674 (38.3%) | loss: 3.098633 | lrm: 1.00 | dt: 162ms | tok/sec: 1,618,759 | mfu: 39.1% | epoch: 1 | remaining: 185s    
step 00675 (38.3%) | loss: 3.103498 | lrm: 1.00 | dt: 167ms | tok/sec: 1,571,837 | mfu: 38.0% | epoch: 1 | remaining: 185s    
step 00676 (38.4%) | loss: 3.100375 | lrm: 1.00 | dt: 168ms | tok/sec: 1,561,619 | mfu: 37.7% | epoch: 1 | remaining: 185s    
step 00677 (38.5%) | loss: 3.099005 | lrm: 1.00 | dt: 162ms | tok/sec: 1,615,728 | mfu: 39.0% | epoch: 1 | remaining: 184s    
step 00678 (38.5%) | loss: 3.099200 | lrm: 1.00 | dt: 164ms | tok/sec: 1,594,407 | mfu: 38.5% | epoch: 1 | remaining: 184s    
step 00679 (38.6%) | loss: 3.100256 | lrm: 1.00 | dt: 164ms | tok/sec: 1,599,526 | mfu: 38.6% | epoch: 1 | remaining: 184s    
step 00680 (38.6%) | loss: 3.093717 | lrm: 1.00 | dt: 163ms | tok/sec: 1,605,782 | mfu: 38.8% | epoch: 1 | remaining: 184s    
step 00681 (38.7%) | loss: 3.096479 | lrm: 1.00 | dt: 167ms | tok/sec: 1,573,617 | mfu: 38.0% | epoch: 1 | remaining: 184s    
step 00682 (38.7%) | loss: 3.099432 | lrm: 1.00 | dt: 167ms | tok/sec: 1,572,861 | mfu: 38.0% | epoch: 1 | remaining: 184s    
step 00683 (38.8%) | loss: 3.104498 | lrm: 1.00 | dt: 164ms | tok/sec: 1,594,393 | mfu: 38.5% | epoch: 1 | remaining: 183s    
step 00684 (38.8%) | loss: 3.102175 | lrm: 1.00 | dt: 164ms | tok/sec: 1,600,868 | mfu: 38.7% | epoch: 1 | remaining: 183s    
step 00685 (38.9%) | loss: 3.104536 | lrm: 1.00 | dt: 166ms | tok/sec: 1,581,569 | mfu: 38.2% | epoch: 1 | remaining: 183s    
step 00686 (38.9%) | loss: 3.108174 | lrm: 1.00 | dt: 198ms | tok/sec: 1,322,706 | mfu: 32.0% | epoch: 1 | remaining: 183s    
step 00687 (39.0%) | loss: 3.104036 | lrm: 1.00 | dt: 167ms | tok/sec: 1,570,309 | mfu: 37.9% | epoch: 1 | remaining: 183s    
step 00688 (39.1%) | loss: 3.108429 | lrm: 1.00 | dt: 159ms | tok/sec: 1,652,660 | mfu: 39.9% | epoch: 1 | remaining: 183s    
step 00689 (39.1%) | loss: 3.107909 | lrm: 1.00 | dt: 162ms | tok/sec: 1,614,590 | mfu: 39.0% | epoch: 1 | remaining: 182s    
step 00690 (39.2%) | loss: 3.107428 | lrm: 1.00 | dt: 163ms | tok/sec: 1,603,787 | mfu: 38.7% | epoch: 1 | remaining: 182s    
step 00691 (39.2%) | loss: 3.112341 | lrm: 1.00 | dt: 164ms | tok/sec: 1,599,929 | mfu: 38.7% | epoch: 1 | remaining: 182s    
step 00692 (39.3%) | loss: 3.109888 | lrm: 1.00 | dt: 173ms | tok/sec: 1,516,672 | mfu: 36.6% | epoch: 1 | remaining: 182s    
step 00693 (39.3%) | loss: 3.105841 | lrm: 1.00 | dt: 166ms | tok/sec: 1,578,930 | mfu: 38.1% | epoch: 1 | remaining: 182s    
step 00694 (39.4%) | loss: 3.105772 | lrm: 1.00 | dt: 163ms | tok/sec: 1,612,766 | mfu: 39.0% | epoch: 1 | remaining: 182s    
step 00695 (39.5%) | loss: 3.101022 | lrm: 1.00 | dt: 163ms | tok/sec: 1,609,920 | mfu: 38.9% | epoch: 1 | remaining: 181s    
step 00696 (39.5%) | loss: 3.101009 | lrm: 1.00 | dt: 172ms | tok/sec: 1,528,022 | mfu: 36.9% | epoch: 1 | remaining: 181s    
step 00697 (39.6%) | loss: 3.099267 | lrm: 1.00 | dt: 160ms | tok/sec: 1,642,891 | mfu: 39.7% | epoch: 1 | remaining: 181s    
step 00698 (39.6%) | loss: 3.095861 | lrm: 1.00 | dt: 172ms | tok/sec: 1,524,330 | mfu: 36.8% | epoch: 1 | remaining: 181s    
step 00699 (39.7%) | loss: 3.096080 | lrm: 1.00 | dt: 167ms | tok/sec: 1,568,293 | mfu: 37.9% | epoch: 1 | remaining: 181s    
step 00700 (39.7%) | loss: 3.095517 | lrm: 1.00 | dt: 181ms | tok/sec: 1,449,223 | mfu: 35.0% | epoch: 1 | remaining: 181s    
step 00701 (39.8%) | loss: 3.095078 | lrm: 1.00 | dt: 161ms | tok/sec: 1,630,437 | mfu: 39.4% | epoch: 1 | remaining: 180s    
step 00702 (39.8%) | loss: 3.095070 | lrm: 1.00 | dt: 164ms | tok/sec: 1,601,150 | mfu: 38.7% | epoch: 1 | remaining: 180s    
step 00703 (39.9%) | loss: 3.094839 | lrm: 1.00 | dt: 186ms | tok/sec: 1,411,470 | mfu: 34.1% | epoch: 1 | remaining: 180s    
step 00704 (40.0%) | loss: 3.092374 | lrm: 1.00 | dt: 161ms | tok/sec: 1,624,336 | mfu: 39.2% | epoch: 1 | remaining: 180s    
step 00705 (40.0%) | loss: 3.091241 | lrm: 1.00 | dt: 177ms | tok/sec: 1,483,404 | mfu: 35.8% | epoch: 1 | remaining: 180s    
step 00706 (40.1%) | loss: 3.094831 | lrm: 1.00 | dt: 164ms | tok/sec: 1,595,379 | mfu: 38.5% | epoch: 1 | remaining: 180s    
step 00707 (40.1%) | loss: 3.095305 | lrm: 1.00 | dt: 160ms | tok/sec: 1,637,759 | mfu: 39.6% | epoch: 1 | remaining: 179s    
step 00708 (40.2%) | loss: 3.091590 | lrm: 1.00 | dt: 179ms | tok/sec: 1,461,469 | mfu: 35.3% | epoch: 1 | remaining: 179s    
step 00709 (40.2%) | loss: 3.087651 | lrm: 1.00 | dt: 163ms | tok/sec: 1,606,627 | mfu: 38.8% | epoch: 1 | remaining: 179s    
step 00710 (40.3%) | loss: 3.091032 | lrm: 1.00 | dt: 165ms | tok/sec: 1,584,223 | mfu: 38.3% | epoch: 1 | remaining: 179s    
step 00711 (40.4%) | loss: 3.086528 | lrm: 1.00 | dt: 165ms | tok/sec: 1,584,456 | mfu: 38.3% | epoch: 1 | remaining: 179s    
step 00712 (40.4%) | loss: 3.087906 | lrm: 1.00 | dt: 180ms | tok/sec: 1,456,603 | mfu: 35.2% | epoch: 1 | remaining: 179s    
step 00713 (40.5%) | loss: 3.092080 | lrm: 1.00 | dt: 162ms | tok/sec: 1,622,026 | mfu: 39.2% | epoch: 1 | remaining: 178s    
step 00714 (40.5%) | loss: 3.086080 | lrm: 1.00 | dt: 205ms | tok/sec: 1,276,787 | mfu: 30.8% | epoch: 1 | remaining: 178s    
step 00715 (40.6%) | loss: 3.091199 | lrm: 1.00 | dt: 167ms | tok/sec: 1,572,325 | mfu: 38.0% | epoch: 1 | remaining: 178s    
step 00716 (40.6%) | loss: 3.086867 | lrm: 1.00 | dt: 171ms | tok/sec: 1,536,697 | mfu: 37.1% | epoch: 1 | remaining: 178s    
step 00717 (40.7%) | loss: 3.090419 | lrm: 1.00 | dt: 214ms | tok/sec: 1,225,926 | mfu: 29.6% | epoch: 1 | remaining: 178s    
step 00718 (40.8%) | loss: 3.087551 | lrm: 1.00 | dt: 187ms | tok/sec: 1,398,967 | mfu: 33.8% | epoch: 1 | remaining: 177s    
step 00719 (40.8%) | loss: 3.089939 | lrm: 1.00 | dt: 169ms | tok/sec: 1,549,055 | mfu: 37.4% | epoch: 1 | remaining: 177s    
step 00720 (40.9%) | loss: 3.088716 | lrm: 1.00 | dt: 186ms | tok/sec: 1,412,878 | mfu: 34.1% | epoch: 1 | remaining: 177s    
step 00721 (41.0%) | loss: 3.088380 | lrm: 1.00 | dt: 159ms | tok/sec: 1,653,716 | mfu: 40.0% | epoch: 1 | remaining: 177s    
step 00722 (41.0%) | loss: 3.086928 | lrm: 1.00 | dt: 181ms | tok/sec: 1,447,081 | mfu: 35.0% | epoch: 1 | remaining: 177s    
step 00723 (41.1%) | loss: 3.087440 | lrm: 1.00 | dt: 176ms | tok/sec: 1,490,073 | mfu: 36.0% | epoch: 1 | remaining: 177s    
step 00724 (41.1%) | loss: 3.080881 | lrm: 1.00 | dt: 169ms | tok/sec: 1,549,299 | mfu: 37.4% | epoch: 1 | remaining: 176s    
step 00725 (41.2%) | loss: 3.077795 | lrm: 1.00 | dt: 167ms | tok/sec: 1,568,512 | mfu: 37.9% | epoch: 1 | remaining: 176s    
step 00726 (41.2%) | loss: 3.086324 | lrm: 1.00 | dt: 177ms | tok/sec: 1,479,508 | mfu: 35.7% | epoch: 1 | remaining: 176s    
step 00727 (41.3%) | loss: 3.088860 | lrm: 1.00 | dt: 176ms | tok/sec: 1,491,801 | mfu: 36.0% | epoch: 1 | remaining: 176s    
step 00728 (41.4%) | loss: 3.089588 | lrm: 1.00 | dt: 160ms | tok/sec: 1,642,042 | mfu: 39.7% | epoch: 1 | remaining: 176s    
step 00729 (41.4%) | loss: 3.087427 | lrm: 1.00 | dt: 186ms | tok/sec: 1,408,241 | mfu: 34.0% | epoch: 1 | remaining: 176s    
step 00730 (41.5%) | loss: 3.089498 | lrm: 1.00 | dt: 172ms | tok/sec: 1,528,479 | mfu: 36.9% | epoch: 1 | remaining: 175s    
step 00731 (41.5%) | loss: 3.089336 | lrm: 1.00 | dt: 172ms | tok/sec: 1,520,453 | mfu: 36.7% | epoch: 1 | remaining: 175s    
step 00732 (41.6%) | loss: 3.083111 | lrm: 1.00 | dt: 166ms | tok/sec: 1,577,084 | mfu: 38.1% | epoch: 1 | remaining: 175s    
step 00733 (41.6%) | loss: 3.081511 | lrm: 1.00 | dt: 189ms | tok/sec: 1,387,520 | mfu: 33.5% | epoch: 1 | remaining: 175s    
step 00734 (41.7%) | loss: 3.082731 | lrm: 1.00 | dt: 158ms | tok/sec: 1,654,261 | mfu: 40.0% | epoch: 1 | remaining: 175s    
step 00735 (41.8%) | loss: 3.086153 | lrm: 1.00 | dt: 167ms | tok/sec: 1,571,262 | mfu: 38.0% | epoch: 1 | remaining: 175s    
step 00736 (41.8%) | loss: 3.085646 | lrm: 1.00 | dt: 170ms | tok/sec: 1,540,788 | mfu: 37.2% | epoch: 1 | remaining: 174s    
step 00737 (41.9%) | loss: 3.086210 | lrm: 1.00 | dt: 167ms | tok/sec: 1,566,385 | mfu: 37.8% | epoch: 1 | remaining: 174s    
step 00738 (41.9%) | loss: 3.080155 | lrm: 1.00 | dt: 200ms | tok/sec: 1,309,233 | mfu: 31.6% | epoch: 1 | remaining: 174s    
step 00739 (42.0%) | loss: 3.082290 | lrm: 1.00 | dt: 180ms | tok/sec: 1,452,979 | mfu: 35.1% | epoch: 1 | remaining: 174s    
step 00740 (42.1%) | loss: 3.081016 | lrm: 1.00 | dt: 203ms | tok/sec: 1,288,733 | mfu: 31.1% | epoch: 1 | remaining: 174s    
step 00741 (42.1%) | loss: 3.078612 | lrm: 1.00 | dt: 159ms | tok/sec: 1,645,335 | mfu: 39.8% | epoch: 1 | remaining: 173s    
step 00742 (42.2%) | loss: 3.076086 | lrm: 1.00 | dt: 160ms | tok/sec: 1,638,460 | mfu: 39.6% | epoch: 1 | remaining: 173s    
step 00743 (42.2%) | loss: 3.075701 | lrm: 1.00 | dt: 161ms | tok/sec: 1,631,494 | mfu: 39.4% | epoch: 1 | remaining: 173s    
step 00744 (42.3%) | loss: 3.073251 | lrm: 1.00 | dt: 167ms | tok/sec: 1,571,543 | mfu: 38.0% | epoch: 1 | remaining: 173s    
step 00745 (42.3%) | loss: 3.077603 | lrm: 1.00 | dt: 178ms | tok/sec: 1,469,978 | mfu: 35.5% | epoch: 1 | remaining: 173s    
step 00746 (42.4%) | loss: 3.074169 | lrm: 1.00 | dt: 170ms | tok/sec: 1,544,513 | mfu: 37.3% | epoch: 1 | remaining: 173s    
step 00747 (42.4%) | loss: 3.075826 | lrm: 1.00 | dt: 163ms | tok/sec: 1,608,401 | mfu: 38.9% | epoch: 1 | remaining: 172s    
step 00748 (42.5%) | loss: 3.081025 | lrm: 1.00 | dt: 178ms | tok/sec: 1,470,279 | mfu: 35.5% | epoch: 1 | remaining: 172s    
step 00749 (42.6%) | loss: 3.076776 | lrm: 1.00 | dt: 160ms | tok/sec: 1,638,133 | mfu: 39.6% | epoch: 1 | remaining: 172s    
step 00750 (42.6%) | loss: 3.072823 | lrm: 1.00 | dt: 165ms | tok/sec: 1,592,039 | mfu: 38.5% | epoch: 1 | remaining: 172s    
step 00751 (42.7%) | loss: 3.072969 | lrm: 1.00 | dt: 167ms | tok/sec: 1,568,230 | mfu: 37.9% | epoch: 1 | remaining: 172s    
step 00752 (42.7%) | loss: 3.069815 | lrm: 1.00 | dt: 174ms | tok/sec: 1,506,999 | mfu: 36.4% | epoch: 1 | remaining: 172s    
step 00753 (42.8%) | loss: 3.071952 | lrm: 1.00 | dt: 172ms | tok/sec: 1,520,609 | mfu: 36.7% | epoch: 1 | remaining: 171s    
step 00754 (42.8%) | loss: 3.074992 | lrm: 1.00 | dt: 161ms | tok/sec: 1,625,952 | mfu: 39.3% | epoch: 1 | remaining: 171s    
step 00755 (42.9%) | loss: 3.074703 | lrm: 1.00 | dt: 188ms | tok/sec: 1,397,742 | mfu: 33.8% | epoch: 1 | remaining: 171s    
step 00756 (43.0%) | loss: 3.078214 | lrm: 1.00 | dt: 158ms | tok/sec: 1,660,479 | mfu: 40.1% | epoch: 1 | remaining: 171s    
step 00757 (43.0%) | loss: 3.080013 | lrm: 1.00 | dt: 177ms | tok/sec: 1,479,805 | mfu: 35.8% | epoch: 1 | remaining: 171s    
step 00758 (43.1%) | loss: 3.083582 | lrm: 1.00 | dt: 165ms | tok/sec: 1,584,504 | mfu: 38.3% | epoch: 1 | remaining: 171s    
step 00759 (43.1%) | loss: 3.081784 | lrm: 1.00 | dt: 165ms | tok/sec: 1,590,220 | mfu: 38.4% | epoch: 1 | remaining: 170s    
step 00760 (43.2%) | loss: 3.077066 | lrm: 1.00 | dt: 196ms | tok/sec: 1,335,159 | mfu: 32.3% | epoch: 1 | remaining: 170s    
step 00761 (43.2%) | loss: 3.071127 | lrm: 1.00 | dt: 168ms | tok/sec: 1,562,418 | mfu: 37.8% | epoch: 1 | remaining: 170s    
step 00762 (43.3%) | loss: 3.073354 | lrm: 1.00 | dt: 197ms | tok/sec: 1,327,914 | mfu: 32.1% | epoch: 1 | remaining: 170s    
step 00763 (43.4%) | loss: 3.076052 | lrm: 1.00 | dt: 160ms | tok/sec: 1,637,764 | mfu: 39.6% | epoch: 1 | remaining: 170s    
step 00764 (43.4%) | loss: 3.075109 | lrm: 1.00 | dt: 172ms | tok/sec: 1,524,391 | mfu: 36.8% | epoch: 1 | remaining: 170s    
step 00765 (43.5%) | loss: 3.072914 | lrm: 1.00 | dt: 160ms | tok/sec: 1,634,249 | mfu: 39.5% | epoch: 1 | remaining: 169s    
step 00766 (43.5%) | loss: 3.069352 | lrm: 1.00 | dt: 167ms | tok/sec: 1,566,077 | mfu: 37.8% | epoch: 1 | remaining: 169s    
step 00767 (43.6%) | loss: 3.068557 | lrm: 1.00 | dt: 173ms | tok/sec: 1,518,589 | mfu: 36.7% | epoch: 1 | remaining: 169s    
step 00768 (43.6%) | loss: 3.072178 | lrm: 1.00 | dt: 182ms | tok/sec: 1,441,307 | mfu: 34.8% | epoch: 1 | remaining: 169s    
step 00769 (43.7%) | loss: 3.073548 | lrm: 1.00 | dt: 160ms | tok/sec: 1,640,016 | mfu: 39.6% | epoch: 1 | remaining: 169s    
step 00770 (43.8%) | loss: 3.070628 | lrm: 1.00 | dt: 166ms | tok/sec: 1,577,799 | mfu: 38.1% | epoch: 1 | remaining: 169s    
step 00771 (43.8%) | loss: 3.074012 | lrm: 1.00 | dt: 187ms | tok/sec: 1,398,948 | mfu: 33.8% | epoch: 1 | remaining: 168s    
step 00772 (43.9%) | loss: 3.074001 | lrm: 1.00 | dt: 161ms | tok/sec: 1,631,383 | mfu: 39.4% | epoch: 1 | remaining: 168s    
step 00773 (43.9%) | loss: 3.077228 | lrm: 1.00 | dt: 164ms | tok/sec: 1,597,064 | mfu: 38.6% | epoch: 1 | remaining: 168s    
step 00774 (44.0%) | loss: 3.079810 | lrm: 1.00 | dt: 167ms | tok/sec: 1,569,654 | mfu: 37.9% | epoch: 1 | remaining: 168s    
step 00775 (44.0%) | loss: 3.079141 | lrm: 1.00 | dt: 165ms | tok/sec: 1,592,661 | mfu: 38.5% | epoch: 1 | remaining: 168s    
step 00776 (44.1%) | loss: 3.073646 | lrm: 1.00 | dt: 186ms | tok/sec: 1,409,505 | mfu: 34.1% | epoch: 1 | remaining: 168s    
step 00777 (44.2%) | loss: 3.072479 | lrm: 1.00 | dt: 163ms | tok/sec: 1,608,446 | mfu: 38.9% | epoch: 1 | remaining: 167s    
step 00778 (44.2%) | loss: 3.071940 | lrm: 1.00 | dt: 195ms | tok/sec: 1,341,119 | mfu: 32.4% | epoch: 1 | remaining: 167s    
step 00779 (44.3%) | loss: 3.073326 | lrm: 1.00 | dt: 159ms | tok/sec: 1,651,597 | mfu: 39.9% | epoch: 1 | remaining: 167s    
step 00780 (44.3%) | loss: 3.070789 | lrm: 1.00 | dt: 164ms | tok/sec: 1,598,420 | mfu: 38.6% | epoch: 1 | remaining: 167s    
step 00781 (44.4%) | loss: 3.072078 | lrm: 1.00 | dt: 163ms | tok/sec: 1,610,555 | mfu: 38.9% | epoch: 1 | remaining: 167s    
step 00782 (44.4%) | loss: 3.070545 | lrm: 1.00 | dt: 167ms | tok/sec: 1,573,371 | mfu: 38.0% | epoch: 1 | remaining: 167s    
step 00783 (44.5%) | loss: 3.069469 | lrm: 1.00 | dt: 257ms | tok/sec: 1,018,531 | mfu: 24.6% | epoch: 1 | remaining: 166s    
step 00784 (44.6%) | loss: 3.066793 | lrm: 1.00 | dt: 159ms | tok/sec: 1,653,604 | mfu: 40.0% | epoch: 1 | remaining: 166s    
step 00785 (44.6%) | loss: 3.063288 | lrm: 1.00 | dt: 179ms | tok/sec: 1,462,894 | mfu: 35.3% | epoch: 1 | remaining: 166s    
step 00786 (44.7%) | loss: 3.061689 | lrm: 1.00 | dt: 159ms | tok/sec: 1,646,678 | mfu: 39.8% | epoch: 1 | remaining: 166s    
step 00787 (44.7%) | loss: 3.063054 | lrm: 1.00 | dt: 304ms | tok/sec: 861,795 | mfu: 20.8% | epoch: 1 | remaining: 165s    
step 00788 (44.8%) | loss: 3.065948 | lrm: 1.00 | dt: 171ms | tok/sec: 1,532,619 | mfu: 37.0% | epoch: 1 | remaining: 165s    
step 00789 (44.9%) | loss: 3.062694 | lrm: 1.00 | dt: 160ms | tok/sec: 1,642,020 | mfu: 39.7% | epoch: 1 | remaining: 165s    
step 00790 (45.0%) | loss: 3.063331 | lrm: 1.00 | dt: 161ms | tok/sec: 1,628,674 | mfu: 39.4% | epoch: 1 | remaining: 165s    
step 00791 (45.0%) | loss: 3.059021 | lrm: 1.00 | dt: 161ms | tok/sec: 1,623,446 | mfu: 39.2% | epoch: 1 | remaining: 165s    
step 00792 (45.1%) | loss: 3.064616 | lrm: 1.00 | dt: 162ms | tok/sec: 1,619,799 | mfu: 39.1% | epoch: 1 | remaining: 165s    
step 00793 (45.1%) | loss: 3.058996 | lrm: 1.00 | dt: 182ms | tok/sec: 1,436,871 | mfu: 34.7% | epoch: 1 | remaining: 164s    
step 00794 (45.2%) | loss: 3.060778 | lrm: 1.00 | dt: 170ms | tok/sec: 1,542,749 | mfu: 37.3% | epoch: 1 | remaining: 164s    
step 00795 (45.2%) | loss: 3.063810 | lrm: 1.00 | dt: 165ms | tok/sec: 1,592,911 | mfu: 38.5% | epoch: 1 | remaining: 164s    
step 00796 (45.3%) | loss: 3.062368 | lrm: 1.00 | dt: 160ms | tok/sec: 1,633,627 | mfu: 39.5% | epoch: 1 | remaining: 164s    
step 00797 (45.3%) | loss: 3.064376 | lrm: 1.00 | dt: 192ms | tok/sec: 1,365,081 | mfu: 33.0% | epoch: 1 | remaining: 164s    
step 00798 (45.4%) | loss: 3.060957 | lrm: 1.00 | dt: 167ms | tok/sec: 1,570,706 | mfu: 38.0% | epoch: 1 | remaining: 164s    
step 00799 (45.5%) | loss: 3.053872 | lrm: 1.00 | dt: 248ms | tok/sec: 1,057,818 | mfu: 25.6% | epoch: 1 | remaining: 163s    
step 00800 (45.5%) | loss: 3.056551 | lrm: 1.00 | dt: 162ms | tok/sec: 1,622,758 | mfu: 39.2% | epoch: 1 | remaining: 163s    
step 00801 (45.6%) | loss: 3.055732 | lrm: 1.00 | dt: 162ms | tok/sec: 1,621,222 | mfu: 39.2% | epoch: 1 | remaining: 163s    
step 00802 (45.7%) | loss: 3.057337 | lrm: 1.00 | dt: 161ms | tok/sec: 1,628,081 | mfu: 39.3% | epoch: 1 | remaining: 163s    
step 00803 (45.7%) | loss: 3.052486 | lrm: 1.00 | dt: 161ms | tok/sec: 1,626,267 | mfu: 39.3% | epoch: 1 | remaining: 163s    
step 00804 (45.8%) | loss: 3.051407 | lrm: 1.00 | dt: 197ms | tok/sec: 1,327,325 | mfu: 32.1% | epoch: 1 | remaining: 163s    
step 00805 (45.8%) | loss: 3.051688 | lrm: 1.00 | dt: 175ms | tok/sec: 1,500,947 | mfu: 36.3% | epoch: 1 | remaining: 162s    
step 00806 (45.9%) | loss: 3.051224 | lrm: 1.00 | dt: 175ms | tok/sec: 1,502,218 | mfu: 36.3% | epoch: 1 | remaining: 162s    
step 00807 (45.9%) | loss: 3.050187 | lrm: 1.00 | dt: 168ms | tok/sec: 1,564,281 | mfu: 37.8% | epoch: 1 | remaining: 162s    
step 00808 (46.0%) | loss: 3.051728 | lrm: 1.00 | dt: 162ms | tok/sec: 1,621,758 | mfu: 39.2% | epoch: 1 | remaining: 162s    
step 00809 (46.1%) | loss: 3.050488 | lrm: 1.00 | dt: 160ms | tok/sec: 1,637,145 | mfu: 39.6% | epoch: 1 | remaining: 162s    
step 00810 (46.1%) | loss: 3.053201 | lrm: 1.00 | dt: 167ms | tok/sec: 1,566,383 | mfu: 37.8% | epoch: 1 | remaining: 162s    
step 00811 (46.2%) | loss: 3.053469 | lrm: 1.00 | dt: 184ms | tok/sec: 1,424,066 | mfu: 34.4% | epoch: 1 | remaining: 161s    
step 00812 (46.2%) | loss: 3.050135 | lrm: 1.00 | dt: 167ms | tok/sec: 1,566,858 | mfu: 37.9% | epoch: 1 | remaining: 161s    
step 00813 (46.3%) | loss: 3.053955 | lrm: 1.00 | dt: 163ms | tok/sec: 1,605,874 | mfu: 38.8% | epoch: 1 | remaining: 161s    
step 00814 (46.3%) | loss: 3.054052 | lrm: 1.00 | dt: 166ms | tok/sec: 1,579,689 | mfu: 38.2% | epoch: 1 | remaining: 161s    
step 00815 (46.4%) | loss: 3.056770 | lrm: 1.00 | dt: 164ms | tok/sec: 1,602,940 | mfu: 38.7% | epoch: 1 | remaining: 161s    
step 00816 (46.4%) | loss: 3.058853 | lrm: 1.00 | dt: 167ms | tok/sec: 1,570,672 | mfu: 37.9% | epoch: 1 | remaining: 160s    
step 00817 (46.5%) | loss: 3.051657 | lrm: 1.00 | dt: 184ms | tok/sec: 1,425,476 | mfu: 34.4% | epoch: 1 | remaining: 160s    
step 00818 (46.6%) | loss: 3.050337 | lrm: 1.00 | dt: 170ms | tok/sec: 1,546,499 | mfu: 37.4% | epoch: 1 | remaining: 160s    
step 00819 (46.6%) | loss: 3.052643 | lrm: 1.00 | dt: 161ms | tok/sec: 1,626,306 | mfu: 39.3% | epoch: 1 | remaining: 160s    
step 00820 (46.7%) | loss: 3.053940 | lrm: 1.00 | dt: 162ms | tok/sec: 1,619,002 | mfu: 39.1% | epoch: 1 | remaining: 160s    
step 00821 (46.7%) | loss: 3.060005 | lrm: 1.00 | dt: 170ms | tok/sec: 1,544,802 | mfu: 37.3% | epoch: 1 | remaining: 160s    
step 00822 (46.8%) | loss: 3.062816 | lrm: 1.00 | dt: 164ms | tok/sec: 1,597,674 | mfu: 38.6% | epoch: 1 | remaining: 159s    
step 00823 (46.8%) | loss: 3.068290 | lrm: 1.00 | dt: 171ms | tok/sec: 1,535,424 | mfu: 37.1% | epoch: 1 | remaining: 159s    
step 00824 (46.9%) | loss: 3.067081 | lrm: 1.00 | dt: 170ms | tok/sec: 1,543,299 | mfu: 37.3% | epoch: 1 | remaining: 159s    
step 00825 (47.0%) | loss: 3.064814 | lrm: 1.00 | dt: 163ms | tok/sec: 1,608,578 | mfu: 38.9% | epoch: 1 | remaining: 159s    
step 00826 (47.0%) | loss: 3.062150 | lrm: 1.00 | dt: 162ms | tok/sec: 1,620,068 | mfu: 39.1% | epoch: 1 | remaining: 159s    
step 00827 (47.1%) | loss: 3.065308 | lrm: 1.00 | dt: 212ms | tok/sec: 1,239,065 | mfu: 29.9% | epoch: 1 | remaining: 159s    
step 00828 (47.1%) | loss: 3.066863 | lrm: 1.00 | dt: 169ms | tok/sec: 1,550,645 | mfu: 37.5% | epoch: 1 | remaining: 158s    
step 00829 (47.2%) | loss: 3.064979 | lrm: 1.00 | dt: 159ms | tok/sec: 1,647,287 | mfu: 39.8% | epoch: 1 | remaining: 158s    
step 00830 (47.2%) | loss: 3.056259 | lrm: 1.00 | dt: 164ms | tok/sec: 1,594,609 | mfu: 38.5% | epoch: 1 | remaining: 158s    
step 00831 (47.3%) | loss: 3.055343 | lrm: 1.00 | dt: 165ms | tok/sec: 1,587,407 | mfu: 38.4% | epoch: 1 | remaining: 158s    
step 00832 (47.3%) | loss: 3.057648 | lrm: 1.00 | dt: 168ms | tok/sec: 1,563,636 | mfu: 37.8% | epoch: 1 | remaining: 158s    
step 00833 (47.4%) | loss: 3.060037 | lrm: 1.00 | dt: 172ms | tok/sec: 1,526,775 | mfu: 36.9% | epoch: 1 | remaining: 158s    
step 00834 (47.5%) | loss: 3.058582 | lrm: 1.00 | dt: 169ms | tok/sec: 1,552,688 | mfu: 37.5% | epoch: 1 | remaining: 157s    
step 00835 (47.5%) | loss: 3.061814 | lrm: 1.00 | dt: 163ms | tok/sec: 1,607,574 | mfu: 38.8% | epoch: 1 | remaining: 157s    
step 00836 (47.6%) | loss: 3.063908 | lrm: 1.00 | dt: 165ms | tok/sec: 1,592,707 | mfu: 38.5% | epoch: 1 | remaining: 157s    
step 00837 (47.6%) | loss: 3.064023 | lrm: 1.00 | dt: 247ms | tok/sec: 1,062,378 | mfu: 25.7% | epoch: 1 | remaining: 157s    
step 00838 (47.7%) | loss: 3.065099 | lrm: 1.00 | dt: 159ms | tok/sec: 1,652,970 | mfu: 39.9% | epoch: 1 | remaining: 157s    
step 00839 (47.8%) | loss: 3.058250 | lrm: 1.00 | dt: 171ms | tok/sec: 1,529,512 | mfu: 37.0% | epoch: 1 | remaining: 157s    
step 00840 (47.8%) | loss: 3.057054 | lrm: 1.00 | dt: 161ms | tok/sec: 1,628,445 | mfu: 39.3% | epoch: 1 | remaining: 156s    
step 00841 (47.9%) | loss: 3.055793 | lrm: 1.00 | dt: 197ms | tok/sec: 1,333,740 | mfu: 32.2% | epoch: 1 | remaining: 156s    
step 00842 (47.9%) | loss: 3.053623 | lrm: 1.00 | dt: 159ms | tok/sec: 1,645,549 | mfu: 39.8% | epoch: 1 | remaining: 156s    
step 00843 (48.0%) | loss: 3.050094 | lrm: 1.00 | dt: 190ms | tok/sec: 1,381,273 | mfu: 33.4% | epoch: 1 | remaining: 156s    
step 00844 (48.1%) | loss: 3.052143 | lrm: 1.00 | dt: 218ms | tok/sec: 1,203,526 | mfu: 29.1% | epoch: 1 | remaining: 156s    
step 00845 (48.1%) | loss: 3.051600 | lrm: 1.00 | dt: 161ms | tok/sec: 1,628,664 | mfu: 39.4% | epoch: 1 | remaining: 155s    
step 00846 (48.2%) | loss: 3.046377 | lrm: 1.00 | dt: 184ms | tok/sec: 1,425,645 | mfu: 34.4% | epoch: 1 | remaining: 155s    
step 00847 (48.2%) | loss: 3.053488 | lrm: 1.00 | dt: 159ms | tok/sec: 1,647,080 | mfu: 39.8% | epoch: 1 | remaining: 155s    
step 00848 (48.3%) | loss: 3.050889 | lrm: 1.00 | dt: 164ms | tok/sec: 1,597,609 | mfu: 38.6% | epoch: 1 | remaining: 155s    
step 00849 (48.4%) | loss: 3.053281 | lrm: 1.00 | dt: 165ms | tok/sec: 1,587,992 | mfu: 38.4% | epoch: 1 | remaining: 155s    
step 00850 (48.4%) | loss: 3.053973 | lrm: 1.00 | dt: 178ms | tok/sec: 1,469,807 | mfu: 35.5% | epoch: 1 | remaining: 155s    
step 00851 (48.5%) | loss: 3.055338 | lrm: 1.00 | dt: 178ms | tok/sec: 1,470,316 | mfu: 35.5% | epoch: 1 | remaining: 154s    
step 00852 (48.5%) | loss: 3.052465 | lrm: 1.00 | dt: 160ms | tok/sec: 1,634,842 | mfu: 39.5% | epoch: 1 | remaining: 154s    
step 00853 (48.6%) | loss: 3.048346 | lrm: 1.00 | dt: 181ms | tok/sec: 1,452,087 | mfu: 35.1% | epoch: 1 | remaining: 154s    
step 00854 (48.6%) | loss: 3.049821 | lrm: 1.00 | dt: 160ms | tok/sec: 1,641,370 | mfu: 39.7% | epoch: 1 | remaining: 154s    
step 00855 (48.7%) | loss: 3.050939 | lrm: 1.00 | dt: 180ms | tok/sec: 1,456,395 | mfu: 35.2% | epoch: 1 | remaining: 154s    
step 00856 (48.8%) | loss: 3.050343 | lrm: 1.00 | dt: 163ms | tok/sec: 1,609,381 | mfu: 38.9% | epoch: 1 | remaining: 154s    
step 00857 (48.8%) | loss: 3.048344 | lrm: 1.00 | dt: 171ms | tok/sec: 1,534,664 | mfu: 37.1% | epoch: 1 | remaining: 153s    
step 00858 (48.9%) | loss: 3.049412 | lrm: 1.00 | dt: 163ms | tok/sec: 1,611,903 | mfu: 38.9% | epoch: 1 | remaining: 153s    
step 00859 (48.9%) | loss: 3.044377 | lrm: 1.00 | dt: 167ms | tok/sec: 1,568,172 | mfu: 37.9% | epoch: 1 | remaining: 153s    
step 00860 (49.0%) | loss: 3.041882 | lrm: 1.00 | dt: 204ms | tok/sec: 1,285,599 | mfu: 31.1% | epoch: 1 | remaining: 153s    
step 00861 (49.0%) | loss: 3.044974 | lrm: 1.00 | dt: 159ms | tok/sec: 1,644,446 | mfu: 39.7% | epoch: 1 | remaining: 153s    
step 00862 (49.1%) | loss: 3.049452 | lrm: 1.00 | dt: 181ms | tok/sec: 1,450,479 | mfu: 35.0% | epoch: 1 | remaining: 153s    
step 00863 (49.2%) | loss: 3.050284 | lrm: 1.00 | dt: 159ms | tok/sec: 1,648,712 | mfu: 39.8% | epoch: 1 | remaining: 152s    
step 00864 (49.2%) | loss: 3.049882 | lrm: 1.00 | dt: 170ms | tok/sec: 1,542,940 | mfu: 37.3% | epoch: 1 | remaining: 152s    
step 00865 (49.3%) | loss: 3.049263 | lrm: 1.00 | dt: 162ms | tok/sec: 1,621,081 | mfu: 39.2% | epoch: 1 | remaining: 152s    
step 00866 (49.3%) | loss: 3.052156 | lrm: 1.00 | dt: 173ms | tok/sec: 1,517,063 | mfu: 36.7% | epoch: 1 | remaining: 152s    
step 00867 (49.4%) | loss: 3.049338 | lrm: 1.00 | dt: 200ms | tok/sec: 1,308,470 | mfu: 31.6% | epoch: 1 | remaining: 152s    
step 00868 (49.4%) | loss: 3.049673 | lrm: 1.00 | dt: 192ms | tok/sec: 1,362,645 | mfu: 32.9% | epoch: 1 | remaining: 151s    
step 00869 (49.5%) | loss: 3.054137 | lrm: 1.00 | dt: 201ms | tok/sec: 1,307,330 | mfu: 31.6% | epoch: 1 | remaining: 151s    
step 00870 (49.6%) | loss: 3.053869 | lrm: 1.00 | dt: 161ms | tok/sec: 1,626,316 | mfu: 39.3% | epoch: 1 | remaining: 151s    
step 00871 (49.6%) | loss: 3.049784 | lrm: 1.00 | dt: 162ms | tok/sec: 1,619,555 | mfu: 39.1% | epoch: 1 | remaining: 151s    
step 00872 (49.7%) | loss: 3.052805 | lrm: 1.00 | dt: 223ms | tok/sec: 1,173,593 | mfu: 28.4% | epoch: 1 | remaining: 151s    
step 00873 (49.8%) | loss: 3.054946 | lrm: 1.00 | dt: 159ms | tok/sec: 1,644,921 | mfu: 39.7% | epoch: 1 | remaining: 151s    
step 00874 (49.8%) | loss: 3.053601 | lrm: 1.00 | dt: 182ms | tok/sec: 1,437,988 | mfu: 34.7% | epoch: 1 | remaining: 150s    
step 00875 (49.9%) | loss: 3.057510 | lrm: 1.00 | dt: 161ms | tok/sec: 1,627,678 | mfu: 39.3% | epoch: 1 | remaining: 150s    
step 00876 (49.9%) | loss: 3.052462 | lrm: 1.00 | dt: 213ms | tok/sec: 1,229,770 | mfu: 29.7% | epoch: 1 | remaining: 150s    
step 00877 (50.0%) | loss: 3.053844 | lrm: 1.00 | dt: 160ms | tok/sec: 1,638,277 | mfu: 39.6% | epoch: 1 | remaining: 150s    
step 00878 (50.0%) | loss: 3.052839 | lrm: 1.00 | dt: 165ms | tok/sec: 1,586,759 | mfu: 38.3% | epoch: 1 | remaining: 150s    
step 00879 (50.1%) | loss: 3.054331 | lrm: 1.00 | dt: 181ms | tok/sec: 1,449,053 | mfu: 35.0% | epoch: 1 | remaining: 150s    
step 00880 (50.2%) | loss: 3.053283 | lrm: 1.00 | dt: 217ms | tok/sec: 1,205,340 | mfu: 29.1% | epoch: 1 | remaining: 149s    
step 00881 (50.2%) | loss: 3.052402 | lrm: 1.00 | dt: 182ms | tok/sec: 1,437,352 | mfu: 34.7% | epoch: 1 | remaining: 149s    
step 00882 (50.3%) | loss: 3.051437 | lrm: 0.99 | dt: 160ms | tok/sec: 1,638,653 | mfu: 39.6% | epoch: 1 | remaining: 149s    
step 00883 (50.3%) | loss: 3.059820 | lrm: 0.99 | dt: 172ms | tok/sec: 1,523,510 | mfu: 36.8% | epoch: 1 | remaining: 149s    
step 00884 (50.4%) | loss: 3.057032 | lrm: 0.99 | dt: 161ms | tok/sec: 1,626,253 | mfu: 39.3% | epoch: 1 | remaining: 149s    
step 00885 (50.5%) | loss: 3.059656 | lrm: 0.99 | dt: 163ms | tok/sec: 1,608,378 | mfu: 38.9% | epoch: 1 | remaining: 148s    
step 00886 (50.5%) | loss: 3.059003 | lrm: 0.99 | dt: 175ms | tok/sec: 1,496,787 | mfu: 36.2% | epoch: 1 | remaining: 148s    
step 00887 (50.6%) | loss: 3.054004 | lrm: 0.99 | dt: 173ms | tok/sec: 1,511,036 | mfu: 36.5% | epoch: 1 | remaining: 148s    
step 00888 (50.6%) | loss: 3.055519 | lrm: 0.99 | dt: 166ms | tok/sec: 1,581,762 | mfu: 38.2% | epoch: 1 | remaining: 148s    
step 00889 (50.7%) | loss: 3.059277 | lrm: 0.99 | dt: 161ms | tok/sec: 1,627,888 | mfu: 39.3% | epoch: 1 | remaining: 148s    
step 00890 (50.7%) | loss: 3.060399 | lrm: 0.99 | dt: 163ms | tok/sec: 1,608,241 | mfu: 38.9% | epoch: 1 | remaining: 148s    
step 00891 (50.8%) | loss: 3.060665 | lrm: 0.98 | dt: 165ms | tok/sec: 1,592,175 | mfu: 38.5% | epoch: 1 | remaining: 147s    
step 00892 (50.8%) | loss: 3.058477 | lrm: 0.98 | dt: 169ms | tok/sec: 1,546,897 | mfu: 37.4% | epoch: 1 | remaining: 147s    
step 00893 (50.9%) | loss: 3.057034 | lrm: 0.98 | dt: 178ms | tok/sec: 1,470,607 | mfu: 35.5% | epoch: 1 | remaining: 147s    
step 00894 (51.0%) | loss: 3.051654 | lrm: 0.98 | dt: 162ms | tok/sec: 1,618,592 | mfu: 39.1% | epoch: 1 | remaining: 147s    
step 00895 (51.0%) | loss: 3.045937 | lrm: 0.98 | dt: 168ms | tok/sec: 1,564,566 | mfu: 37.8% | epoch: 1 | remaining: 147s    
step 00896 (51.1%) | loss: 3.048643 | lrm: 0.98 | dt: 161ms | tok/sec: 1,625,291 | mfu: 39.3% | epoch: 1 | remaining: 147s    
step 00897 (51.1%) | loss: 3.048070 | lrm: 0.98 | dt: 167ms | tok/sec: 1,569,878 | mfu: 37.9% | epoch: 1 | remaining: 146s    
step 00898 (51.2%) | loss: 3.045563 | lrm: 0.98 | dt: 168ms | tok/sec: 1,564,840 | mfu: 37.8% | epoch: 1 | remaining: 146s    
step 00899 (51.2%) | loss: 3.046220 | lrm: 0.98 | dt: 172ms | tok/sec: 1,523,293 | mfu: 36.8% | epoch: 1 | remaining: 146s    
step 00900 (51.3%) | loss: 3.041874 | lrm: 0.97 | dt: 198ms | tok/sec: 1,323,553 | mfu: 32.0% | epoch: 1 | remaining: 146s    
step 00901 (51.4%) | loss: 3.041098 | lrm: 0.97 | dt: 160ms | tok/sec: 1,642,530 | mfu: 39.7% | epoch: 1 | remaining: 146s    
step 00902 (51.4%) | loss: 3.044877 | lrm: 0.97 | dt: 160ms | tok/sec: 1,636,221 | mfu: 39.5% | epoch: 1 | remaining: 146s    
step 00903 (51.5%) | loss: 3.043299 | lrm: 0.97 | dt: 178ms | tok/sec: 1,473,522 | mfu: 35.6% | epoch: 1 | remaining: 145s    
step 00904 (51.5%) | loss: 3.046981 | lrm: 0.97 | dt: 163ms | tok/sec: 1,608,849 | mfu: 38.9% | epoch: 1 | remaining: 145s    
step 00905 (51.6%) | loss: 3.042218 | lrm: 0.97 | dt: 167ms | tok/sec: 1,571,060 | mfu: 38.0% | epoch: 1 | remaining: 145s    
step 00906 (51.6%) | loss: 3.039551 | lrm: 0.97 | dt: 174ms | tok/sec: 1,507,382 | mfu: 36.4% | epoch: 1 | remaining: 145s    
step 00907 (51.7%) | loss: 3.042355 | lrm: 0.97 | dt: 166ms | tok/sec: 1,582,650 | mfu: 38.2% | epoch: 1 | remaining: 145s    
step 00908 (51.8%) | loss: 3.039608 | lrm: 0.96 | dt: 162ms | tok/sec: 1,622,526 | mfu: 39.2% | epoch: 1 | remaining: 145s    
step 00909 (51.8%) | loss: 3.036311 | lrm: 0.96 | dt: 167ms | tok/sec: 1,566,508 | mfu: 37.8% | epoch: 1 | remaining: 144s    
step 00910 (51.9%) | loss: 3.033215 | lrm: 0.96 | dt: 164ms | tok/sec: 1,596,883 | mfu: 38.6% | epoch: 1 | remaining: 144s    
step 00911 (51.9%) | loss: 3.035678 | lrm: 0.96 | dt: 186ms | tok/sec: 1,409,086 | mfu: 34.0% | epoch: 1 | remaining: 144s    
step 00912 (52.0%) | loss: 3.035636 | lrm: 0.96 | dt: 206ms | tok/sec: 1,271,371 | mfu: 30.7% | epoch: 1 | remaining: 144s    
step 00913 (52.0%) | loss: 3.037420 | lrm: 0.96 | dt: 208ms | tok/sec: 1,259,531 | mfu: 30.4% | epoch: 1 | remaining: 144s    
step 00914 (52.1%) | loss: 3.036035 | lrm: 0.96 | dt: 231ms | tok/sec: 1,136,510 | mfu: 27.5% | epoch: 1 | remaining: 143s    
step 00915 (52.2%) | loss: 3.036465 | lrm: 0.96 | dt: 160ms | tok/sec: 1,643,446 | mfu: 39.7% | epoch: 1 | remaining: 143s    
step 00916 (52.2%) | loss: 3.032335 | lrm: 0.96 | dt: 168ms | tok/sec: 1,560,000 | mfu: 37.7% | epoch: 1 | remaining: 143s    
step 00917 (52.3%) | loss: 3.031992 | lrm: 0.95 | dt: 176ms | tok/sec: 1,491,332 | mfu: 36.0% | epoch: 1 | remaining: 143s    
step 00918 (52.4%) | loss: 3.034684 | lrm: 0.95 | dt: 162ms | tok/sec: 1,616,132 | mfu: 39.0% | epoch: 1 | remaining: 143s    
step 00919 (52.4%) | loss: 3.035156 | lrm: 0.95 | dt: 162ms | tok/sec: 1,621,074 | mfu: 39.2% | epoch: 1 | remaining: 143s    
step 00920 (52.5%) | loss: 3.037659 | lrm: 0.95 | dt: 178ms | tok/sec: 1,469,440 | mfu: 35.5% | epoch: 1 | remaining: 142s    
step 00921 (52.5%) | loss: 3.036210 | lrm: 0.95 | dt: 177ms | tok/sec: 1,481,154 | mfu: 35.8% | epoch: 1 | remaining: 142s    
step 00922 (52.6%) | loss: 3.039902 | lrm: 0.95 | dt: 163ms | tok/sec: 1,605,405 | mfu: 38.8% | epoch: 1 | remaining: 142s    
step 00923 (52.6%) | loss: 3.038513 | lrm: 0.95 | dt: 172ms | tok/sec: 1,524,852 | mfu: 36.8% | epoch: 1 | remaining: 142s    
step 00924 (52.7%) | loss: 3.040359 | lrm: 0.95 | dt: 162ms | tok/sec: 1,618,552 | mfu: 39.1% | epoch: 1 | remaining: 142s    
step 00925 (52.8%) | loss: 3.039318 | lrm: 0.94 | dt: 176ms | tok/sec: 1,486,728 | mfu: 35.9% | epoch: 1 | remaining: 142s    
step 00926 (52.8%) | loss: 3.039246 | lrm: 0.94 | dt: 171ms | tok/sec: 1,535,206 | mfu: 37.1% | epoch: 1 | remaining: 141s    
step 00927 (52.9%) | loss: 3.037508 | lrm: 0.94 | dt: 165ms | tok/sec: 1,590,178 | mfu: 38.4% | epoch: 1 | remaining: 141s    
step 00928 (52.9%) | loss: 3.039553 | lrm: 0.94 | dt: 271ms | tok/sec: 968,534 | mfu: 23.4% | epoch: 1 | remaining: 141s    
step 00929 (53.0%) | loss: 3.042492 | lrm: 0.94 | dt: 168ms | tok/sec: 1,559,969 | mfu: 37.7% | epoch: 1 | remaining: 141s    
step 00930 (53.1%) | loss: 3.042765 | lrm: 0.94 | dt: 174ms | tok/sec: 1,505,489 | mfu: 36.4% | epoch: 1 | remaining: 141s    
step 00931 (53.1%) | loss: 3.037397 | lrm: 0.94 | dt: 178ms | tok/sec: 1,468,804 | mfu: 35.5% | epoch: 1 | remaining: 140s    
step 00932 (53.2%) | loss: 3.034559 | lrm: 0.94 | dt: 163ms | tok/sec: 1,612,078 | mfu: 39.0% | epoch: 1 | remaining: 140s    
step 00933 (53.2%) | loss: 3.034355 | lrm: 0.94 | dt: 161ms | tok/sec: 1,627,175 | mfu: 39.3% | epoch: 1 | remaining: 140s    
step 00934 (53.3%) | loss: 3.033860 | lrm: 0.93 | dt: 173ms | tok/sec: 1,511,728 | mfu: 36.5% | epoch: 1 | remaining: 140s    
step 00935 (53.4%) | loss: 3.030260 | lrm: 0.93 | dt: 171ms | tok/sec: 1,535,710 | mfu: 37.1% | epoch: 1 | remaining: 140s    
step 00936 (53.4%) | loss: 3.033003 | lrm: 0.93 | dt: 165ms | tok/sec: 1,584,959 | mfu: 38.3% | epoch: 1 | remaining: 140s    
step 00937 (53.5%) | loss: 3.033417 | lrm: 0.93 | dt: 193ms | tok/sec: 1,360,288 | mfu: 32.9% | epoch: 1 | remaining: 139s    
step 00938 (53.5%) | loss: 3.039265 | lrm: 0.93 | dt: 167ms | tok/sec: 1,568,823 | mfu: 37.9% | epoch: 1 | remaining: 139s    
step 00939 (53.6%) | loss: 3.033890 | lrm: 0.93 | dt: 174ms | tok/sec: 1,507,268 | mfu: 36.4% | epoch: 1 | remaining: 139s    
step 00940 (53.6%) | loss: 3.036060 | lrm: 0.93 | dt: 162ms | tok/sec: 1,622,157 | mfu: 39.2% | epoch: 1 | remaining: 139s    
step 00941 (53.7%) | loss: 3.027203 | lrm: 0.93 | dt: 165ms | tok/sec: 1,587,419 | mfu: 38.4% | epoch: 1 | remaining: 139s    
step 00942 (53.8%) | loss: 3.030851 | lrm: 0.92 | dt: 170ms | tok/sec: 1,541,802 | mfu: 37.3% | epoch: 1 | remaining: 139s    
step 00943 (53.8%) | loss: 3.027973 | lrm: 0.92 | dt: 166ms | tok/sec: 1,575,994 | mfu: 38.1% | epoch: 1 | remaining: 138s    
step 00944 (53.9%) | loss: 3.029590 | lrm: 0.92 | dt: 172ms | tok/sec: 1,522,517 | mfu: 36.8% | epoch: 1 | remaining: 138s    
step 00945 (53.9%) | loss: 3.029183 | lrm: 0.92 | dt: 161ms | tok/sec: 1,623,451 | mfu: 39.2% | epoch: 1 | remaining: 138s    
step 00946 (54.0%) | loss: 3.022016 | lrm: 0.92 | dt: 169ms | tok/sec: 1,546,873 | mfu: 37.4% | epoch: 1 | remaining: 138s    
step 00947 (54.0%) | loss: 3.023742 | lrm: 0.92 | dt: 164ms | tok/sec: 1,600,742 | mfu: 38.7% | epoch: 1 | remaining: 138s    
step 00948 (54.1%) | loss: 3.021474 | lrm: 0.92 | dt: 168ms | tok/sec: 1,562,540 | mfu: 37.8% | epoch: 1 | remaining: 138s    
step 00949 (54.1%) | loss: 3.022116 | lrm: 0.92 | dt: 178ms | tok/sec: 1,475,791 | mfu: 35.7% | epoch: 1 | remaining: 137s    
step 00950 (54.2%) | loss: 3.019202 | lrm: 0.92 | dt: 165ms | tok/sec: 1,591,373 | mfu: 38.5% | epoch: 1 | remaining: 137s    
step 00951 (54.3%) | loss: 3.021461 | lrm: 0.91 | dt: 183ms | tok/sec: 1,434,925 | mfu: 34.7% | epoch: 1 | remaining: 137s    
step 00952 (54.3%) | loss: 3.027539 | lrm: 0.91 | dt: 177ms | tok/sec: 1,482,259 | mfu: 35.8% | epoch: 1 | remaining: 137s    
step 00953 (54.4%) | loss: 3.033142 | lrm: 0.91 | dt: 166ms | tok/sec: 1,575,744 | mfu: 38.1% | epoch: 1 | remaining: 137s    
step 00954 (54.4%) | loss: 3.034104 | lrm: 0.91 | dt: 175ms | tok/sec: 1,498,729 | mfu: 36.2% | epoch: 1 | remaining: 137s    
step 00955 (54.5%) | loss: 3.028936 | lrm: 0.91 | dt: 163ms | tok/sec: 1,609,313 | mfu: 38.9% | epoch: 1 | remaining: 136s    
step 00956 (54.5%) | loss: 3.027806 | lrm: 0.91 | dt: 171ms | tok/sec: 1,534,490 | mfu: 37.1% | epoch: 1 | remaining: 136s    
step 00957 (54.6%) | loss: 3.028042 | lrm: 0.91 | dt: 164ms | tok/sec: 1,599,785 | mfu: 38.7% | epoch: 1 | remaining: 136s    
step 00958 (54.7%) | loss: 3.031666 | lrm: 0.91 | dt: 183ms | tok/sec: 1,432,554 | mfu: 34.6% | epoch: 1 | remaining: 136s    
step 00959 (54.7%) | loss: 3.027338 | lrm: 0.91 | dt: 211ms | tok/sec: 1,241,488 | mfu: 30.0% | epoch: 1 | remaining: 136s    
step 00960 (54.8%) | loss: 3.026300 | lrm: 0.90 | dt: 160ms | tok/sec: 1,642,461 | mfu: 39.7% | epoch: 1 | remaining: 135s    
step 00961 (54.8%) | loss: 3.024757 | lrm: 0.90 | dt: 179ms | tok/sec: 1,467,884 | mfu: 35.5% | epoch: 1 | remaining: 135s    
step 00962 (54.9%) | loss: 3.024144 | lrm: 0.90 | dt: 163ms | tok/sec: 1,612,544 | mfu: 39.0% | epoch: 1 | remaining: 135s    
step 00963 (55.0%) | loss: 3.024239 | lrm: 0.90 | dt: 179ms | tok/sec: 1,468,553 | mfu: 35.5% | epoch: 1 | remaining: 135s    
step 00964 (55.0%) | loss: 3.022390 | lrm: 0.90 | dt: 163ms | tok/sec: 1,604,386 | mfu: 38.8% | epoch: 1 | remaining: 135s    
step 00965 (55.1%) | loss: 3.021493 | lrm: 0.90 | dt: 221ms | tok/sec: 1,183,526 | mfu: 28.6% | epoch: 1 | remaining: 135s    
step 00966 (55.1%) | loss: 3.021371 | lrm: 0.90 | dt: 160ms | tok/sec: 1,642,690 | mfu: 39.7% | epoch: 1 | remaining: 134s    
step 00967 (55.2%) | loss: 3.022529 | lrm: 0.90 | dt: 163ms | tok/sec: 1,610,307 | mfu: 38.9% | epoch: 1 | remaining: 134s    
step 00968 (55.2%) | loss: 3.019353 | lrm: 0.90 | dt: 161ms | tok/sec: 1,631,584 | mfu: 39.4% | epoch: 1 | remaining: 134s    
step 00969 (55.3%) | loss: 3.018151 | lrm: 0.89 | dt: 161ms | tok/sec: 1,632,042 | mfu: 39.4% | epoch: 1 | remaining: 134s    
step 00970 (55.4%) | loss: 3.014771 | lrm: 0.89 | dt: 164ms | tok/sec: 1,598,678 | mfu: 38.6% | epoch: 1 | remaining: 134s    
step 00971 (55.4%) | loss: 3.011827 | lrm: 0.89 | dt: 177ms | tok/sec: 1,481,813 | mfu: 35.8% | epoch: 1 | remaining: 134s    
step 00972 (55.5%) | loss: 3.005710 | lrm: 0.89 | dt: 186ms | tok/sec: 1,410,932 | mfu: 34.1% | epoch: 1 | remaining: 133s    
step 00973 (55.5%) | loss: 3.004329 | lrm: 0.89 | dt: 161ms | tok/sec: 1,625,371 | mfu: 39.3% | epoch: 1 | remaining: 133s    
step 00974 (55.6%) | loss: 3.001983 | lrm: 0.89 | dt: 162ms | tok/sec: 1,613,552 | mfu: 39.0% | epoch: 1 | remaining: 133s    
step 00975 (55.6%) | loss: 3.000349 | lrm: 0.89 | dt: 193ms | tok/sec: 1,359,930 | mfu: 32.9% | epoch: 1 | remaining: 133s    
step 00976 (55.7%) | loss: 2.997805 | lrm: 0.89 | dt: 164ms | tok/sec: 1,602,270 | mfu: 38.7% | epoch: 1 | remaining: 133s    
step 00977 (55.8%) | loss: 2.998693 | lrm: 0.88 | dt: 198ms | tok/sec: 1,320,768 | mfu: 31.9% | epoch: 1 | remaining: 133s    
step 00978 (55.8%) | loss: 2.996373 | lrm: 0.88 | dt: 161ms | tok/sec: 1,626,426 | mfu: 39.3% | epoch: 1 | remaining: 132s    
step 00979 (55.9%) | loss: 2.996051 | lrm: 0.88 | dt: 161ms | tok/sec: 1,627,770 | mfu: 39.3% | epoch: 1 | remaining: 132s    
step 00980 (55.9%) | loss: 2.992913 | lrm: 0.88 | dt: 162ms | tok/sec: 1,617,007 | mfu: 39.1% | epoch: 1 | remaining: 132s    
step 00981 (56.0%) | loss: 2.994868 | lrm: 0.88 | dt: 169ms | tok/sec: 1,552,747 | mfu: 37.5% | epoch: 1 | remaining: 132s    
step 00982 (56.0%) | loss: 2.992632 | lrm: 0.88 | dt: 165ms | tok/sec: 1,591,619 | mfu: 38.5% | epoch: 1 | remaining: 132s    
step 00983 (56.1%) | loss: 2.992011 | lrm: 0.88 | dt: 174ms | tok/sec: 1,502,489 | mfu: 36.3% | epoch: 1 | remaining: 132s    
step 00984 (56.2%) | loss: 2.989812 | lrm: 0.88 | dt: 182ms | tok/sec: 1,436,933 | mfu: 34.7% | epoch: 1 | remaining: 131s    
step 00985 (56.2%) | loss: 2.997682 | lrm: 0.88 | dt: 177ms | tok/sec: 1,484,995 | mfu: 35.9% | epoch: 1 | remaining: 131s    
step 00986 (56.3%) | loss: 2.995774 | lrm: 0.87 | dt: 186ms | tok/sec: 1,411,820 | mfu: 34.1% | epoch: 1 | remaining: 131s    
step 00987 (56.3%) | loss: 3.002206 | lrm: 0.87 | dt: 159ms | tok/sec: 1,650,058 | mfu: 39.9% | epoch: 1 | remaining: 131s    
step 00988 (56.4%) | loss: 3.005077 | lrm: 0.87 | dt: 162ms | tok/sec: 1,616,420 | mfu: 39.1% | epoch: 1 | remaining: 131s    
step 00989 (56.4%) | loss: 3.007690 | lrm: 0.87 | dt: 170ms | tok/sec: 1,546,040 | mfu: 37.4% | epoch: 1 | remaining: 130s    
step 00990 (56.5%) | loss: 3.003812 | lrm: 0.87 | dt: 167ms | tok/sec: 1,572,417 | mfu: 38.0% | epoch: 1 | remaining: 130s    
step 00991 (56.6%) | loss: 3.003478 | lrm: 0.87 | dt: 167ms | tok/sec: 1,571,449 | mfu: 38.0% | epoch: 1 | remaining: 130s    
step 00992 (56.6%) | loss: 3.000081 | lrm: 0.87 | dt: 168ms | tok/sec: 1,558,545 | mfu: 37.7% | epoch: 1 | remaining: 130s    
step 00993 (56.7%) | loss: 3.000251 | lrm: 0.87 | dt: 161ms | tok/sec: 1,628,155 | mfu: 39.3% | epoch: 1 | remaining: 130s    
step 00994 (56.7%) | loss: 3.001293 | lrm: 0.87 | dt: 189ms | tok/sec: 1,385,256 | mfu: 33.5% | epoch: 1 | remaining: 130s    
step 00995 (56.8%) | loss: 3.002518 | lrm: 0.86 | dt: 161ms | tok/sec: 1,628,640 | mfu: 39.4% | epoch: 1 | remaining: 129s    
step 00996 (56.8%) | loss: 3.003110 | lrm: 0.86 | dt: 171ms | tok/sec: 1,530,411 | mfu: 37.0% | epoch: 1 | remaining: 129s    
step 00997 (56.9%) | loss: 3.002242 | lrm: 0.86 | dt: 164ms | tok/sec: 1,595,680 | mfu: 38.6% | epoch: 1 | remaining: 129s    
step 00998 (57.0%) | loss: 3.002014 | lrm: 0.86 | dt: 168ms | tok/sec: 1,557,858 | mfu: 37.6% | epoch: 1 | remaining: 129s    
step 00999 (57.0%) | loss: 3.006002 | lrm: 0.86 | dt: 162ms | tok/sec: 1,615,935 | mfu: 39.0% | epoch: 1 | remaining: 129s    
step 01000 (57.1%) | loss: 3.004596 | lrm: 0.86 | dt: 169ms | tok/sec: 1,547,938 | mfu: 37.4% | epoch: 1 | remaining: 129s    
step 01001 (57.1%) | loss: 3.010213 | lrm: 0.86 | dt: 191ms | tok/sec: 1,374,771 | mfu: 33.2% | epoch: 1 | remaining: 128s    
step 01002 (57.2%) | loss: 3.010009 | lrm: 0.86 | dt: 159ms | tok/sec: 1,645,468 | mfu: 39.8% | epoch: 1 | remaining: 128s    
step 01003 (57.2%) | loss: 3.004933 | lrm: 0.86 | dt: 164ms | tok/sec: 1,596,387 | mfu: 38.6% | epoch: 1 | remaining: 128s    
step 01004 (57.3%) | loss: 3.001452 | lrm: 0.85 | dt: 165ms | tok/sec: 1,587,579 | mfu: 38.4% | epoch: 1 | remaining: 128s    
step 01005 (57.3%) | loss: 2.999612 | lrm: 0.85 | dt: 168ms | tok/sec: 1,560,126 | mfu: 37.7% | epoch: 1 | remaining: 128s    
step 01006 (57.4%) | loss: 2.999396 | lrm: 0.85 | dt: 166ms | tok/sec: 1,578,977 | mfu: 38.2% | epoch: 1 | remaining: 128s    
step 01007 (57.5%) | loss: 3.001965 | lrm: 0.85 | dt: 169ms | tok/sec: 1,547,729 | mfu: 37.4% | epoch: 1 | remaining: 127s    
step 01008 (57.5%) | loss: 2.993459 | lrm: 0.85 | dt: 170ms | tok/sec: 1,545,558 | mfu: 37.3% | epoch: 1 | remaining: 127s    
step 01009 (57.6%) | loss: 2.992472 | lrm: 0.85 | dt: 168ms | tok/sec: 1,562,516 | mfu: 37.8% | epoch: 1 | remaining: 127s    
step 01010 (57.6%) | loss: 2.993829 | lrm: 0.85 | dt: 163ms | tok/sec: 1,608,272 | mfu: 38.9% | epoch: 1 | remaining: 127s    
step 01011 (57.7%) | loss: 2.992307 | lrm: 0.85 | dt: 166ms | tok/sec: 1,574,784 | mfu: 38.0% | epoch: 1 | remaining: 127s    
step 01012 (57.7%) | loss: 2.994837 | lrm: 0.85 | dt: 166ms | tok/sec: 1,579,801 | mfu: 38.2% | epoch: 1 | remaining: 127s    
step 01013 (57.8%) | loss: 2.994249 | lrm: 0.84 | dt: 167ms | tok/sec: 1,571,298 | mfu: 38.0% | epoch: 1 | remaining: 126s    
step 01014 (57.8%) | loss: 2.993978 | lrm: 0.84 | dt: 167ms | tok/sec: 1,570,789 | mfu: 38.0% | epoch: 1 | remaining: 126s    
step 01015 (57.9%) | loss: 2.998156 | lrm: 0.84 | dt: 165ms | tok/sec: 1,591,101 | mfu: 38.4% | epoch: 1 | remaining: 126s    
step 01016 (58.0%) | loss: 2.998062 | lrm: 0.84 | dt: 165ms | tok/sec: 1,590,988 | mfu: 38.4% | epoch: 1 | remaining: 126s    
step 01017 (58.0%) | loss: 2.999288 | lrm: 0.84 | dt: 169ms | tok/sec: 1,552,848 | mfu: 37.5% | epoch: 1 | remaining: 126s    
step 01018 (58.1%) | loss: 2.997764 | lrm: 0.84 | dt: 165ms | tok/sec: 1,589,826 | mfu: 38.4% | epoch: 1 | remaining: 126s    
step 01019 (58.1%) | loss: 2.993943 | lrm: 0.84 | dt: 165ms | tok/sec: 1,585,752 | mfu: 38.3% | epoch: 1 | remaining: 125s    
step 01020 (58.2%) | loss: 2.992319 | lrm: 0.84 | dt: 168ms | tok/sec: 1,558,388 | mfu: 37.7% | epoch: 1 | remaining: 125s    
step 01021 (58.2%) | loss: 2.993650 | lrm: 0.84 | dt: 167ms | tok/sec: 1,574,189 | mfu: 38.0% | epoch: 1 | remaining: 125s    
step 01022 (58.3%) | loss: 2.989174 | lrm: 0.83 | dt: 165ms | tok/sec: 1,591,235 | mfu: 38.4% | epoch: 1 | remaining: 125s    
step 01023 (58.3%) | loss: 2.985549 | lrm: 0.83 | dt: 164ms | tok/sec: 1,601,815 | mfu: 38.7% | epoch: 1 | remaining: 125s    
step 01024 (58.4%) | loss: 2.984626 | lrm: 0.83 | dt: 196ms | tok/sec: 1,338,802 | mfu: 32.3% | epoch: 1 | remaining: 125s    
step 01025 (58.5%) | loss: 2.988800 | lrm: 0.83 | dt: 161ms | tok/sec: 1,630,132 | mfu: 39.4% | epoch: 1 | remaining: 124s    
step 01026 (58.5%) | loss: 2.987023 | lrm: 0.83 | dt: 206ms | tok/sec: 1,269,966 | mfu: 30.7% | epoch: 1 | remaining: 124s    
step 01027 (58.6%) | loss: 2.983670 | lrm: 0.83 | dt: 160ms | tok/sec: 1,641,236 | mfu: 39.7% | epoch: 1 | remaining: 124s    
step 01028 (58.6%) | loss: 2.982939 | lrm: 0.83 | dt: 161ms | tok/sec: 1,631,451 | mfu: 39.4% | epoch: 1 | remaining: 124s    
step 01029 (58.7%) | loss: 2.980720 | lrm: 0.83 | dt: 171ms | tok/sec: 1,535,890 | mfu: 37.1% | epoch: 1 | remaining: 124s    
step 01030 (58.7%) | loss: 2.985320 | lrm: 0.83 | dt: 165ms | tok/sec: 1,586,539 | mfu: 38.3% | epoch: 1 | remaining: 124s    
step 01031 (58.8%) | loss: 2.986016 | lrm: 0.82 | dt: 169ms | tok/sec: 1,553,258 | mfu: 37.5% | epoch: 1 | remaining: 123s    
step 01032 (58.9%) | loss: 2.987998 | lrm: 0.82 | dt: 170ms | tok/sec: 1,540,081 | mfu: 37.2% | epoch: 1 | remaining: 123s    
step 01033 (58.9%) | loss: 2.991671 | lrm: 0.82 | dt: 181ms | tok/sec: 1,447,870 | mfu: 35.0% | epoch: 1 | remaining: 123s    
step 01034 (59.0%) | loss: 2.989126 | lrm: 0.82 | dt: 198ms | tok/sec: 1,324,002 | mfu: 32.0% | epoch: 1 | remaining: 123s    
step 01035 (59.0%) | loss: 2.993422 | lrm: 0.82 | dt: 160ms | tok/sec: 1,635,601 | mfu: 39.5% | epoch: 1 | remaining: 123s    
step 01036 (59.1%) | loss: 2.990480 | lrm: 0.82 | dt: 166ms | tok/sec: 1,577,274 | mfu: 38.1% | epoch: 1 | remaining: 123s    
step 01037 (59.2%) | loss: 2.990932 | lrm: 0.82 | dt: 164ms | tok/sec: 1,594,865 | mfu: 38.5% | epoch: 1 | remaining: 122s    
step 01038 (59.2%) | loss: 2.990320 | lrm: 0.82 | dt: 231ms | tok/sec: 1,132,891 | mfu: 27.4% | epoch: 1 | remaining: 122s    
step 01039 (59.3%) | loss: 2.988424 | lrm: 0.81 | dt: 160ms | tok/sec: 1,638,592 | mfu: 39.6% | epoch: 1 | remaining: 122s    
step 01040 (59.3%) | loss: 2.992569 | lrm: 0.81 | dt: 202ms | tok/sec: 1,296,421 | mfu: 31.3% | epoch: 1 | remaining: 122s    
step 01041 (59.4%) | loss: 2.993769 | lrm: 0.81 | dt: 160ms | tok/sec: 1,638,259 | mfu: 39.6% | epoch: 1 | remaining: 122s    
step 01042 (59.5%) | loss: 2.993052 | lrm: 0.81 | dt: 162ms | tok/sec: 1,617,728 | mfu: 39.1% | epoch: 1 | remaining: 121s    
step 01043 (59.5%) | loss: 2.991980 | lrm: 0.81 | dt: 167ms | tok/sec: 1,570,636 | mfu: 37.9% | epoch: 1 | remaining: 121s    
step 01044 (59.6%) | loss: 2.996621 | lrm: 0.81 | dt: 169ms | tok/sec: 1,551,967 | mfu: 37.5% | epoch: 1 | remaining: 121s    
step 01045 (59.6%) | loss: 2.995629 | lrm: 0.81 | dt: 185ms | tok/sec: 1,419,862 | mfu: 34.3% | epoch: 1 | remaining: 121s    
step 01046 (59.7%) | loss: 2.992351 | lrm: 0.81 | dt: 165ms | tok/sec: 1,590,473 | mfu: 38.4% | epoch: 1 | remaining: 121s    
step 01047 (59.7%) | loss: 2.993711 | lrm: 0.81 | dt: 165ms | tok/sec: 1,592,502 | mfu: 38.5% | epoch: 1 | remaining: 121s    
step 01048 (59.8%) | loss: 2.996199 | lrm: 0.80 | dt: 166ms | tok/sec: 1,574,836 | mfu: 38.1% | epoch: 1 | remaining: 120s    
step 01049 (59.9%) | loss: 2.995180 | lrm: 0.80 | dt: 166ms | tok/sec: 1,580,811 | mfu: 38.2% | epoch: 1 | remaining: 120s    
step 01050 (59.9%) | loss: 2.987559 | lrm: 0.80 | dt: 183ms | tok/sec: 1,432,233 | mfu: 34.6% | epoch: 1 | remaining: 120s    
step 01051 (60.0%) | loss: 2.986233 | lrm: 0.80 | dt: 166ms | tok/sec: 1,579,172 | mfu: 38.2% | epoch: 1 | remaining: 120s    
step 01052 (60.0%) | loss: 2.987937 | lrm: 0.80 | dt: 173ms | tok/sec: 1,517,733 | mfu: 36.7% | epoch: 1 | remaining: 120s    
step 01053 (60.1%) | loss: 2.984577 | lrm: 0.80 | dt: 161ms | tok/sec: 1,628,910 | mfu: 39.4% | epoch: 1 | remaining: 120s    
step 01054 (60.1%) | loss: 2.984207 | lrm: 0.80 | dt: 166ms | tok/sec: 1,575,549 | mfu: 38.1% | epoch: 1 | remaining: 119s    
step 01055 (60.2%) | loss: 2.982183 | lrm: 0.80 | dt: 163ms | tok/sec: 1,609,386 | mfu: 38.9% | epoch: 1 | remaining: 119s    
step 01056 (60.2%) | loss: 2.978336 | lrm: 0.80 | dt: 180ms | tok/sec: 1,458,021 | mfu: 35.2% | epoch: 1 | remaining: 119s    
step 01057 (60.3%) | loss: 2.976404 | lrm: 0.79 | dt: 165ms | tok/sec: 1,587,371 | mfu: 38.4% | epoch: 1 | remaining: 119s    
step 01058 (60.4%) | loss: 2.972146 | lrm: 0.79 | dt: 167ms | tok/sec: 1,572,345 | mfu: 38.0% | epoch: 1 | remaining: 119s    
step 01059 (60.4%) | loss: 2.972596 | lrm: 0.79 | dt: 164ms | tok/sec: 1,597,746 | mfu: 38.6% | epoch: 1 | remaining: 119s    
step 01060 (60.5%) | loss: 2.973193 | lrm: 0.79 | dt: 164ms | tok/sec: 1,599,110 | mfu: 38.6% | epoch: 1 | remaining: 118s    
step 01061 (60.5%) | loss: 2.973623 | lrm: 0.79 | dt: 166ms | tok/sec: 1,580,041 | mfu: 38.2% | epoch: 1 | remaining: 118s    
step 01062 (60.6%) | loss: 2.978356 | lrm: 0.79 | dt: 167ms | tok/sec: 1,566,086 | mfu: 37.8% | epoch: 1 | remaining: 118s    
step 01063 (60.6%) | loss: 2.973773 | lrm: 0.79 | dt: 166ms | tok/sec: 1,577,025 | mfu: 38.1% | epoch: 1 | remaining: 118s    
step 01064 (60.7%) | loss: 2.972652 | lrm: 0.79 | dt: 168ms | tok/sec: 1,560,031 | mfu: 37.7% | epoch: 1 | remaining: 118s    
step 01065 (60.7%) | loss: 2.969226 | lrm: 0.79 | dt: 164ms | tok/sec: 1,595,157 | mfu: 38.5% | epoch: 1 | remaining: 118s    
step 01066 (60.8%) | loss: 2.974493 | lrm: 0.78 | dt: 170ms | tok/sec: 1,537,627 | mfu: 37.2% | epoch: 1 | remaining: 117s    
step 01067 (60.9%) | loss: 2.977848 | lrm: 0.78 | dt: 165ms | tok/sec: 1,588,155 | mfu: 38.4% | epoch: 1 | remaining: 117s    
step 01068 (60.9%) | loss: 2.979636 | lrm: 0.78 | dt: 178ms | tok/sec: 1,474,227 | mfu: 35.6% | epoch: 1 | remaining: 117s    
step 01069 (61.0%) | loss: 2.975385 | lrm: 0.78 | dt: 164ms | tok/sec: 1,598,708 | mfu: 38.6% | epoch: 1 | remaining: 117s    
step 01070 (61.0%) | loss: 2.979574 | lrm: 0.78 | dt: 166ms | tok/sec: 1,581,971 | mfu: 38.2% | epoch: 1 | remaining: 117s    
step 01071 (61.1%) | loss: 2.977739 | lrm: 0.78 | dt: 175ms | tok/sec: 1,494,655 | mfu: 36.1% | epoch: 1 | remaining: 117s    
step 01072 (61.1%) | loss: 2.979164 | lrm: 0.78 | dt: 167ms | tok/sec: 1,565,555 | mfu: 37.8% | epoch: 1 | remaining: 116s    
step 01073 (61.2%) | loss: 2.972818 | lrm: 0.78 | dt: 165ms | tok/sec: 1,590,574 | mfu: 38.4% | epoch: 1 | remaining: 116s    
step 01074 (61.3%) | loss: 2.968891 | lrm: 0.77 | dt: 168ms | tok/sec: 1,557,640 | mfu: 37.6% | epoch: 1 | remaining: 116s    
step 01075 (61.3%) | loss: 2.967433 | lrm: 0.77 | dt: 197ms | tok/sec: 1,327,324 | mfu: 32.1% | epoch: 1 | remaining: 116s    
step 01076 (61.4%) | loss: 2.961881 | lrm: 0.77 | dt: 160ms | tok/sec: 1,636,083 | mfu: 39.5% | epoch: 1 | remaining: 116s    
step 01077 (61.4%) | loss: 2.967214 | lrm: 0.77 | dt: 161ms | tok/sec: 1,633,183 | mfu: 39.5% | epoch: 1 | remaining: 116s    
step 01078 (61.5%) | loss: 2.972389 | lrm: 0.77 | dt: 164ms | tok/sec: 1,599,571 | mfu: 38.6% | epoch: 1 | remaining: 115s    
step 01079 (61.5%) | loss: 2.967802 | lrm: 0.77 | dt: 182ms | tok/sec: 1,443,608 | mfu: 34.9% | epoch: 1 | remaining: 115s    
step 01080 (61.6%) | loss: 2.964127 | lrm: 0.77 | dt: 164ms | tok/sec: 1,597,797 | mfu: 38.6% | epoch: 1 | remaining: 115s    
step 01081 (61.6%) | loss: 2.965491 | lrm: 0.77 | dt: 173ms | tok/sec: 1,513,605 | mfu: 36.6% | epoch: 1 | remaining: 115s    
step 01082 (61.7%) | loss: 2.966624 | lrm: 0.77 | dt: 166ms | tok/sec: 1,582,716 | mfu: 38.2% | epoch: 1 | remaining: 115s    
step 01083 (61.8%) | loss: 2.965586 | lrm: 0.76 | dt: 168ms | tok/sec: 1,557,677 | mfu: 37.6% | epoch: 1 | remaining: 115s    
step 01084 (61.8%) | loss: 2.968685 | lrm: 0.76 | dt: 211ms | tok/sec: 1,244,382 | mfu: 30.1% | epoch: 1 | remaining: 114s    
step 01085 (61.9%) | loss: 2.965670 | lrm: 0.76 | dt: 187ms | tok/sec: 1,401,058 | mfu: 33.9% | epoch: 1 | remaining: 114s    
step 01086 (62.0%) | loss: 2.969823 | lrm: 0.76 | dt: 165ms | tok/sec: 1,587,465 | mfu: 38.4% | epoch: 1 | remaining: 114s    
step 01087 (62.0%) | loss: 2.965426 | lrm: 0.76 | dt: 315ms | tok/sec: 831,025 | mfu: 20.1% | epoch: 1 | remaining: 114s    
step 01088 (62.1%) | loss: 2.961960 | lrm: 0.76 | dt: 167ms | tok/sec: 1,566,871 | mfu: 37.9% | epoch: 1 | remaining: 113s    
step 01089 (62.2%) | loss: 2.960763 | lrm: 0.76 | dt: 174ms | tok/sec: 1,507,690 | mfu: 36.4% | epoch: 1 | remaining: 113s    
step 01090 (62.2%) | loss: 2.965492 | lrm: 0.76 | dt: 160ms | tok/sec: 1,636,721 | mfu: 39.5% | epoch: 1 | remaining: 113s    
step 01091 (62.3%) | loss: 2.964042 | lrm: 0.75 | dt: 159ms | tok/sec: 1,644,495 | mfu: 39.7% | epoch: 1 | remaining: 113s    
step 01092 (62.3%) | loss: 2.964322 | lrm: 0.75 | dt: 160ms | tok/sec: 1,636,087 | mfu: 39.5% | epoch: 1 | remaining: 113s    
step 01093 (62.4%) | loss: 2.964813 | lrm: 0.75 | dt: 177ms | tok/sec: 1,484,735 | mfu: 35.9% | epoch: 1 | remaining: 113s    
step 01094 (62.4%) | loss: 2.964005 | lrm: 0.75 | dt: 167ms | tok/sec: 1,573,498 | mfu: 38.0% | epoch: 1 | remaining: 113s    
step 01095 (62.5%) | loss: 2.966490 | lrm: 0.75 | dt: 166ms | tok/sec: 1,575,710 | mfu: 38.1% | epoch: 1 | remaining: 112s    
step 01096 (62.6%) | loss: 2.961333 | lrm: 0.75 | dt: 163ms | tok/sec: 1,603,349 | mfu: 38.7% | epoch: 1 | remaining: 112s    
step 01097 (62.6%) | loss: 2.963147 | lrm: 0.75 | dt: 162ms | tok/sec: 1,619,057 | mfu: 39.1% | epoch: 1 | remaining: 112s    
step 01098 (62.7%) | loss: 2.963868 | lrm: 0.75 | dt: 165ms | tok/sec: 1,589,022 | mfu: 38.4% | epoch: 1 | remaining: 112s    
step 01099 (62.7%) | loss: 2.955734 | lrm: 0.75 | dt: 169ms | tok/sec: 1,553,781 | mfu: 37.5% | epoch: 1 | remaining: 112s    
step 01100 (62.8%) | loss: 2.952717 | lrm: 0.74 | dt: 168ms | tok/sec: 1,563,036 | mfu: 37.8% | epoch: 1 | remaining: 112s    
step 01101 (62.8%) | loss: 2.952793 | lrm: 0.74 | dt: 165ms | tok/sec: 1,589,114 | mfu: 38.4% | epoch: 1 | remaining: 111s    
step 01102 (62.9%) | loss: 2.953776 | lrm: 0.74 | dt: 161ms | tok/sec: 1,626,549 | mfu: 39.3% | epoch: 1 | remaining: 111s    
step 01103 (62.9%) | loss: 2.951754 | lrm: 0.74 | dt: 175ms | tok/sec: 1,500,900 | mfu: 36.3% | epoch: 1 | remaining: 111s    
step 01104 (63.0%) | loss: 2.953544 | lrm: 0.74 | dt: 277ms | tok/sec: 947,478 | mfu: 22.9% | epoch: 1 | remaining: 111s    
step 01105 (63.1%) | loss: 2.949939 | lrm: 0.74 | dt: 170ms | tok/sec: 1,539,199 | mfu: 37.2% | epoch: 1 | remaining: 111s    
step 01106 (63.1%) | loss: 2.955843 | lrm: 0.74 | dt: 158ms | tok/sec: 1,657,146 | mfu: 40.0% | epoch: 1 | remaining: 110s    
step 01107 (63.2%) | loss: 2.958148 | lrm: 0.74 | dt: 160ms | tok/sec: 1,637,632 | mfu: 39.6% | epoch: 1 | remaining: 110s    
step 01108 (63.3%) | loss: 2.959618 | lrm: 0.73 | dt: 173ms | tok/sec: 1,512,449 | mfu: 36.5% | epoch: 1 | remaining: 110s    
step 01109 (63.3%) | loss: 2.964191 | lrm: 0.73 | dt: 187ms | tok/sec: 1,401,133 | mfu: 33.9% | epoch: 1 | remaining: 110s    
step 01110 (63.4%) | loss: 2.962176 | lrm: 0.73 | dt: 167ms | tok/sec: 1,570,315 | mfu: 37.9% | epoch: 1 | remaining: 110s    
step 01111 (63.4%) | loss: 2.960215 | lrm: 0.73 | dt: 168ms | tok/sec: 1,562,223 | mfu: 37.7% | epoch: 1 | remaining: 110s    
step 01112 (63.5%) | loss: 2.961973 | lrm: 0.73 | dt: 160ms | tok/sec: 1,635,550 | mfu: 39.5% | epoch: 1 | remaining: 109s    
step 01113 (63.5%) | loss: 2.961764 | lrm: 0.73 | dt: 255ms | tok/sec: 1,027,588 | mfu: 24.8% | epoch: 1 | remaining: 109s    
step 01114 (63.6%) | loss: 2.961931 | lrm: 0.73 | dt: 185ms | tok/sec: 1,420,069 | mfu: 34.3% | epoch: 1 | remaining: 109s    
step 01115 (63.7%) | loss: 2.957146 | lrm: 0.73 | dt: 163ms | tok/sec: 1,609,058 | mfu: 38.9% | epoch: 1 | remaining: 109s    
step 01116 (63.7%) | loss: 2.953050 | lrm: 0.73 | dt: 159ms | tok/sec: 1,650,348 | mfu: 39.9% | epoch: 1 | remaining: 109s    
step 01117 (63.8%) | loss: 2.950477 | lrm: 0.72 | dt: 160ms | tok/sec: 1,637,640 | mfu: 39.6% | epoch: 1 | remaining: 108s    
step 01118 (63.8%) | loss: 2.947678 | lrm: 0.72 | dt: 161ms | tok/sec: 1,626,436 | mfu: 39.3% | epoch: 1 | remaining: 108s    
step 01119 (63.9%) | loss: 2.951441 | lrm: 0.72 | dt: 260ms | tok/sec: 1,009,204 | mfu: 24.4% | epoch: 1 | remaining: 108s    
step 01120 (64.0%) | loss: 2.955134 | lrm: 0.72 | dt: 163ms | tok/sec: 1,604,995 | mfu: 38.8% | epoch: 1 | remaining: 108s    
step 01121 (64.0%) | loss: 2.951117 | lrm: 0.72 | dt: 161ms | tok/sec: 1,631,896 | mfu: 39.4% | epoch: 1 | remaining: 108s    
step 01122 (64.1%) | loss: 2.951284 | lrm: 0.72 | dt: 180ms | tok/sec: 1,455,398 | mfu: 35.2% | epoch: 1 | remaining: 108s    
step 01123 (64.2%) | loss: 2.956753 | lrm: 0.72 | dt: 159ms | tok/sec: 1,649,892 | mfu: 39.9% | epoch: 1 | remaining: 107s    
step 01124 (64.2%) | loss: 2.950731 | lrm: 0.72 | dt: 161ms | tok/sec: 1,623,981 | mfu: 39.2% | epoch: 1 | remaining: 107s    
step 01125 (64.3%) | loss: 2.948686 | lrm: 0.71 | dt: 175ms | tok/sec: 1,501,363 | mfu: 36.3% | epoch: 1 | remaining: 107s    
step 01126 (64.3%) | loss: 2.948229 | lrm: 0.71 | dt: 164ms | tok/sec: 1,599,883 | mfu: 38.7% | epoch: 1 | remaining: 107s    
step 01127 (64.4%) | loss: 2.948566 | lrm: 0.71 | dt: 183ms | tok/sec: 1,436,044 | mfu: 34.7% | epoch: 1 | remaining: 107s    
step 01128 (64.4%) | loss: 2.950823 | lrm: 0.71 | dt: 160ms | tok/sec: 1,641,731 | mfu: 39.7% | epoch: 1 | remaining: 107s    
step 01129 (64.5%) | loss: 2.956851 | lrm: 0.71 | dt: 163ms | tok/sec: 1,611,849 | mfu: 38.9% | epoch: 1 | remaining: 106s    
step 01130 (64.5%) | loss: 2.960945 | lrm: 0.71 | dt: 164ms | tok/sec: 1,598,854 | mfu: 38.6% | epoch: 1 | remaining: 106s    
step 01131 (64.6%) | loss: 2.960149 | lrm: 0.71 | dt: 170ms | tok/sec: 1,539,169 | mfu: 37.2% | epoch: 1 | remaining: 106s    
step 01132 (64.7%) | loss: 2.955374 | lrm: 0.71 | dt: 191ms | tok/sec: 1,375,338 | mfu: 33.2% | epoch: 1 | remaining: 106s    
step 01133 (64.7%) | loss: 2.957002 | lrm: 0.71 | dt: 159ms | tok/sec: 1,651,590 | mfu: 39.9% | epoch: 1 | remaining: 106s    
step 01134 (64.8%) | loss: 2.955910 | lrm: 0.70 | dt: 162ms | tok/sec: 1,618,511 | mfu: 39.1% | epoch: 1 | remaining: 106s    
step 01135 (64.8%) | loss: 2.952991 | lrm: 0.70 | dt: 179ms | tok/sec: 1,466,743 | mfu: 35.4% | epoch: 1 | remaining: 105s    
step 01136 (64.9%) | loss: 2.952051 | lrm: 0.70 | dt: 161ms | tok/sec: 1,624,787 | mfu: 39.3% | epoch: 1 | remaining: 105s    
step 01137 (64.9%) | loss: 2.953579 | lrm: 0.70 | dt: 165ms | tok/sec: 1,590,963 | mfu: 38.4% | epoch: 1 | remaining: 105s    
step 01138 (65.0%) | loss: 2.951702 | lrm: 0.70 | dt: 173ms | tok/sec: 1,517,337 | mfu: 36.7% | epoch: 1 | remaining: 105s    
step 01139 (65.0%) | loss: 2.952456 | lrm: 0.70 | dt: 163ms | tok/sec: 1,610,947 | mfu: 38.9% | epoch: 1 | remaining: 105s    
step 01140 (65.1%) | loss: 2.948238 | lrm: 0.70 | dt: 173ms | tok/sec: 1,511,202 | mfu: 36.5% | epoch: 1 | remaining: 105s    
step 01141 (65.2%) | loss: 2.948925 | lrm: 0.70 | dt: 160ms | tok/sec: 1,634,084 | mfu: 39.5% | epoch: 1 | remaining: 104s    
step 01142 (65.2%) | loss: 2.944777 | lrm: 0.70 | dt: 162ms | tok/sec: 1,619,090 | mfu: 39.1% | epoch: 1 | remaining: 104s    
step 01143 (65.3%) | loss: 2.940075 | lrm: 0.69 | dt: 166ms | tok/sec: 1,577,883 | mfu: 38.1% | epoch: 1 | remaining: 104s    
step 01144 (65.3%) | loss: 2.940675 | lrm: 0.69 | dt: 166ms | tok/sec: 1,577,446 | mfu: 38.1% | epoch: 1 | remaining: 104s    
step 01145 (65.4%) | loss: 2.937382 | lrm: 0.69 | dt: 165ms | tok/sec: 1,590,493 | mfu: 38.4% | epoch: 1 | remaining: 104s    
step 01146 (65.4%) | loss: 2.935395 | lrm: 0.69 | dt: 178ms | tok/sec: 1,473,133 | mfu: 35.6% | epoch: 1 | remaining: 104s    
step 01147 (65.5%) | loss: 2.944905 | lrm: 0.69 | dt: 159ms | tok/sec: 1,647,576 | mfu: 39.8% | epoch: 1 | remaining: 103s    
step 01148 (65.5%) | loss: 2.954616 | lrm: 0.69 | dt: 160ms | tok/sec: 1,642,194 | mfu: 39.7% | epoch: 1 | remaining: 103s    
step 01149 (65.6%) | loss: 2.957095 | lrm: 0.69 | dt: 179ms | tok/sec: 1,462,600 | mfu: 35.3% | epoch: 1 | remaining: 103s    
step 01150 (65.7%) | loss: 2.955621 | lrm: 0.69 | dt: 164ms | tok/sec: 1,603,010 | mfu: 38.7% | epoch: 1 | remaining: 103s    
step 01151 (65.7%) | loss: 2.951212 | lrm: 0.69 | dt: 162ms | tok/sec: 1,619,064 | mfu: 39.1% | epoch: 1 | remaining: 103s    
step 01152 (65.8%) | loss: 2.953498 | lrm: 0.68 | dt: 168ms | tok/sec: 1,557,403 | mfu: 37.6% | epoch: 1 | remaining: 103s    
step 01153 (65.8%) | loss: 2.954563 | lrm: 0.68 | dt: 168ms | tok/sec: 1,561,835 | mfu: 37.7% | epoch: 1 | remaining: 102s    
step 01154 (65.9%) | loss: 2.954100 | lrm: 0.68 | dt: 162ms | tok/sec: 1,618,180 | mfu: 39.1% | epoch: 1 | remaining: 102s    
step 01155 (65.9%) | loss: 2.952984 | lrm: 0.68 | dt: 175ms | tok/sec: 1,494,953 | mfu: 36.1% | epoch: 1 | remaining: 102s    
step 01156 (66.0%) | loss: 2.954824 | lrm: 0.68 | dt: 162ms | tok/sec: 1,614,405 | mfu: 39.0% | epoch: 1 | remaining: 102s    
step 01157 (66.0%) | loss: 2.948546 | lrm: 0.68 | dt: 163ms | tok/sec: 1,604,156 | mfu: 38.8% | epoch: 1 | remaining: 102s    
step 01158 (66.1%) | loss: 2.954512 | lrm: 0.68 | dt: 168ms | tok/sec: 1,560,768 | mfu: 37.7% | epoch: 1 | remaining: 102s    
step 01159 (66.2%) | loss: 2.954636 | lrm: 0.68 | dt: 208ms | tok/sec: 1,263,212 | mfu: 30.5% | epoch: 1 | remaining: 101s    
step 01160 (66.2%) | loss: 2.952195 | lrm: 0.68 | dt: 197ms | tok/sec: 1,329,909 | mfu: 32.1% | epoch: 1 | remaining: 101s    
step 01161 (66.3%) | loss: 2.951864 | lrm: 0.67 | dt: 159ms | tok/sec: 1,650,375 | mfu: 39.9% | epoch: 1 | remaining: 101s    
step 01162 (66.3%) | loss: 2.951661 | lrm: 0.67 | dt: 161ms | tok/sec: 1,626,563 | mfu: 39.3% | epoch: 1 | remaining: 101s    
step 01163 (66.4%) | loss: 2.949138 | lrm: 0.67 | dt: 161ms | tok/sec: 1,632,638 | mfu: 39.4% | epoch: 1 | remaining: 101s    
step 01164 (66.5%) | loss: 2.944356 | lrm: 0.67 | dt: 175ms | tok/sec: 1,500,531 | mfu: 36.3% | epoch: 1 | remaining: 100s    
step 01165 (66.5%) | loss: 2.944690 | lrm: 0.67 | dt: 164ms | tok/sec: 1,598,341 | mfu: 38.6% | epoch: 1 | remaining: 100s    
step 01166 (66.6%) | loss: 2.944287 | lrm: 0.67 | dt: 219ms | tok/sec: 1,196,154 | mfu: 28.9% | epoch: 1 | remaining: 100s    
step 01167 (66.6%) | loss: 2.940362 | lrm: 0.67 | dt: 182ms | tok/sec: 1,442,366 | mfu: 34.8% | epoch: 1 | remaining: 100s    
step 01168 (66.7%) | loss: 2.936736 | lrm: 0.67 | dt: 161ms | tok/sec: 1,628,951 | mfu: 39.4% | epoch: 1 | remaining: 100s    
step 01169 (66.8%) | loss: 2.936548 | lrm: 0.66 | dt: 206ms | tok/sec: 1,271,283 | mfu: 30.7% | epoch: 1 | remaining: 100s    
step 01170 (66.8%) | loss: 2.935095 | lrm: 0.66 | dt: 160ms | tok/sec: 1,635,647 | mfu: 39.5% | epoch: 1 | remaining: 99s    
step 01171 (66.9%) | loss: 2.936460 | lrm: 0.66 | dt: 169ms | tok/sec: 1,550,842 | mfu: 37.5% | epoch: 1 | remaining: 99s    
step 01172 (66.9%) | loss: 2.934743 | lrm: 0.66 | dt: 163ms | tok/sec: 1,604,590 | mfu: 38.8% | epoch: 1 | remaining: 99s    
step 01173 (67.0%) | loss: 2.934160 | lrm: 0.66 | dt: 164ms | tok/sec: 1,598,587 | mfu: 38.6% | epoch: 1 | remaining: 99s    
step 01174 (67.0%) | loss: 2.932757 | lrm: 0.66 | dt: 164ms | tok/sec: 1,601,271 | mfu: 38.7% | epoch: 1 | remaining: 99s    
step 01175 (67.1%) | loss: 2.932805 | lrm: 0.66 | dt: 177ms | tok/sec: 1,481,124 | mfu: 35.8% | epoch: 1 | remaining: 99s    
step 01176 (67.2%) | loss: 2.933118 | lrm: 0.66 | dt: 172ms | tok/sec: 1,523,918 | mfu: 36.8% | epoch: 1 | remaining: 98s    
step 01177 (67.2%) | loss: 2.927569 | lrm: 0.66 | dt: 161ms | tok/sec: 1,628,522 | mfu: 39.3% | epoch: 1 | remaining: 98s    
step 01178 (67.3%) | loss: 2.927201 | lrm: 0.65 | dt: 173ms | tok/sec: 1,517,208 | mfu: 36.7% | epoch: 1 | remaining: 98s    
step 01179 (67.3%) | loss: 2.932153 | lrm: 0.65 | dt: 161ms | tok/sec: 1,625,811 | mfu: 39.3% | epoch: 1 | remaining: 98s    
step 01180 (67.4%) | loss: 2.937828 | lrm: 0.65 | dt: 175ms | tok/sec: 1,501,423 | mfu: 36.3% | epoch: 1 | remaining: 98s    
step 01181 (67.4%) | loss: 2.940296 | lrm: 0.65 | dt: 172ms | tok/sec: 1,521,390 | mfu: 36.8% | epoch: 1 | remaining: 98s    
step 01182 (67.5%) | loss: 2.938603 | lrm: 0.65 | dt: 164ms | tok/sec: 1,598,004 | mfu: 38.6% | epoch: 1 | remaining: 97s    
step 01183 (67.5%) | loss: 2.940761 | lrm: 0.65 | dt: 172ms | tok/sec: 1,524,850 | mfu: 36.8% | epoch: 1 | remaining: 97s    
step 01184 (67.6%) | loss: 2.941750 | lrm: 0.65 | dt: 163ms | tok/sec: 1,612,014 | mfu: 38.9% | epoch: 1 | remaining: 97s    
step 01185 (67.7%) | loss: 2.936866 | lrm: 0.65 | dt: 167ms | tok/sec: 1,573,772 | mfu: 38.0% | epoch: 1 | remaining: 97s    
step 01186 (67.7%) | loss: 2.940290 | lrm: 0.65 | dt: 165ms | tok/sec: 1,590,551 | mfu: 38.4% | epoch: 1 | remaining: 97s    
step 01187 (67.8%) | loss: 2.943281 | lrm: 0.64 | dt: 168ms | tok/sec: 1,556,711 | mfu: 37.6% | epoch: 1 | remaining: 97s    
step 01188 (67.8%) | loss: 2.940584 | lrm: 0.64 | dt: 165ms | tok/sec: 1,591,947 | mfu: 38.5% | epoch: 1 | remaining: 96s    
step 01189 (67.9%) | loss: 2.941242 | lrm: 0.64 | dt: 166ms | tok/sec: 1,575,588 | mfu: 38.1% | epoch: 1 | remaining: 96s    
step 01190 (67.9%) | loss: 2.941135 | lrm: 0.64 | dt: 210ms | tok/sec: 1,248,919 | mfu: 30.2% | epoch: 1 | remaining: 96s    
step 01191 (68.0%) | loss: 2.939615 | lrm: 0.64 | dt: 159ms | tok/sec: 1,649,773 | mfu: 39.9% | epoch: 1 | remaining: 96s    
step 01192 (68.1%) | loss: 2.937889 | lrm: 0.64 | dt: 183ms | tok/sec: 1,431,033 | mfu: 34.6% | epoch: 1 | remaining: 96s    
step 01193 (68.1%) | loss: 2.943205 | lrm: 0.64 | dt: 159ms | tok/sec: 1,651,181 | mfu: 39.9% | epoch: 1 | remaining: 95s    
step 01194 (68.2%) | loss: 2.941006 | lrm: 0.64 | dt: 161ms | tok/sec: 1,632,427 | mfu: 39.4% | epoch: 1 | remaining: 95s    
step 01195 (68.2%) | loss: 2.934135 | lrm: 0.64 | dt: 205ms | tok/sec: 1,276,665 | mfu: 30.8% | epoch: 1 | remaining: 95s    
step 01196 (68.3%) | loss: 2.934548 | lrm: 0.63 | dt: 161ms | tok/sec: 1,627,924 | mfu: 39.3% | epoch: 1 | remaining: 95s    
step 01197 (68.3%) | loss: 2.931095 | lrm: 0.63 | dt: 177ms | tok/sec: 1,480,444 | mfu: 35.8% | epoch: 1 | remaining: 95s    
step 01198 (68.4%) | loss: 2.932362 | lrm: 0.63 | dt: 162ms | tok/sec: 1,621,662 | mfu: 39.2% | epoch: 1 | remaining: 95s    
step 01199 (68.5%) | loss: 2.927801 | lrm: 0.63 | dt: 184ms | tok/sec: 1,427,308 | mfu: 34.5% | epoch: 1 | remaining: 94s    
step 01200 (68.5%) | loss: 2.931878 | lrm: 0.63 | dt: 257ms | tok/sec: 1,018,769 | mfu: 24.6% | epoch: 1 | remaining: 94s    
step 01201 (68.6%) | loss: 2.931299 | lrm: 0.63 | dt: 172ms | tok/sec: 1,524,395 | mfu: 36.8% | epoch: 1 | remaining: 94s    
step 01202 (68.7%) | loss: 2.928581 | lrm: 0.63 | dt: 170ms | tok/sec: 1,546,010 | mfu: 37.4% | epoch: 1 | remaining: 94s    
step 01203 (68.7%) | loss: 2.924243 | lrm: 0.63 | dt: 161ms | tok/sec: 1,629,285 | mfu: 39.4% | epoch: 1 | remaining: 94s    
step 01204 (68.8%) | loss: 2.919863 | lrm: 0.62 | dt: 174ms | tok/sec: 1,507,225 | mfu: 36.4% | epoch: 1 | remaining: 94s    
step 01205 (68.8%) | loss: 2.918529 | lrm: 0.62 | dt: 160ms | tok/sec: 1,640,831 | mfu: 39.6% | epoch: 1 | remaining: 93s    
step 01206 (68.9%) | loss: 2.918007 | lrm: 0.62 | dt: 178ms | tok/sec: 1,470,481 | mfu: 35.5% | epoch: 1 | remaining: 93s    
step 01207 (68.9%) | loss: 2.917714 | lrm: 0.62 | dt: 165ms | tok/sec: 1,584,271 | mfu: 38.3% | epoch: 1 | remaining: 93s    
step 01208 (69.0%) | loss: 2.917500 | lrm: 0.62 | dt: 165ms | tok/sec: 1,584,621 | mfu: 38.3% | epoch: 1 | remaining: 93s    
step 01209 (69.1%) | loss: 2.920469 | lrm: 0.62 | dt: 188ms | tok/sec: 1,392,534 | mfu: 33.6% | epoch: 1 | remaining: 93s    
step 01210 (69.1%) | loss: 2.919579 | lrm: 0.62 | dt: 159ms | tok/sec: 1,651,697 | mfu: 39.9% | epoch: 1 | remaining: 92s    
step 01211 (69.2%) | loss: 2.916326 | lrm: 0.62 | dt: 164ms | tok/sec: 1,600,043 | mfu: 38.7% | epoch: 1 | remaining: 92s    
step 01212 (69.2%) | loss: 2.914422 | lrm: 0.62 | dt: 182ms | tok/sec: 1,442,302 | mfu: 34.8% | epoch: 1 | remaining: 92s    
step 01213 (69.3%) | loss: 2.918650 | lrm: 0.61 | dt: 161ms | tok/sec: 1,630,488 | mfu: 39.4% | epoch: 1 | remaining: 92s    
step 01214 (69.3%) | loss: 2.917588 | lrm: 0.61 | dt: 163ms | tok/sec: 1,606,181 | mfu: 38.8% | epoch: 1 | remaining: 92s    
step 01215 (69.4%) | loss: 2.920282 | lrm: 0.61 | dt: 174ms | tok/sec: 1,502,496 | mfu: 36.3% | epoch: 1 | remaining: 92s    
step 01216 (69.5%) | loss: 2.919962 | lrm: 0.61 | dt: 162ms | tok/sec: 1,617,675 | mfu: 39.1% | epoch: 1 | remaining: 91s    
step 01217 (69.5%) | loss: 2.918180 | lrm: 0.61 | dt: 166ms | tok/sec: 1,583,047 | mfu: 38.2% | epoch: 1 | remaining: 91s    
step 01218 (69.6%) | loss: 2.918682 | lrm: 0.61 | dt: 220ms | tok/sec: 1,192,391 | mfu: 28.8% | epoch: 1 | remaining: 91s    
step 01219 (69.6%) | loss: 2.912853 | lrm: 0.61 | dt: 167ms | tok/sec: 1,566,559 | mfu: 37.9% | epoch: 1 | remaining: 91s    
step 01220 (69.7%) | loss: 2.915211 | lrm: 0.61 | dt: 160ms | tok/sec: 1,639,591 | mfu: 39.6% | epoch: 1 | remaining: 91s    
step 01221 (69.7%) | loss: 2.918013 | lrm: 0.61 | dt: 170ms | tok/sec: 1,537,627 | mfu: 37.2% | epoch: 1 | remaining: 91s    
step 01222 (69.8%) | loss: 2.919371 | lrm: 0.60 | dt: 160ms | tok/sec: 1,635,778 | mfu: 39.5% | epoch: 1 | remaining: 90s    
step 01223 (69.9%) | loss: 2.921303 | lrm: 0.60 | dt: 164ms | tok/sec: 1,594,574 | mfu: 38.5% | epoch: 1 | remaining: 90s    
step 01224 (69.9%) | loss: 2.918215 | lrm: 0.60 | dt: 177ms | tok/sec: 1,483,180 | mfu: 35.8% | epoch: 1 | remaining: 90s    
step 01225 (70.0%) | loss: 2.916040 | lrm: 0.60 | dt: 165ms | tok/sec: 1,584,557 | mfu: 38.3% | epoch: 1 | remaining: 90s    
step 01226 (70.0%) | loss: 2.911683 | lrm: 0.60 | dt: 169ms | tok/sec: 1,548,511 | mfu: 37.4% | epoch: 1 | remaining: 90s    
step 01227 (70.1%) | loss: 2.911502 | lrm: 0.60 | dt: 163ms | tok/sec: 1,611,816 | mfu: 38.9% | epoch: 1 | remaining: 90s    
step 01228 (70.1%) | loss: 2.916167 | lrm: 0.60 | dt: 163ms | tok/sec: 1,607,484 | mfu: 38.8% | epoch: 1 | remaining: 89s    
step 01229 (70.2%) | loss: 2.911074 | lrm: 0.60 | dt: 164ms | tok/sec: 1,599,678 | mfu: 38.7% | epoch: 1 | remaining: 89s    
step 01230 (70.2%) | loss: 2.916759 | lrm: 0.60 | dt: 172ms | tok/sec: 1,528,273 | mfu: 36.9% | epoch: 1 | remaining: 89s    
step 01231 (70.3%) | loss: 2.914856 | lrm: 0.59 | dt: 169ms | tok/sec: 1,554,880 | mfu: 37.6% | epoch: 1 | remaining: 89s    
step 01232 (70.4%) | loss: 2.910762 | lrm: 0.59 | dt: 207ms | tok/sec: 1,265,483 | mfu: 30.6% | epoch: 1 | remaining: 89s    
step 01233 (70.4%) | loss: 2.909424 | lrm: 0.59 | dt: 184ms | tok/sec: 1,423,679 | mfu: 34.4% | epoch: 1 | remaining: 89s    
step 01234 (70.5%) | loss: 2.911057 | lrm: 0.59 | dt: 159ms | tok/sec: 1,645,007 | mfu: 39.7% | epoch: 1 | remaining: 88s    
step 01235 (70.5%) | loss: 2.910655 | lrm: 0.59 | dt: 237ms | tok/sec: 1,107,477 | mfu: 26.8% | epoch: 1 | remaining: 88s    
step 01236 (70.6%) | loss: 2.908892 | lrm: 0.59 | dt: 170ms | tok/sec: 1,543,518 | mfu: 37.3% | epoch: 1 | remaining: 88s    
step 01237 (70.7%) | loss: 2.913647 | lrm: 0.59 | dt: 207ms | tok/sec: 1,267,930 | mfu: 30.6% | epoch: 1 | remaining: 88s    
step 01238 (70.7%) | loss: 2.914964 | lrm: 0.59 | dt: 183ms | tok/sec: 1,433,961 | mfu: 34.6% | epoch: 1 | remaining: 88s    
step 01239 (70.8%) | loss: 2.911985 | lrm: 0.58 | dt: 170ms | tok/sec: 1,542,628 | mfu: 37.3% | epoch: 1 | remaining: 87s    
step 01240 (70.9%) | loss: 2.915628 | lrm: 0.58 | dt: 175ms | tok/sec: 1,498,492 | mfu: 36.2% | epoch: 1 | remaining: 87s    
step 01241 (70.9%) | loss: 2.914242 | lrm: 0.58 | dt: 164ms | tok/sec: 1,602,604 | mfu: 38.7% | epoch: 1 | remaining: 87s    
step 01242 (71.0%) | loss: 2.912185 | lrm: 0.58 | dt: 160ms | tok/sec: 1,633,829 | mfu: 39.5% | epoch: 1 | remaining: 87s    
step 01243 (71.0%) | loss: 2.912968 | lrm: 0.58 | dt: 171ms | tok/sec: 1,528,906 | mfu: 36.9% | epoch: 1 | remaining: 87s    
step 01244 (71.1%) | loss: 2.917304 | lrm: 0.58 | dt: 168ms | tok/sec: 1,562,749 | mfu: 37.8% | epoch: 1 | remaining: 87s    
step 01245 (71.1%) | loss: 2.920557 | lrm: 0.58 | dt: 162ms | tok/sec: 1,619,288 | mfu: 39.1% | epoch: 1 | remaining: 86s    
step 01246 (71.2%) | loss: 2.916879 | lrm: 0.58 | dt: 163ms | tok/sec: 1,611,199 | mfu: 38.9% | epoch: 1 | remaining: 86s    
step 01247 (71.2%) | loss: 2.916425 | lrm: 0.58 | dt: 177ms | tok/sec: 1,484,763 | mfu: 35.9% | epoch: 1 | remaining: 86s    
step 01248 (71.3%) | loss: 2.916220 | lrm: 0.57 | dt: 163ms | tok/sec: 1,610,498 | mfu: 38.9% | epoch: 1 | remaining: 86s    
step 01249 (71.4%) | loss: 2.913494 | lrm: 0.57 | dt: 166ms | tok/sec: 1,580,727 | mfu: 38.2% | epoch: 1 | remaining: 86s    
step 01250 (71.4%) | loss: 2.912654 | lrm: 0.57 | dt: 166ms | tok/sec: 1,579,853 | mfu: 38.2% | epoch: 1 | remaining: 86s    
step 01251 (71.5%) | loss: 2.911610 | lrm: 0.57 | dt: 166ms | tok/sec: 1,580,257 | mfu: 38.2% | epoch: 1 | remaining: 85s    
step 01252 (71.5%) | loss: 2.909566 | lrm: 0.57 | dt: 163ms | tok/sec: 1,604,442 | mfu: 38.8% | epoch: 1 | remaining: 85s    
step 01253 (71.6%) | loss: 2.915444 | lrm: 0.57 | dt: 164ms | tok/sec: 1,601,180 | mfu: 38.7% | epoch: 1 | remaining: 85s    
step 01254 (71.6%) | loss: 2.918536 | lrm: 0.57 | dt: 167ms | tok/sec: 1,567,664 | mfu: 37.9% | epoch: 1 | remaining: 85s    
step 01255 (71.7%) | loss: 2.917172 | lrm: 0.57 | dt: 166ms | tok/sec: 1,582,789 | mfu: 38.2% | epoch: 1 | remaining: 85s    
step 01256 (71.7%) | loss: 2.909134 | lrm: 0.57 | dt: 166ms | tok/sec: 1,581,193 | mfu: 38.2% | epoch: 1 | remaining: 85s    
step 01257 (71.8%) | loss: 2.910456 | lrm: 0.56 | dt: 165ms | tok/sec: 1,590,737 | mfu: 38.4% | epoch: 1 | remaining: 84s    
step 01258 (71.9%) | loss: 2.911329 | lrm: 0.56 | dt: 164ms | tok/sec: 1,593,582 | mfu: 38.5% | epoch: 1 | remaining: 84s    
step 01259 (71.9%) | loss: 2.906390 | lrm: 0.56 | dt: 175ms | tok/sec: 1,498,121 | mfu: 36.2% | epoch: 1 | remaining: 84s    
step 01260 (72.0%) | loss: 2.902494 | lrm: 0.56 | dt: 163ms | tok/sec: 1,604,285 | mfu: 38.8% | epoch: 1 | remaining: 84s    
step 01261 (72.0%) | loss: 2.907902 | lrm: 0.56 | dt: 169ms | tok/sec: 1,550,663 | mfu: 37.5% | epoch: 1 | remaining: 84s    
step 01262 (72.1%) | loss: 2.908097 | lrm: 0.56 | dt: 166ms | tok/sec: 1,582,905 | mfu: 38.2% | epoch: 1 | remaining: 84s    
step 01263 (72.1%) | loss: 2.906058 | lrm: 0.56 | dt: 173ms | tok/sec: 1,513,509 | mfu: 36.6% | epoch: 1 | remaining: 83s    
step 01264 (72.2%) | loss: 2.907447 | lrm: 0.56 | dt: 161ms | tok/sec: 1,633,222 | mfu: 39.5% | epoch: 1 | remaining: 83s    
step 01265 (72.2%) | loss: 2.905179 | lrm: 0.56 | dt: 188ms | tok/sec: 1,394,687 | mfu: 33.7% | epoch: 1 | remaining: 83s    
step 01266 (72.3%) | loss: 2.902993 | lrm: 0.55 | dt: 168ms | tok/sec: 1,562,483 | mfu: 37.8% | epoch: 1 | remaining: 83s    
step 01267 (72.4%) | loss: 2.899216 | lrm: 0.55 | dt: 162ms | tok/sec: 1,621,284 | mfu: 39.2% | epoch: 1 | remaining: 83s    
step 01268 (72.4%) | loss: 2.900764 | lrm: 0.55 | dt: 172ms | tok/sec: 1,525,042 | mfu: 36.8% | epoch: 1 | remaining: 83s    
step 01269 (72.5%) | loss: 2.901399 | lrm: 0.55 | dt: 163ms | tok/sec: 1,605,564 | mfu: 38.8% | epoch: 1 | remaining: 82s    
step 01270 (72.5%) | loss: 2.900177 | lrm: 0.55 | dt: 176ms | tok/sec: 1,490,861 | mfu: 36.0% | epoch: 1 | remaining: 82s    
step 01271 (72.6%) | loss: 2.902649 | lrm: 0.55 | dt: 243ms | tok/sec: 1,079,104 | mfu: 26.1% | epoch: 1 | remaining: 82s    
step 01272 (72.7%) | loss: 2.902627 | lrm: 0.55 | dt: 232ms | tok/sec: 1,131,749 | mfu: 27.3% | epoch: 1 | remaining: 82s    
step 01273 (72.7%) | loss: 2.904159 | lrm: 0.55 | dt: 187ms | tok/sec: 1,404,075 | mfu: 33.9% | epoch: 1 | remaining: 82s    
step 01274 (72.8%) | loss: 2.904537 | lrm: 0.54 | dt: 190ms | tok/sec: 1,380,399 | mfu: 33.4% | epoch: 1 | remaining: 81s    
step 01275 (72.9%) | loss: 2.899133 | lrm: 0.54 | dt: 246ms | tok/sec: 1,066,291 | mfu: 25.8% | epoch: 1 | remaining: 81s    
step 01276 (73.0%) | loss: 2.893088 | lrm: 0.54 | dt: 175ms | tok/sec: 1,498,815 | mfu: 36.2% | epoch: 1 | remaining: 81s    
step 01277 (73.0%) | loss: 2.897259 | lrm: 0.54 | dt: 159ms | tok/sec: 1,645,633 | mfu: 39.8% | epoch: 1 | remaining: 81s    
step 01278 (73.1%) | loss: 2.897271 | lrm: 0.54 | dt: 160ms | tok/sec: 1,635,910 | mfu: 39.5% | epoch: 1 | remaining: 81s    
step 01279 (73.1%) | loss: 2.900141 | lrm: 0.54 | dt: 178ms | tok/sec: 1,474,868 | mfu: 35.6% | epoch: 1 | remaining: 80s    
step 01280 (73.2%) | loss: 2.898720 | lrm: 0.54 | dt: 161ms | tok/sec: 1,630,345 | mfu: 39.4% | epoch: 1 | remaining: 80s    
step 01281 (73.2%) | loss: 2.898281 | lrm: 0.54 | dt: 170ms | tok/sec: 1,542,635 | mfu: 37.3% | epoch: 1 | remaining: 80s    
step 01282 (73.3%) | loss: 2.901712 | lrm: 0.53 | dt: 169ms | tok/sec: 1,555,146 | mfu: 37.6% | epoch: 1 | remaining: 80s    
step 01283 (73.3%) | loss: 2.900510 | lrm: 0.53 | dt: 163ms | tok/sec: 1,612,175 | mfu: 39.0% | epoch: 1 | remaining: 80s    
step 01284 (73.4%) | loss: 2.898178 | lrm: 0.53 | dt: 165ms | tok/sec: 1,585,142 | mfu: 38.3% | epoch: 1 | remaining: 80s    
step 01285 (73.5%) | loss: 2.897914 | lrm: 0.53 | dt: 162ms | tok/sec: 1,618,654 | mfu: 39.1% | epoch: 1 | remaining: 79s    
step 01286 (73.5%) | loss: 2.901902 | lrm: 0.53 | dt: 180ms | tok/sec: 1,456,085 | mfu: 35.2% | epoch: 1 | remaining: 79s    
step 01287 (73.6%) | loss: 2.899846 | lrm: 0.53 | dt: 165ms | tok/sec: 1,592,382 | mfu: 38.5% | epoch: 1 | remaining: 79s    
step 01288 (73.6%) | loss: 2.896429 | lrm: 0.53 | dt: 166ms | tok/sec: 1,581,428 | mfu: 38.2% | epoch: 1 | remaining: 79s    
step 01289 (73.7%) | loss: 2.889895 | lrm: 0.53 | dt: 164ms | tok/sec: 1,595,995 | mfu: 38.6% | epoch: 1 | remaining: 79s    
step 01290 (73.7%) | loss: 2.893452 | lrm: 0.53 | dt: 163ms | tok/sec: 1,611,296 | mfu: 38.9% | epoch: 1 | remaining: 79s    
step 01291 (73.8%) | loss: 2.888708 | lrm: 0.52 | dt: 170ms | tok/sec: 1,541,123 | mfu: 37.2% | epoch: 1 | remaining: 78s    
step 01292 (73.8%) | loss: 2.886399 | lrm: 0.52 | dt: 166ms | tok/sec: 1,574,978 | mfu: 38.1% | epoch: 1 | remaining: 78s    
step 01293 (73.9%) | loss: 2.888533 | lrm: 0.52 | dt: 168ms | tok/sec: 1,561,659 | mfu: 37.7% | epoch: 1 | remaining: 78s    
step 01294 (74.0%) | loss: 2.891315 | lrm: 0.52 | dt: 185ms | tok/sec: 1,419,367 | mfu: 34.3% | epoch: 1 | remaining: 78s    
step 01295 (74.0%) | loss: 2.893172 | lrm: 0.52 | dt: 160ms | tok/sec: 1,634,242 | mfu: 39.5% | epoch: 1 | remaining: 78s    
step 01296 (74.1%) | loss: 2.893908 | lrm: 0.52 | dt: 163ms | tok/sec: 1,608,639 | mfu: 38.9% | epoch: 1 | remaining: 78s    
step 01297 (74.1%) | loss: 2.894472 | lrm: 0.52 | dt: 162ms | tok/sec: 1,614,798 | mfu: 39.0% | epoch: 1 | remaining: 77s    
step 01298 (74.2%) | loss: 2.896481 | lrm: 0.52 | dt: 170ms | tok/sec: 1,545,897 | mfu: 37.4% | epoch: 1 | remaining: 77s    
step 01299 (74.2%) | loss: 2.899829 | lrm: 0.52 | dt: 167ms | tok/sec: 1,570,820 | mfu: 38.0% | epoch: 1 | remaining: 77s    
step 01300 (74.3%) | loss: 2.898608 | lrm: 0.51 | dt: 235ms | tok/sec: 1,116,286 | mfu: 27.0% | epoch: 1 | remaining: 77s    
step 01301 (74.4%) | loss: 2.895249 | lrm: 0.51 | dt: 172ms | tok/sec: 1,526,365 | mfu: 36.9% | epoch: 1 | remaining: 77s    
step 01302 (74.4%) | loss: 2.896836 | lrm: 0.51 | dt: 159ms | tok/sec: 1,643,633 | mfu: 39.7% | epoch: 1 | remaining: 77s    
step 01303 (74.5%) | loss: 2.893677 | lrm: 0.51 | dt: 162ms | tok/sec: 1,619,727 | mfu: 39.1% | epoch: 1 | remaining: 76s    
step 01304 (74.5%) | loss: 2.890605 | lrm: 0.51 | dt: 160ms | tok/sec: 1,636,721 | mfu: 39.5% | epoch: 1 | remaining: 76s    
step 01305 (74.6%) | loss: 2.891281 | lrm: 0.51 | dt: 160ms | tok/sec: 1,640,973 | mfu: 39.6% | epoch: 1 | remaining: 76s    
step 01306 (74.6%) | loss: 2.885035 | lrm: 0.51 | dt: 180ms | tok/sec: 1,457,959 | mfu: 35.2% | epoch: 1 | remaining: 76s    
step 01307 (74.7%) | loss: 2.885568 | lrm: 0.51 | dt: 169ms | tok/sec: 1,554,657 | mfu: 37.6% | epoch: 1 | remaining: 76s    
step 01308 (74.8%) | loss: 2.887530 | lrm: 0.50 | dt: 162ms | tok/sec: 1,614,426 | mfu: 39.0% | epoch: 1 | remaining: 76s    
step 01309 (74.8%) | loss: 2.887266 | lrm: 0.50 | dt: 162ms | tok/sec: 1,620,252 | mfu: 39.1% | epoch: 1 | remaining: 75s    
step 01310 (74.9%) | loss: 2.886220 | lrm: 0.50 | dt: 161ms | tok/sec: 1,627,006 | mfu: 39.3% | epoch: 1 | remaining: 75s    
step 01311 (74.9%) | loss: 2.884086 | lrm: 0.50 | dt: 164ms | tok/sec: 1,593,619 | mfu: 38.5% | epoch: 1 | remaining: 75s    
step 01312 (75.0%) | loss: 2.879930 | lrm: 0.50 | dt: 174ms | tok/sec: 1,510,569 | mfu: 36.5% | epoch: 1 | remaining: 75s    
step 01313 (75.0%) | loss: 2.875943 | lrm: 0.50 | dt: 166ms | tok/sec: 1,575,100 | mfu: 38.1% | epoch: 1 | remaining: 75s    
step 01314 (75.1%) | loss: 2.883136 | lrm: 0.50 | dt: 163ms | tok/sec: 1,605,142 | mfu: 38.8% | epoch: 1 | remaining: 75s    
step 01315 (75.1%) | loss: 2.887025 | lrm: 0.50 | dt: 162ms | tok/sec: 1,617,499 | mfu: 39.1% | epoch: 1 | remaining: 74s    
step 01316 (75.2%) | loss: 2.882759 | lrm: 0.50 | dt: 161ms | tok/sec: 1,628,582 | mfu: 39.3% | epoch: 1 | remaining: 74s    
step 01317 (75.3%) | loss: 2.884886 | lrm: 0.49 | dt: 178ms | tok/sec: 1,476,595 | mfu: 35.7% | epoch: 1 | remaining: 74s    
step 01318 (75.3%) | loss: 2.885251 | lrm: 0.49 | dt: 166ms | tok/sec: 1,581,719 | mfu: 38.2% | epoch: 1 | remaining: 74s    
step 01319 (75.4%) | loss: 2.884872 | lrm: 0.49 | dt: 167ms | tok/sec: 1,568,593 | mfu: 37.9% | epoch: 1 | remaining: 74s    
step 01320 (75.4%) | loss: 2.889512 | lrm: 0.49 | dt: 163ms | tok/sec: 1,607,167 | mfu: 38.8% | epoch: 1 | remaining: 74s    
step 01321 (75.5%) | loss: 2.887336 | lrm: 0.49 | dt: 174ms | tok/sec: 1,505,404 | mfu: 36.4% | epoch: 1 | remaining: 73s    
step 01322 (75.5%) | loss: 2.886045 | lrm: 0.49 | dt: 160ms | tok/sec: 1,640,288 | mfu: 39.6% | epoch: 1 | remaining: 73s    
step 01323 (75.6%) | loss: 2.890219 | lrm: 0.49 | dt: 165ms | tok/sec: 1,593,132 | mfu: 38.5% | epoch: 1 | remaining: 73s    
step 01324 (75.6%) | loss: 2.891232 | lrm: 0.49 | dt: 168ms | tok/sec: 1,564,252 | mfu: 37.8% | epoch: 1 | remaining: 73s    
step 01325 (75.7%) | loss: 2.893268 | lrm: 0.49 | dt: 166ms | tok/sec: 1,579,129 | mfu: 38.2% | epoch: 1 | remaining: 73s    
step 01326 (75.8%) | loss: 2.888097 | lrm: 0.48 | dt: 189ms | tok/sec: 1,384,069 | mfu: 33.4% | epoch: 1 | remaining: 73s    
step 01327 (75.8%) | loss: 2.884992 | lrm: 0.48 | dt: 159ms | tok/sec: 1,647,971 | mfu: 39.8% | epoch: 1 | remaining: 72s    
step 01328 (75.9%) | loss: 2.886689 | lrm: 0.48 | dt: 170ms | tok/sec: 1,541,048 | mfu: 37.2% | epoch: 1 | remaining: 72s    
step 01329 (75.9%) | loss: 2.884174 | lrm: 0.48 | dt: 163ms | tok/sec: 1,605,635 | mfu: 38.8% | epoch: 1 | remaining: 72s    
step 01330 (76.0%) | loss: 2.880789 | lrm: 0.48 | dt: 166ms | tok/sec: 1,580,346 | mfu: 38.2% | epoch: 1 | remaining: 72s    
step 01331 (76.0%) | loss: 2.880503 | lrm: 0.48 | dt: 308ms | tok/sec: 851,112 | mfu: 20.6% | epoch: 1 | remaining: 72s    
step 01332 (76.1%) | loss: 2.872556 | lrm: 0.48 | dt: 168ms | tok/sec: 1,563,062 | mfu: 37.8% | epoch: 1 | remaining: 71s    
step 01333 (76.2%) | loss: 2.870045 | lrm: 0.48 | dt: 166ms | tok/sec: 1,583,934 | mfu: 38.3% | epoch: 1 | remaining: 71s    
step 01334 (76.2%) | loss: 2.871464 | lrm: 0.48 | dt: 161ms | tok/sec: 1,624,801 | mfu: 39.3% | epoch: 1 | remaining: 71s    
step 01335 (76.3%) | loss: 2.870738 | lrm: 0.47 | dt: 161ms | tok/sec: 1,624,684 | mfu: 39.3% | epoch: 1 | remaining: 71s    
step 01336 (76.4%) | loss: 2.874408 | lrm: 0.47 | dt: 177ms | tok/sec: 1,482,660 | mfu: 35.8% | epoch: 1 | remaining: 71s    
step 01337 (76.4%) | loss: 2.874189 | lrm: 0.47 | dt: 175ms | tok/sec: 1,496,512 | mfu: 36.2% | epoch: 1 | remaining: 71s    
step 01338 (76.5%) | loss: 2.870905 | lrm: 0.47 | dt: 178ms | tok/sec: 1,468,610 | mfu: 35.5% | epoch: 1 | remaining: 70s    
step 01339 (76.5%) | loss: 2.870846 | lrm: 0.47 | dt: 158ms | tok/sec: 1,655,472 | mfu: 40.0% | epoch: 1 | remaining: 70s    
step 01340 (76.6%) | loss: 2.867950 | lrm: 0.47 | dt: 173ms | tok/sec: 1,518,465 | mfu: 36.7% | epoch: 1 | remaining: 70s    
step 01341 (76.6%) | loss: 2.874799 | lrm: 0.47 | dt: 167ms | tok/sec: 1,570,838 | mfu: 38.0% | epoch: 1 | remaining: 70s    
step 01342 (76.7%) | loss: 2.870659 | lrm: 0.47 | dt: 161ms | tok/sec: 1,628,558 | mfu: 39.3% | epoch: 1 | remaining: 70s    
step 01343 (76.8%) | loss: 2.876627 | lrm: 0.46 | dt: 169ms | tok/sec: 1,549,996 | mfu: 37.5% | epoch: 1 | remaining: 70s    
step 01344 (76.8%) | loss: 2.874279 | lrm: 0.46 | dt: 170ms | tok/sec: 1,542,568 | mfu: 37.3% | epoch: 1 | remaining: 69s    
step 01345 (76.9%) | loss: 2.872096 | lrm: 0.46 | dt: 178ms | tok/sec: 1,470,515 | mfu: 35.5% | epoch: 1 | remaining: 69s    
step 01346 (76.9%) | loss: 2.877143 | lrm: 0.46 | dt: 160ms | tok/sec: 1,639,085 | mfu: 39.6% | epoch: 1 | remaining: 69s    
step 01347 (77.0%) | loss: 2.875184 | lrm: 0.46 | dt: 202ms | tok/sec: 1,300,776 | mfu: 31.4% | epoch: 1 | remaining: 69s    
step 01348 (77.0%) | loss: 2.869946 | lrm: 0.46 | dt: 159ms | tok/sec: 1,647,085 | mfu: 39.8% | epoch: 1 | remaining: 69s    
step 01349 (77.1%) | loss: 2.868008 | lrm: 0.46 | dt: 186ms | tok/sec: 1,410,008 | mfu: 34.1% | epoch: 1 | remaining: 69s    
step 01350 (77.2%) | loss: 2.868917 | lrm: 0.46 | dt: 160ms | tok/sec: 1,642,741 | mfu: 39.7% | epoch: 1 | remaining: 68s    
step 01351 (77.2%) | loss: 2.869223 | lrm: 0.46 | dt: 164ms | tok/sec: 1,594,870 | mfu: 38.5% | epoch: 1 | remaining: 68s    
step 01352 (77.3%) | loss: 2.873392 | lrm: 0.45 | dt: 188ms | tok/sec: 1,392,197 | mfu: 33.6% | epoch: 1 | remaining: 68s    
step 01353 (77.3%) | loss: 2.876545 | lrm: 0.45 | dt: 186ms | tok/sec: 1,406,100 | mfu: 34.0% | epoch: 1 | remaining: 68s    
step 01354 (77.4%) | loss: 2.873930 | lrm: 0.45 | dt: 165ms | tok/sec: 1,587,247 | mfu: 38.4% | epoch: 1 | remaining: 68s    
step 01355 (77.4%) | loss: 2.875861 | lrm: 0.45 | dt: 161ms | tok/sec: 1,631,456 | mfu: 39.4% | epoch: 1 | remaining: 67s    
step 01356 (77.5%) | loss: 2.876932 | lrm: 0.45 | dt: 163ms | tok/sec: 1,604,269 | mfu: 38.8% | epoch: 1 | remaining: 67s    
step 01357 (77.6%) | loss: 2.881569 | lrm: 0.45 | dt: 189ms | tok/sec: 1,386,451 | mfu: 33.5% | epoch: 1 | remaining: 67s    
step 01358 (77.6%) | loss: 2.883237 | lrm: 0.45 | dt: 161ms | tok/sec: 1,630,565 | mfu: 39.4% | epoch: 1 | remaining: 67s    
step 01359 (77.7%) | loss: 2.879464 | lrm: 0.45 | dt: 169ms | tok/sec: 1,547,045 | mfu: 37.4% | epoch: 1 | remaining: 67s    
step 01360 (77.7%) | loss: 2.879780 | lrm: 0.45 | dt: 201ms | tok/sec: 1,302,110 | mfu: 31.5% | epoch: 1 | remaining: 67s    
step 01361 (77.8%) | loss: 2.877441 | lrm: 0.44 | dt: 173ms | tok/sec: 1,516,262 | mfu: 36.6% | epoch: 1 | remaining: 66s    
step 01362 (77.9%) | loss: 2.876075 | lrm: 0.44 | dt: 166ms | tok/sec: 1,579,776 | mfu: 38.2% | epoch: 1 | remaining: 66s    
step 01363 (77.9%) | loss: 2.873334 | lrm: 0.44 | dt: 159ms | tok/sec: 1,649,254 | mfu: 39.8% | epoch: 1 | remaining: 66s    
step 01364 (78.0%) | loss: 2.874461 | lrm: 0.44 | dt: 166ms | tok/sec: 1,581,419 | mfu: 38.2% | epoch: 1 | remaining: 66s    
step 01365 (78.0%) | loss: 2.873904 | lrm: 0.44 | dt: 164ms | tok/sec: 1,599,047 | mfu: 38.6% | epoch: 1 | remaining: 66s    
step 01366 (78.1%) | loss: 2.873297 | lrm: 0.44 | dt: 173ms | tok/sec: 1,513,801 | mfu: 36.6% | epoch: 1 | remaining: 66s    
step 01367 (78.1%) | loss: 2.880850 | lrm: 0.44 | dt: 168ms | tok/sec: 1,557,004 | mfu: 37.6% | epoch: 1 | remaining: 65s    
step 01368 (78.2%) | loss: 2.879170 | lrm: 0.44 | dt: 163ms | tok/sec: 1,609,070 | mfu: 38.9% | epoch: 1 | remaining: 65s    
step 01369 (78.2%) | loss: 2.875953 | lrm: 0.44 | dt: 163ms | tok/sec: 1,610,659 | mfu: 38.9% | epoch: 1 | remaining: 65s    
step 01370 (78.3%) | loss: 2.877056 | lrm: 0.43 | dt: 163ms | tok/sec: 1,609,755 | mfu: 38.9% | epoch: 1 | remaining: 65s    
step 01371 (78.4%) | loss: 2.881936 | lrm: 0.43 | dt: 173ms | tok/sec: 1,519,100 | mfu: 36.7% | epoch: 1 | remaining: 65s    
step 01372 (78.4%) | loss: 2.877631 | lrm: 0.43 | dt: 166ms | tok/sec: 1,577,808 | mfu: 38.1% | epoch: 1 | remaining: 65s    
step 01373 (78.5%) | loss: 2.877821 | lrm: 0.43 | dt: 186ms | tok/sec: 1,406,095 | mfu: 34.0% | epoch: 1 | remaining: 64s    
step 01374 (78.5%) | loss: 2.876629 | lrm: 0.43 | dt: 159ms | tok/sec: 1,653,182 | mfu: 39.9% | epoch: 1 | remaining: 64s    
step 01375 (78.6%) | loss: 2.878705 | lrm: 0.43 | dt: 163ms | tok/sec: 1,607,640 | mfu: 38.8% | epoch: 1 | remaining: 64s    
step 01376 (78.6%) | loss: 2.880965 | lrm: 0.43 | dt: 171ms | tok/sec: 1,535,789 | mfu: 37.1% | epoch: 1 | remaining: 64s    
step 01377 (78.7%) | loss: 2.880469 | lrm: 0.43 | dt: 166ms | tok/sec: 1,578,356 | mfu: 38.1% | epoch: 1 | remaining: 64s    
step 01378 (78.7%) | loss: 2.879849 | lrm: 0.43 | dt: 177ms | tok/sec: 1,478,253 | mfu: 35.7% | epoch: 1 | remaining: 64s    
step 01379 (78.8%) | loss: 2.881808 | lrm: 0.42 | dt: 168ms | tok/sec: 1,559,360 | mfu: 37.7% | epoch: 1 | remaining: 63s    
step 01380 (78.9%) | loss: 2.883455 | lrm: 0.42 | dt: 195ms | tok/sec: 1,341,839 | mfu: 32.4% | epoch: 1 | remaining: 63s    
step 01381 (78.9%) | loss: 2.880313 | lrm: 0.42 | dt: 162ms | tok/sec: 1,617,830 | mfu: 39.1% | epoch: 1 | remaining: 63s    
step 01382 (79.0%) | loss: 2.874092 | lrm: 0.42 | dt: 159ms | tok/sec: 1,651,327 | mfu: 39.9% | epoch: 1 | remaining: 63s    
step 01383 (79.0%) | loss: 2.876102 | lrm: 0.42 | dt: 161ms | tok/sec: 1,628,286 | mfu: 39.3% | epoch: 1 | remaining: 63s    
step 01384 (79.1%) | loss: 2.875369 | lrm: 0.42 | dt: 167ms | tok/sec: 1,573,889 | mfu: 38.0% | epoch: 1 | remaining: 63s    
step 01385 (79.1%) | loss: 2.874796 | lrm: 0.42 | dt: 179ms | tok/sec: 1,461,502 | mfu: 35.3% | epoch: 1 | remaining: 62s    
step 01386 (79.2%) | loss: 2.872964 | lrm: 0.42 | dt: 372ms | tok/sec: 704,501 | mfu: 17.0% | epoch: 1 | remaining: 62s    
step 01387 (79.3%) | loss: 2.871227 | lrm: 0.41 | dt: 174ms | tok/sec: 1,508,825 | mfu: 36.5% | epoch: 1 | remaining: 62s    
step 01388 (79.4%) | loss: 2.871157 | lrm: 0.41 | dt: 161ms | tok/sec: 1,625,094 | mfu: 39.3% | epoch: 1 | remaining: 62s    
step 01389 (79.4%) | loss: 2.874909 | lrm: 0.41 | dt: 161ms | tok/sec: 1,629,577 | mfu: 39.4% | epoch: 1 | remaining: 62s    
step 01390 (79.5%) | loss: 2.873856 | lrm: 0.41 | dt: 162ms | tok/sec: 1,615,417 | mfu: 39.0% | epoch: 1 | remaining: 61s    
step 01391 (79.5%) | loss: 2.873170 | lrm: 0.41 | dt: 162ms | tok/sec: 1,614,656 | mfu: 39.0% | epoch: 1 | remaining: 61s    
step 01392 (79.6%) | loss: 2.873578 | lrm: 0.41 | dt: 181ms | tok/sec: 1,451,408 | mfu: 35.1% | epoch: 1 | remaining: 61s    
step 01393 (79.7%) | loss: 2.872357 | lrm: 0.41 | dt: 167ms | tok/sec: 1,565,896 | mfu: 37.8% | epoch: 1 | remaining: 61s    
step 01394 (79.7%) | loss: 2.873424 | lrm: 0.41 | dt: 162ms | tok/sec: 1,619,689 | mfu: 39.1% | epoch: 1 | remaining: 61s    
step 01395 (79.8%) | loss: 2.874109 | lrm: 0.40 | dt: 163ms | tok/sec: 1,606,822 | mfu: 38.8% | epoch: 1 | remaining: 61s    
step 01396 (79.8%) | loss: 2.871895 | lrm: 0.40 | dt: 162ms | tok/sec: 1,613,616 | mfu: 39.0% | epoch: 1 | remaining: 60s    
step 01397 (79.9%) | loss: 2.871738 | lrm: 0.40 | dt: 231ms | tok/sec: 1,135,252 | mfu: 27.4% | epoch: 1 | remaining: 60s    
step 01398 (80.0%) | loss: 2.876701 | lrm: 0.40 | dt: 216ms | tok/sec: 1,215,545 | mfu: 29.4% | epoch: 1 | remaining: 60s    
step 01399 (80.0%) | loss: 2.875274 | lrm: 0.40 | dt: 200ms | tok/sec: 1,310,112 | mfu: 31.7% | epoch: 1 | remaining: 60s    
step 01400 (80.1%) | loss: 2.875459 | lrm: 0.40 | dt: 160ms | tok/sec: 1,643,063 | mfu: 39.7% | epoch: 1 | remaining: 60s    
step 01401 (80.1%) | loss: 2.874312 | lrm: 0.40 | dt: 172ms | tok/sec: 1,526,382 | mfu: 36.9% | epoch: 1 | remaining: 59s    
step 01402 (80.2%) | loss: 2.877445 | lrm: 0.40 | dt: 161ms | tok/sec: 1,632,294 | mfu: 39.4% | epoch: 1 | remaining: 59s    
step 01403 (80.3%) | loss: 2.878656 | lrm: 0.39 | dt: 162ms | tok/sec: 1,621,648 | mfu: 39.2% | epoch: 1 | remaining: 59s    
step 01404 (80.3%) | loss: 2.876096 | lrm: 0.39 | dt: 173ms | tok/sec: 1,513,692 | mfu: 36.6% | epoch: 1 | remaining: 59s    
step 01405 (80.4%) | loss: 2.873896 | lrm: 0.39 | dt: 174ms | tok/sec: 1,502,682 | mfu: 36.3% | epoch: 1 | remaining: 59s    
step 01406 (80.4%) | loss: 2.872557 | lrm: 0.39 | dt: 164ms | tok/sec: 1,599,443 | mfu: 38.6% | epoch: 1 | remaining: 59s    
step 01407 (80.5%) | loss: 2.877672 | lrm: 0.39 | dt: 164ms | tok/sec: 1,598,294 | mfu: 38.6% | epoch: 1 | remaining: 58s    
step 01408 (80.5%) | loss: 2.869735 | lrm: 0.39 | dt: 163ms | tok/sec: 1,605,496 | mfu: 38.8% | epoch: 1 | remaining: 58s    
step 01409 (80.6%) | loss: 2.867125 | lrm: 0.39 | dt: 164ms | tok/sec: 1,601,789 | mfu: 38.7% | epoch: 1 | remaining: 58s    
step 01410 (80.6%) | loss: 2.867085 | lrm: 0.39 | dt: 167ms | tok/sec: 1,571,440 | mfu: 38.0% | epoch: 1 | remaining: 58s    
step 01411 (80.7%) | loss: 2.864366 | lrm: 0.39 | dt: 173ms | tok/sec: 1,518,817 | mfu: 36.7% | epoch: 1 | remaining: 58s    
step 01412 (80.8%) | loss: 2.864744 | lrm: 0.38 | dt: 165ms | tok/sec: 1,593,522 | mfu: 38.5% | epoch: 1 | remaining: 58s    
step 01413 (80.8%) | loss: 2.862877 | lrm: 0.38 | dt: 163ms | tok/sec: 1,609,796 | mfu: 38.9% | epoch: 1 | remaining: 57s    
step 01414 (80.9%) | loss: 2.863902 | lrm: 0.38 | dt: 162ms | tok/sec: 1,620,486 | mfu: 39.2% | epoch: 1 | remaining: 57s    
step 01415 (80.9%) | loss: 2.860097 | lrm: 0.38 | dt: 164ms | tok/sec: 1,598,094 | mfu: 38.6% | epoch: 1 | remaining: 57s    
step 01416 (81.0%) | loss: 2.853604 | lrm: 0.38 | dt: 169ms | tok/sec: 1,546,623 | mfu: 37.4% | epoch: 1 | remaining: 57s    
step 01417 (81.0%) | loss: 2.855599 | lrm: 0.38 | dt: 196ms | tok/sec: 1,336,260 | mfu: 32.3% | epoch: 1 | remaining: 57s    
step 01418 (81.1%) | loss: 2.853089 | lrm: 0.38 | dt: 177ms | tok/sec: 1,482,175 | mfu: 35.8% | epoch: 1 | remaining: 57s    
step 01419 (81.2%) | loss: 2.854353 | lrm: 0.38 | dt: 168ms | tok/sec: 1,558,717 | mfu: 37.7% | epoch: 1 | remaining: 56s    
step 01420 (81.2%) | loss: 2.851821 | lrm: 0.38 | dt: 162ms | tok/sec: 1,621,961 | mfu: 39.2% | epoch: 1 | remaining: 56s    
step 01421 (81.3%) | loss: 2.850097 | lrm: 0.37 | dt: 159ms | tok/sec: 1,644,353 | mfu: 39.7% | epoch: 1 | remaining: 56s    
step 01422 (81.3%) | loss: 2.845898 | lrm: 0.37 | dt: 165ms | tok/sec: 1,591,956 | mfu: 38.5% | epoch: 1 | remaining: 56s    
step 01423 (81.4%) | loss: 2.846206 | lrm: 0.37 | dt: 173ms | tok/sec: 1,511,908 | mfu: 36.5% | epoch: 1 | remaining: 56s    
step 01424 (81.4%) | loss: 2.847993 | lrm: 0.37 | dt: 203ms | tok/sec: 1,290,020 | mfu: 31.2% | epoch: 1 | remaining: 56s    
step 01425 (81.5%) | loss: 2.851703 | lrm: 0.37 | dt: 160ms | tok/sec: 1,638,589 | mfu: 39.6% | epoch: 1 | remaining: 55s    
step 01426 (81.6%) | loss: 2.851267 | lrm: 0.37 | dt: 162ms | tok/sec: 1,617,216 | mfu: 39.1% | epoch: 1 | remaining: 55s    
step 01427 (81.6%) | loss: 2.852143 | lrm: 0.37 | dt: 165ms | tok/sec: 1,584,358 | mfu: 38.3% | epoch: 1 | remaining: 55s    
step 01428 (81.7%) | loss: 2.854299 | lrm: 0.37 | dt: 165ms | tok/sec: 1,585,354 | mfu: 38.3% | epoch: 1 | remaining: 55s    
step 01429 (81.7%) | loss: 2.853843 | lrm: 0.37 | dt: 201ms | tok/sec: 1,303,368 | mfu: 31.5% | epoch: 1 | remaining: 55s    
step 01430 (81.8%) | loss: 2.852517 | lrm: 0.36 | dt: 166ms | tok/sec: 1,578,519 | mfu: 38.1% | epoch: 1 | remaining: 54s    
step 01431 (81.8%) | loss: 2.850181 | lrm: 0.36 | dt: 167ms | tok/sec: 1,571,550 | mfu: 38.0% | epoch: 1 | remaining: 54s    
step 01432 (81.9%) | loss: 2.849080 | lrm: 0.36 | dt: 164ms | tok/sec: 1,601,483 | mfu: 38.7% | epoch: 1 | remaining: 54s    
step 01433 (81.9%) | loss: 2.846738 | lrm: 0.36 | dt: 162ms | tok/sec: 1,615,776 | mfu: 39.0% | epoch: 1 | remaining: 54s    
step 01434 (82.0%) | loss: 2.843239 | lrm: 0.36 | dt: 167ms | tok/sec: 1,573,666 | mfu: 38.0% | epoch: 1 | remaining: 54s    
step 01435 (82.1%) | loss: 2.845728 | lrm: 0.36 | dt: 173ms | tok/sec: 1,513,624 | mfu: 36.6% | epoch: 1 | remaining: 54s    
step 01436 (82.1%) | loss: 2.848236 | lrm: 0.36 | dt: 169ms | tok/sec: 1,551,481 | mfu: 37.5% | epoch: 1 | remaining: 53s    
step 01437 (82.2%) | loss: 2.844117 | lrm: 0.36 | dt: 165ms | tok/sec: 1,591,645 | mfu: 38.5% | epoch: 1 | remaining: 53s    
step 01438 (82.2%) | loss: 2.839785 | lrm: 0.36 | dt: 180ms | tok/sec: 1,458,669 | mfu: 35.2% | epoch: 1 | remaining: 53s    
step 01439 (82.3%) | loss: 2.843258 | lrm: 0.35 | dt: 161ms | tok/sec: 1,632,907 | mfu: 39.5% | epoch: 1 | remaining: 53s    
step 01440 (82.3%) | loss: 2.840654 | lrm: 0.35 | dt: 167ms | tok/sec: 1,565,343 | mfu: 37.8% | epoch: 1 | remaining: 53s    
step 01441 (82.4%) | loss: 2.841005 | lrm: 0.35 | dt: 166ms | tok/sec: 1,577,249 | mfu: 38.1% | epoch: 1 | remaining: 53s    
step 01442 (82.5%) | loss: 2.839719 | lrm: 0.35 | dt: 169ms | tok/sec: 1,550,794 | mfu: 37.5% | epoch: 1 | remaining: 52s    
step 01443 (82.5%) | loss: 2.840078 | lrm: 0.35 | dt: 246ms | tok/sec: 1,066,407 | mfu: 25.8% | epoch: 1 | remaining: 52s    
step 01444 (82.6%) | loss: 2.841453 | lrm: 0.35 | dt: 158ms | tok/sec: 1,656,210 | mfu: 40.0% | epoch: 1 | remaining: 52s    
step 01445 (82.6%) | loss: 2.841702 | lrm: 0.35 | dt: 195ms | tok/sec: 1,343,766 | mfu: 32.5% | epoch: 1 | remaining: 52s    
step 01446 (82.7%) | loss: 2.840982 | lrm: 0.35 | dt: 182ms | tok/sec: 1,443,999 | mfu: 34.9% | epoch: 1 | remaining: 52s    
step 01447 (82.8%) | loss: 2.840761 | lrm: 0.34 | dt: 160ms | tok/sec: 1,636,287 | mfu: 39.5% | epoch: 1 | remaining: 52s    
step 01448 (82.8%) | loss: 2.839155 | lrm: 0.34 | dt: 164ms | tok/sec: 1,597,279 | mfu: 38.6% | epoch: 1 | remaining: 51s    
step 01449 (82.9%) | loss: 2.836162 | lrm: 0.34 | dt: 170ms | tok/sec: 1,537,933 | mfu: 37.2% | epoch: 1 | remaining: 51s    
step 01450 (82.9%) | loss: 2.836428 | lrm: 0.34 | dt: 166ms | tok/sec: 1,582,586 | mfu: 38.2% | epoch: 1 | remaining: 51s    
step 01451 (83.0%) | loss: 2.840292 | lrm: 0.34 | dt: 177ms | tok/sec: 1,482,023 | mfu: 35.8% | epoch: 1 | remaining: 51s    
step 01452 (83.0%) | loss: 2.842116 | lrm: 0.34 | dt: 165ms | tok/sec: 1,589,337 | mfu: 38.4% | epoch: 1 | remaining: 51s    
step 01453 (83.1%) | loss: 2.842814 | lrm: 0.34 | dt: 222ms | tok/sec: 1,180,829 | mfu: 28.5% | epoch: 1 | remaining: 50s    
step 01454 (83.2%) | loss: 2.839501 | lrm: 0.34 | dt: 160ms | tok/sec: 1,639,288 | mfu: 39.6% | epoch: 1 | remaining: 50s    
step 01455 (83.2%) | loss: 2.840326 | lrm: 0.34 | dt: 174ms | tok/sec: 1,504,290 | mfu: 36.3% | epoch: 1 | remaining: 50s    
step 01456 (83.3%) | loss: 2.842858 | lrm: 0.33 | dt: 161ms | tok/sec: 1,632,798 | mfu: 39.5% | epoch: 1 | remaining: 50s    
step 01457 (83.3%) | loss: 2.843510 | lrm: 0.33 | dt: 164ms | tok/sec: 1,597,321 | mfu: 38.6% | epoch: 1 | remaining: 50s    
step 01458 (83.4%) | loss: 2.842622 | lrm: 0.33 | dt: 161ms | tok/sec: 1,624,715 | mfu: 39.3% | epoch: 1 | remaining: 50s    
step 01459 (83.5%) | loss: 2.844623 | lrm: 0.33 | dt: 179ms | tok/sec: 1,466,553 | mfu: 35.4% | epoch: 1 | remaining: 49s    
step 01460 (83.5%) | loss: 2.842589 | lrm: 0.33 | dt: 165ms | tok/sec: 1,585,025 | mfu: 38.3% | epoch: 1 | remaining: 49s    
step 01461 (83.6%) | loss: 2.840347 | lrm: 0.33 | dt: 165ms | tok/sec: 1,591,274 | mfu: 38.4% | epoch: 1 | remaining: 49s    
step 01462 (83.6%) | loss: 2.841887 | lrm: 0.33 | dt: 167ms | tok/sec: 1,567,955 | mfu: 37.9% | epoch: 1 | remaining: 49s    
step 01463 (83.7%) | loss: 2.835846 | lrm: 0.33 | dt: 162ms | tok/sec: 1,614,153 | mfu: 39.0% | epoch: 1 | remaining: 49s    
step 01464 (83.7%) | loss: 2.835362 | lrm: 0.33 | dt: 166ms | tok/sec: 1,577,367 | mfu: 38.1% | epoch: 1 | remaining: 49s    
step 01465 (83.8%) | loss: 2.837609 | lrm: 0.32 | dt: 175ms | tok/sec: 1,496,789 | mfu: 36.2% | epoch: 1 | remaining: 48s    
step 01466 (83.8%) | loss: 2.834468 | lrm: 0.32 | dt: 167ms | tok/sec: 1,570,946 | mfu: 38.0% | epoch: 1 | remaining: 48s    
step 01467 (83.9%) | loss: 2.834931 | lrm: 0.32 | dt: 165ms | tok/sec: 1,588,712 | mfu: 38.4% | epoch: 1 | remaining: 48s    
step 01468 (84.0%) | loss: 2.829151 | lrm: 0.32 | dt: 164ms | tok/sec: 1,598,243 | mfu: 38.6% | epoch: 1 | remaining: 48s    
step 01469 (84.0%) | loss: 2.829985 | lrm: 0.32 | dt: 173ms | tok/sec: 1,518,240 | mfu: 36.7% | epoch: 1 | remaining: 48s    
step 01470 (84.1%) | loss: 2.826099 | lrm: 0.32 | dt: 170ms | tok/sec: 1,542,801 | mfu: 37.3% | epoch: 1 | remaining: 48s    
step 01471 (84.1%) | loss: 2.825176 | lrm: 0.32 | dt: 173ms | tok/sec: 1,514,107 | mfu: 36.6% | epoch: 1 | remaining: 47s    
step 01472 (84.2%) | loss: 2.822248 | lrm: 0.32 | dt: 167ms | tok/sec: 1,567,624 | mfu: 37.9% | epoch: 1 | remaining: 47s    
step 01473 (84.2%) | loss: 2.825239 | lrm: 0.32 | dt: 168ms | tok/sec: 1,559,821 | mfu: 37.7% | epoch: 1 | remaining: 47s    
step 01474 (84.3%) | loss: 2.824872 | lrm: 0.31 | dt: 163ms | tok/sec: 1,605,825 | mfu: 38.8% | epoch: 1 | remaining: 47s    
step 01475 (84.3%) | loss: 2.824643 | lrm: 0.31 | dt: 164ms | tok/sec: 1,594,148 | mfu: 38.5% | epoch: 1 | remaining: 47s    
step 01476 (84.4%) | loss: 2.823246 | lrm: 0.31 | dt: 176ms | tok/sec: 1,487,537 | mfu: 35.9% | epoch: 1 | remaining: 47s    
step 01477 (84.5%) | loss: 2.825219 | lrm: 0.31 | dt: 165ms | tok/sec: 1,587,602 | mfu: 38.4% | epoch: 1 | remaining: 46s    
step 01478 (84.5%) | loss: 2.830264 | lrm: 0.31 | dt: 178ms | tok/sec: 1,475,210 | mfu: 35.6% | epoch: 1 | remaining: 46s    
step 01479 (84.6%) | loss: 2.831668 | lrm: 0.31 | dt: 167ms | tok/sec: 1,568,702 | mfu: 37.9% | epoch: 1 | remaining: 46s    
step 01480 (84.6%) | loss: 2.827744 | lrm: 0.31 | dt: 178ms | tok/sec: 1,473,781 | mfu: 35.6% | epoch: 1 | remaining: 46s    
step 01481 (84.7%) | loss: 2.832019 | lrm: 0.31 | dt: 159ms | tok/sec: 1,647,818 | mfu: 39.8% | epoch: 1 | remaining: 46s    
step 01482 (84.7%) | loss: 2.832064 | lrm: 0.31 | dt: 166ms | tok/sec: 1,582,561 | mfu: 38.2% | epoch: 1 | remaining: 46s    
step 01483 (84.8%) | loss: 2.835759 | lrm: 0.30 | dt: 167ms | tok/sec: 1,567,982 | mfu: 37.9% | epoch: 1 | remaining: 45s    
step 01484 (84.9%) | loss: 2.831674 | lrm: 0.30 | dt: 169ms | tok/sec: 1,552,245 | mfu: 37.5% | epoch: 1 | remaining: 45s    
step 01485 (84.9%) | loss: 2.827816 | lrm: 0.30 | dt: 192ms | tok/sec: 1,365,278 | mfu: 33.0% | epoch: 1 | remaining: 45s    
step 01486 (85.0%) | loss: 2.828420 | lrm: 0.30 | dt: 160ms | tok/sec: 1,637,235 | mfu: 39.6% | epoch: 1 | remaining: 45s    
step 01487 (85.0%) | loss: 2.827651 | lrm: 0.30 | dt: 165ms | tok/sec: 1,590,707 | mfu: 38.4% | epoch: 1 | remaining: 45s    
step 01488 (85.1%) | loss: 2.828653 | lrm: 0.30 | dt: 164ms | tok/sec: 1,593,677 | mfu: 38.5% | epoch: 1 | remaining: 45s    
step 01489 (85.1%) | loss: 2.827717 | lrm: 0.30 | dt: 166ms | tok/sec: 1,582,536 | mfu: 38.2% | epoch: 1 | remaining: 44s    
step 01490 (85.2%) | loss: 2.827237 | lrm: 0.30 | dt: 169ms | tok/sec: 1,551,577 | mfu: 37.5% | epoch: 1 | remaining: 44s    
step 01491 (85.2%) | loss: 2.825927 | lrm: 0.30 | dt: 169ms | tok/sec: 1,553,245 | mfu: 37.5% | epoch: 1 | remaining: 44s    
step 01492 (85.3%) | loss: 2.828580 | lrm: 0.29 | dt: 165ms | tok/sec: 1,592,627 | mfu: 38.5% | epoch: 1 | remaining: 44s    
step 01493 (85.4%) | loss: 2.826338 | lrm: 0.29 | dt: 166ms | tok/sec: 1,579,013 | mfu: 38.2% | epoch: 1 | remaining: 44s    
step 01494 (85.4%) | loss: 2.829883 | lrm: 0.29 | dt: 164ms | tok/sec: 1,597,878 | mfu: 38.6% | epoch: 1 | remaining: 44s    
step 01495 (85.5%) | loss: 2.832471 | lrm: 0.29 | dt: 196ms | tok/sec: 1,335,439 | mfu: 32.3% | epoch: 1 | remaining: 43s    
step 01496 (85.5%) | loss: 2.834075 | lrm: 0.29 | dt: 160ms | tok/sec: 1,641,699 | mfu: 39.7% | epoch: 1 | remaining: 43s    
step 01497 (85.6%) | loss: 2.837438 | lrm: 0.29 | dt: 192ms | tok/sec: 1,363,226 | mfu: 32.9% | epoch: 1 | remaining: 43s    
step 01498 (85.7%) | loss: 2.836629 | lrm: 0.29 | dt: 183ms | tok/sec: 1,430,476 | mfu: 34.6% | epoch: 1 | remaining: 43s    
step 01499 (85.7%) | loss: 2.835190 | lrm: 0.29 | dt: 161ms | tok/sec: 1,623,547 | mfu: 39.2% | epoch: 1 | remaining: 43s    
step 01500 (85.8%) | loss: 2.838641 | lrm: 0.28 | dt: 161ms | tok/sec: 1,625,409 | mfu: 39.3% | epoch: 1 | remaining: 43s    
step 01501 (85.8%) | loss: 2.839137 | lrm: 0.28 | dt: 187ms | tok/sec: 1,398,844 | mfu: 33.8% | epoch: 1 | remaining: 42s    
step 01502 (85.9%) | loss: 2.844739 | lrm: 0.28 | dt: 193ms | tok/sec: 1,355,488 | mfu: 32.8% | epoch: 1 | remaining: 42s    
step 01503 (85.9%) | loss: 2.845327 | lrm: 0.28 | dt: 159ms | tok/sec: 1,644,515 | mfu: 39.7% | epoch: 1 | remaining: 42s    
step 01504 (86.0%) | loss: 2.841875 | lrm: 0.28 | dt: 163ms | tok/sec: 1,605,330 | mfu: 38.8% | epoch: 1 | remaining: 42s    
step 01505 (86.1%) | loss: 2.837371 | lrm: 0.28 | dt: 161ms | tok/sec: 1,626,681 | mfu: 39.3% | epoch: 1 | remaining: 42s    
step 01506 (86.1%) | loss: 2.836433 | lrm: 0.28 | dt: 164ms | tok/sec: 1,599,422 | mfu: 38.6% | epoch: 1 | remaining: 42s    
step 01507 (86.2%) | loss: 2.836922 | lrm: 0.28 | dt: 172ms | tok/sec: 1,522,268 | mfu: 36.8% | epoch: 1 | remaining: 41s    
step 01508 (86.2%) | loss: 2.835482 | lrm: 0.28 | dt: 169ms | tok/sec: 1,550,116 | mfu: 37.5% | epoch: 1 | remaining: 41s    
step 01509 (86.3%) | loss: 2.832464 | lrm: 0.27 | dt: 165ms | tok/sec: 1,591,327 | mfu: 38.4% | epoch: 1 | remaining: 41s    
step 01510 (86.3%) | loss: 2.834647 | lrm: 0.27 | dt: 165ms | tok/sec: 1,590,648 | mfu: 38.4% | epoch: 1 | remaining: 41s    
step 01511 (86.4%) | loss: 2.830482 | lrm: 0.27 | dt: 172ms | tok/sec: 1,524,837 | mfu: 36.8% | epoch: 1 | remaining: 41s    
step 01512 (86.4%) | loss: 2.833868 | lrm: 0.27 | dt: 165ms | tok/sec: 1,593,495 | mfu: 38.5% | epoch: 1 | remaining: 40s    
step 01513 (86.5%) | loss: 2.832264 | lrm: 0.27 | dt: 168ms | tok/sec: 1,558,372 | mfu: 37.7% | epoch: 1 | remaining: 40s    
step 01514 (86.6%) | loss: 2.835002 | lrm: 0.27 | dt: 169ms | tok/sec: 1,555,630 | mfu: 37.6% | epoch: 1 | remaining: 40s    
step 01515 (86.6%) | loss: 2.834139 | lrm: 0.27 | dt: 166ms | tok/sec: 1,578,673 | mfu: 38.1% | epoch: 1 | remaining: 40s    
step 01516 (86.7%) | loss: 2.833952 | lrm: 0.27 | dt: 164ms | tok/sec: 1,594,310 | mfu: 38.5% | epoch: 1 | remaining: 40s    
step 01517 (86.7%) | loss: 2.830236 | lrm: 0.27 | dt: 165ms | tok/sec: 1,590,747 | mfu: 38.4% | epoch: 1 | remaining: 40s    
step 01518 (86.8%) | loss: 2.836343 | lrm: 0.26 | dt: 184ms | tok/sec: 1,426,806 | mfu: 34.5% | epoch: 1 | remaining: 39s    
step 01519 (86.8%) | loss: 2.831757 | lrm: 0.26 | dt: 163ms | tok/sec: 1,607,393 | mfu: 38.8% | epoch: 1 | remaining: 39s    
step 01520 (86.9%) | loss: 2.827910 | lrm: 0.26 | dt: 180ms | tok/sec: 1,454,884 | mfu: 35.2% | epoch: 1 | remaining: 39s    
step 01521 (87.0%) | loss: 2.828304 | lrm: 0.26 | dt: 162ms | tok/sec: 1,618,704 | mfu: 39.1% | epoch: 1 | remaining: 39s    
step 01522 (87.0%) | loss: 2.830840 | lrm: 0.26 | dt: 169ms | tok/sec: 1,546,867 | mfu: 37.4% | epoch: 1 | remaining: 39s    
step 01523 (87.1%) | loss: 2.830179 | lrm: 0.26 | dt: 163ms | tok/sec: 1,603,782 | mfu: 38.7% | epoch: 1 | remaining: 39s    
step 01524 (87.1%) | loss: 2.829156 | lrm: 0.26 | dt: 169ms | tok/sec: 1,550,737 | mfu: 37.5% | epoch: 1 | remaining: 38s    
step 01525 (87.2%) | loss: 2.837485 | lrm: 0.26 | dt: 164ms | tok/sec: 1,598,731 | mfu: 38.6% | epoch: 1 | remaining: 38s    
step 01526 (87.2%) | loss: 2.843456 | lrm: 0.26 | dt: 186ms | tok/sec: 1,413,130 | mfu: 34.1% | epoch: 1 | remaining: 38s    
step 01527 (87.3%) | loss: 2.841433 | lrm: 0.25 | dt: 192ms | tok/sec: 1,364,900 | mfu: 33.0% | epoch: 1 | remaining: 38s    
step 01528 (87.4%) | loss: 2.839522 | lrm: 0.25 | dt: 159ms | tok/sec: 1,643,679 | mfu: 39.7% | epoch: 1 | remaining: 38s    
step 01529 (87.4%) | loss: 2.836926 | lrm: 0.25 | dt: 165ms | tok/sec: 1,586,612 | mfu: 38.3% | epoch: 1 | remaining: 38s    
step 01530 (87.5%) | loss: 2.838799 | lrm: 0.25 | dt: 181ms | tok/sec: 1,445,295 | mfu: 34.9% | epoch: 1 | remaining: 37s    
step 01531 (87.5%) | loss: 2.835772 | lrm: 0.25 | dt: 163ms | tok/sec: 1,603,382 | mfu: 38.7% | epoch: 1 | remaining: 37s    
step 01532 (87.6%) | loss: 2.834389 | lrm: 0.25 | dt: 169ms | tok/sec: 1,553,070 | mfu: 37.5% | epoch: 1 | remaining: 37s    
step 01533 (87.6%) | loss: 2.840630 | lrm: 0.25 | dt: 171ms | tok/sec: 1,533,953 | mfu: 37.1% | epoch: 1 | remaining: 37s    
step 01534 (87.7%) | loss: 2.835951 | lrm: 0.25 | dt: 163ms | tok/sec: 1,605,801 | mfu: 38.8% | epoch: 1 | remaining: 37s    
step 01535 (87.7%) | loss: 2.833231 | lrm: 0.25 | dt: 162ms | tok/sec: 1,615,401 | mfu: 39.0% | epoch: 1 | remaining: 37s    
step 01536 (87.8%) | loss: 2.830142 | lrm: 0.24 | dt: 168ms | tok/sec: 1,558,989 | mfu: 37.7% | epoch: 1 | remaining: 36s    
step 01537 (87.9%) | loss: 2.829626 | lrm: 0.24 | dt: 166ms | tok/sec: 1,577,330 | mfu: 38.1% | epoch: 1 | remaining: 36s    
step 01538 (87.9%) | loss: 2.824379 | lrm: 0.24 | dt: 168ms | tok/sec: 1,556,768 | mfu: 37.6% | epoch: 1 | remaining: 36s    
step 01539 (88.0%) | loss: 2.822724 | lrm: 0.24 | dt: 167ms | tok/sec: 1,566,119 | mfu: 37.8% | epoch: 1 | remaining: 36s    
step 01540 (88.0%) | loss: 2.820019 | lrm: 0.24 | dt: 164ms | tok/sec: 1,596,595 | mfu: 38.6% | epoch: 1 | remaining: 36s    
step 01541 (88.1%) | loss: 2.820426 | lrm: 0.24 | dt: 173ms | tok/sec: 1,515,376 | mfu: 36.6% | epoch: 1 | remaining: 36s    
step 01542 (88.1%) | loss: 2.824982 | lrm: 0.24 | dt: 164ms | tok/sec: 1,595,870 | mfu: 38.6% | epoch: 1 | remaining: 35s    
step 01543 (88.2%) | loss: 2.823905 | lrm: 0.24 | dt: 165ms | tok/sec: 1,584,381 | mfu: 38.3% | epoch: 1 | remaining: 35s    
step 01544 (88.2%) | loss: 2.823308 | lrm: 0.24 | dt: 168ms | tok/sec: 1,559,911 | mfu: 37.7% | epoch: 1 | remaining: 35s    
step 01545 (88.3%) | loss: 2.820598 | lrm: 0.23 | dt: 166ms | tok/sec: 1,575,626 | mfu: 38.1% | epoch: 1 | remaining: 35s    
step 01546 (88.4%) | loss: 2.818141 | lrm: 0.23 | dt: 168ms | tok/sec: 1,557,276 | mfu: 37.6% | epoch: 1 | remaining: 35s    
step 01547 (88.4%) | loss: 2.818632 | lrm: 0.23 | dt: 167ms | tok/sec: 1,568,680 | mfu: 37.9% | epoch: 1 | remaining: 35s    
step 01548 (88.5%) | loss: 2.815298 | lrm: 0.23 | dt: 164ms | tok/sec: 1,599,827 | mfu: 38.7% | epoch: 1 | remaining: 34s    
step 01549 (88.5%) | loss: 2.810703 | lrm: 0.23 | dt: 163ms | tok/sec: 1,608,039 | mfu: 38.9% | epoch: 1 | remaining: 34s    
step 01550 (88.6%) | loss: 2.804629 | lrm: 0.23 | dt: 169ms | tok/sec: 1,554,701 | mfu: 37.6% | epoch: 1 | remaining: 34s    
step 01551 (88.6%) | loss: 2.809298 | lrm: 0.23 | dt: 167ms | tok/sec: 1,568,490 | mfu: 37.9% | epoch: 1 | remaining: 34s    
step 01552 (88.7%) | loss: 2.808839 | lrm: 0.23 | dt: 164ms | tok/sec: 1,599,489 | mfu: 38.6% | epoch: 1 | remaining: 34s    
step 01553 (88.7%) | loss: 2.811314 | lrm: 0.23 | dt: 168ms | tok/sec: 1,561,116 | mfu: 37.7% | epoch: 1 | remaining: 34s    
step 01554 (88.8%) | loss: 2.812755 | lrm: 0.22 | dt: 165ms | tok/sec: 1,589,914 | mfu: 38.4% | epoch: 1 | remaining: 33s    
step 01555 (88.9%) | loss: 2.813576 | lrm: 0.22 | dt: 228ms | tok/sec: 1,150,340 | mfu: 27.8% | epoch: 1 | remaining: 33s    
step 01556 (88.9%) | loss: 2.812513 | lrm: 0.22 | dt: 158ms | tok/sec: 1,655,646 | mfu: 40.0% | epoch: 1 | remaining: 33s    
step 01557 (89.0%) | loss: 2.810584 | lrm: 0.22 | dt: 270ms | tok/sec: 970,250 | mfu: 23.4% | epoch: 1 | remaining: 33s    
step 01558 (89.1%) | loss: 2.809136 | lrm: 0.22 | dt: 184ms | tok/sec: 1,428,562 | mfu: 34.5% | epoch: 1 | remaining: 33s    
step 01559 (89.1%) | loss: 2.811408 | lrm: 0.22 | dt: 160ms | tok/sec: 1,641,216 | mfu: 39.7% | epoch: 1 | remaining: 32s    
step 01560 (89.2%) | loss: 2.813214 | lrm: 0.22 | dt: 160ms | tok/sec: 1,636,635 | mfu: 39.5% | epoch: 1 | remaining: 32s    
step 01561 (89.2%) | loss: 2.810655 | lrm: 0.22 | dt: 162ms | tok/sec: 1,622,703 | mfu: 39.2% | epoch: 1 | remaining: 32s    
step 01562 (89.3%) | loss: 2.812578 | lrm: 0.21 | dt: 162ms | tok/sec: 1,615,498 | mfu: 39.0% | epoch: 1 | remaining: 32s    
step 01563 (89.4%) | loss: 2.811561 | lrm: 0.21 | dt: 176ms | tok/sec: 1,493,666 | mfu: 36.1% | epoch: 1 | remaining: 32s    
step 01564 (89.4%) | loss: 2.803336 | lrm: 0.21 | dt: 170ms | tok/sec: 1,541,149 | mfu: 37.2% | epoch: 1 | remaining: 32s    
step 01565 (89.5%) | loss: 2.808145 | lrm: 0.21 | dt: 166ms | tok/sec: 1,577,679 | mfu: 38.1% | epoch: 1 | remaining: 31s    
step 01566 (89.5%) | loss: 2.809888 | lrm: 0.21 | dt: 163ms | tok/sec: 1,609,496 | mfu: 38.9% | epoch: 1 | remaining: 31s    
step 01567 (89.6%) | loss: 2.809888 | lrm: 0.21 | dt: 162ms | tok/sec: 1,617,109 | mfu: 39.1% | epoch: 1 | remaining: 31s    
step 01568 (89.6%) | loss: 2.810369 | lrm: 0.21 | dt: 163ms | tok/sec: 1,607,308 | mfu: 38.8% | epoch: 1 | remaining: 31s    
step 01569 (89.7%) | loss: 2.810996 | lrm: 0.21 | dt: 174ms | tok/sec: 1,507,739 | mfu: 36.4% | epoch: 1 | remaining: 31s    
step 01570 (89.7%) | loss: 2.810816 | lrm: 0.21 | dt: 168ms | tok/sec: 1,564,793 | mfu: 37.8% | epoch: 1 | remaining: 31s    
step 01571 (89.8%) | loss: 2.810107 | lrm: 0.20 | dt: 167ms | tok/sec: 1,566,068 | mfu: 37.8% | epoch: 1 | remaining: 30s    
step 01572 (89.9%) | loss: 2.811720 | lrm: 0.20 | dt: 164ms | tok/sec: 1,597,549 | mfu: 38.6% | epoch: 1 | remaining: 30s    
step 01573 (89.9%) | loss: 2.810086 | lrm: 0.20 | dt: 162ms | tok/sec: 1,614,537 | mfu: 39.0% | epoch: 1 | remaining: 30s    
step 01574 (90.0%) | loss: 2.807614 | lrm: 0.20 | dt: 166ms | tok/sec: 1,583,578 | mfu: 38.3% | epoch: 1 | remaining: 30s    
step 01575 (90.0%) | loss: 2.808692 | lrm: 0.20 | dt: 169ms | tok/sec: 1,548,527 | mfu: 37.4% | epoch: 1 | remaining: 30s    
step 01576 (90.1%) | loss: 2.811495 | lrm: 0.20 | dt: 195ms | tok/sec: 1,345,307 | mfu: 32.5% | epoch: 1 | remaining: 30s    
step 01577 (90.1%) | loss: 2.807375 | lrm: 0.20 | dt: 160ms | tok/sec: 1,640,988 | mfu: 39.6% | epoch: 1 | remaining: 29s    
step 01578 (90.2%) | loss: 2.808985 | lrm: 0.20 | dt: 164ms | tok/sec: 1,601,199 | mfu: 38.7% | epoch: 1 | remaining: 29s    
step 01579 (90.2%) | loss: 2.804870 | lrm: 0.20 | dt: 161ms | tok/sec: 1,626,135 | mfu: 39.3% | epoch: 1 | remaining: 29s    
step 01580 (90.3%) | loss: 2.808296 | lrm: 0.19 | dt: 171ms | tok/sec: 1,534,011 | mfu: 37.1% | epoch: 1 | remaining: 29s    
step 01581 (90.4%) | loss: 2.809756 | lrm: 0.19 | dt: 170ms | tok/sec: 1,542,823 | mfu: 37.3% | epoch: 1 | remaining: 29s    
step 01582 (90.4%) | loss: 2.803763 | lrm: 0.19 | dt: 170ms | tok/sec: 1,543,390 | mfu: 37.3% | epoch: 1 | remaining: 29s    
step 01583 (90.5%) | loss: 2.802785 | lrm: 0.19 | dt: 164ms | tok/sec: 1,603,225 | mfu: 38.7% | epoch: 1 | remaining: 28s    
step 01584 (90.5%) | loss: 2.805854 | lrm: 0.19 | dt: 167ms | tok/sec: 1,570,385 | mfu: 37.9% | epoch: 1 | remaining: 28s    
step 01585 (90.6%) | loss: 2.804132 | lrm: 0.19 | dt: 163ms | tok/sec: 1,606,918 | mfu: 38.8% | epoch: 1 | remaining: 28s    
step 01586 (90.6%) | loss: 2.804348 | lrm: 0.19 | dt: 169ms | tok/sec: 1,550,184 | mfu: 37.5% | epoch: 1 | remaining: 28s    
step 01587 (90.7%) | loss: 2.808362 | lrm: 0.19 | dt: 306ms | tok/sec: 856,298 | mfu: 20.7% | epoch: 1 | remaining: 28s    
step 01588 (90.8%) | loss: 2.812853 | lrm: 0.18 | dt: 187ms | tok/sec: 1,403,680 | mfu: 33.9% | epoch: 1 | remaining: 27s    
step 01589 (90.9%) | loss: 2.812083 | lrm: 0.18 | dt: 158ms | tok/sec: 1,658,100 | mfu: 40.1% | epoch: 1 | remaining: 27s    
step 01590 (90.9%) | loss: 2.811117 | lrm: 0.18 | dt: 192ms | tok/sec: 1,368,133 | mfu: 33.1% | epoch: 1 | remaining: 27s    
step 01591 (91.0%) | loss: 2.810335 | lrm: 0.18 | dt: 160ms | tok/sec: 1,634,808 | mfu: 39.5% | epoch: 1 | remaining: 27s    
step 01592 (91.0%) | loss: 2.809409 | lrm: 0.18 | dt: 161ms | tok/sec: 1,624,840 | mfu: 39.3% | epoch: 1 | remaining: 27s    
step 01593 (91.1%) | loss: 2.808650 | lrm: 0.18 | dt: 172ms | tok/sec: 1,523,432 | mfu: 36.8% | epoch: 1 | remaining: 27s    
step 01594 (91.1%) | loss: 2.804074 | lrm: 0.18 | dt: 169ms | tok/sec: 1,546,760 | mfu: 37.4% | epoch: 1 | remaining: 26s    
step 01595 (91.2%) | loss: 2.807182 | lrm: 0.18 | dt: 208ms | tok/sec: 1,258,435 | mfu: 30.4% | epoch: 1 | remaining: 26s    
step 01596 (91.3%) | loss: 2.803912 | lrm: 0.17 | dt: 160ms | tok/sec: 1,636,484 | mfu: 39.5% | epoch: 1 | remaining: 26s    
step 01597 (91.3%) | loss: 2.805571 | lrm: 0.17 | dt: 176ms | tok/sec: 1,491,743 | mfu: 36.0% | epoch: 1 | remaining: 26s    
step 01598 (91.4%) | loss: 2.804331 | lrm: 0.17 | dt: 160ms | tok/sec: 1,638,479 | mfu: 39.6% | epoch: 1 | remaining: 26s    
step 01599 (91.4%) | loss: 2.805470 | lrm: 0.17 | dt: 189ms | tok/sec: 1,383,823 | mfu: 33.4% | epoch: 1 | remaining: 26s    
step 01600 (91.5%) | loss: 2.806957 | lrm: 0.17 | dt: 194ms | tok/sec: 1,349,012 | mfu: 32.6% | epoch: 1 | remaining: 25s    
step 01601 (91.6%) | loss: 2.802643 | lrm: 0.17 | dt: 161ms | tok/sec: 1,629,410 | mfu: 39.4% | epoch: 1 | remaining: 25s    
step 01602 (91.6%) | loss: 2.794279 | lrm: 0.17 | dt: 163ms | tok/sec: 1,606,937 | mfu: 38.8% | epoch: 1 | remaining: 25s    
step 01603 (91.7%) | loss: 2.787530 | lrm: 0.17 | dt: 166ms | tok/sec: 1,579,760 | mfu: 38.2% | epoch: 1 | remaining: 25s    
step 01604 (91.7%) | loss: 2.790487 | lrm: 0.17 | dt: 160ms | tok/sec: 1,634,397 | mfu: 39.5% | epoch: 1 | remaining: 25s    
step 01605 (91.8%) | loss: 2.788730 | lrm: 0.16 | dt: 170ms | tok/sec: 1,545,325 | mfu: 37.3% | epoch: 1 | remaining: 25s    
step 01606 (91.8%) | loss: 2.791364 | lrm: 0.16 | dt: 171ms | tok/sec: 1,533,675 | mfu: 37.1% | epoch: 1 | remaining: 24s    
step 01607 (91.9%) | loss: 2.793803 | lrm: 0.16 | dt: 174ms | tok/sec: 1,509,764 | mfu: 36.5% | epoch: 1 | remaining: 24s    
step 01608 (91.9%) | loss: 2.791570 | lrm: 0.16 | dt: 162ms | tok/sec: 1,617,890 | mfu: 39.1% | epoch: 1 | remaining: 24s    
step 01609 (92.0%) | loss: 2.791376 | lrm: 0.16 | dt: 173ms | tok/sec: 1,517,507 | mfu: 36.7% | epoch: 1 | remaining: 24s    
step 01610 (92.1%) | loss: 2.795825 | lrm: 0.16 | dt: 165ms | tok/sec: 1,590,408 | mfu: 38.4% | epoch: 1 | remaining: 24s    
step 01611 (92.1%) | loss: 2.795085 | lrm: 0.16 | dt: 177ms | tok/sec: 1,484,486 | mfu: 35.9% | epoch: 1 | remaining: 23s    
step 01612 (92.2%) | loss: 2.801956 | lrm: 0.16 | dt: 209ms | tok/sec: 1,255,137 | mfu: 30.3% | epoch: 1 | remaining: 23s    
step 01613 (92.2%) | loss: 2.799473 | lrm: 0.16 | dt: 159ms | tok/sec: 1,647,255 | mfu: 39.8% | epoch: 1 | remaining: 23s    
step 01614 (92.3%) | loss: 2.802473 | lrm: 0.15 | dt: 166ms | tok/sec: 1,582,630 | mfu: 38.2% | epoch: 1 | remaining: 23s    
step 01615 (92.3%) | loss: 2.802769 | lrm: 0.15 | dt: 162ms | tok/sec: 1,620,675 | mfu: 39.2% | epoch: 1 | remaining: 23s    
step 01616 (92.4%) | loss: 2.799116 | lrm: 0.15 | dt: 164ms | tok/sec: 1,597,927 | mfu: 38.6% | epoch: 1 | remaining: 23s    
step 01617 (92.5%) | loss: 2.795407 | lrm: 0.15 | dt: 169ms | tok/sec: 1,555,275 | mfu: 37.6% | epoch: 1 | remaining: 22s    
step 01618 (92.5%) | loss: 2.797854 | lrm: 0.15 | dt: 177ms | tok/sec: 1,481,114 | mfu: 35.8% | epoch: 1 | remaining: 22s    
step 01619 (92.6%) | loss: 2.795060 | lrm: 0.15 | dt: 171ms | tok/sec: 1,537,395 | mfu: 37.1% | epoch: 1 | remaining: 22s    
step 01620 (92.6%) | loss: 2.795869 | lrm: 0.15 | dt: 162ms | tok/sec: 1,621,072 | mfu: 39.2% | epoch: 1 | remaining: 22s    
step 01621 (92.7%) | loss: 2.800762 | lrm: 0.15 | dt: 181ms | tok/sec: 1,447,971 | mfu: 35.0% | epoch: 1 | remaining: 22s    
step 01622 (92.7%) | loss: 2.803411 | lrm: 0.15 | dt: 162ms | tok/sec: 1,617,097 | mfu: 39.1% | epoch: 1 | remaining: 22s    
step 01623 (92.8%) | loss: 2.805040 | lrm: 0.14 | dt: 171ms | tok/sec: 1,531,263 | mfu: 37.0% | epoch: 1 | remaining: 21s    
step 01624 (92.9%) | loss: 2.804960 | lrm: 0.14 | dt: 228ms | tok/sec: 1,152,210 | mfu: 27.8% | epoch: 1 | remaining: 21s    
step 01625 (92.9%) | loss: 2.803571 | lrm: 0.14 | dt: 164ms | tok/sec: 1,594,602 | mfu: 38.5% | epoch: 1 | remaining: 21s    
step 01626 (93.0%) | loss: 2.796245 | lrm: 0.14 | dt: 161ms | tok/sec: 1,630,181 | mfu: 39.4% | epoch: 1 | remaining: 21s    
step 01627 (93.0%) | loss: 2.798176 | lrm: 0.14 | dt: 161ms | tok/sec: 1,623,935 | mfu: 39.2% | epoch: 1 | remaining: 21s    
step 01628 (93.1%) | loss: 2.804825 | lrm: 0.14 | dt: 253ms | tok/sec: 1,036,435 | mfu: 25.0% | epoch: 1 | remaining: 20s    
step 01629 (93.2%) | loss: 2.803083 | lrm: 0.14 | dt: 171ms | tok/sec: 1,535,009 | mfu: 37.1% | epoch: 1 | remaining: 20s    
step 01630 (93.2%) | loss: 2.804885 | lrm: 0.14 | dt: 160ms | tok/sec: 1,634,064 | mfu: 39.5% | epoch: 1 | remaining: 20s    
step 01631 (93.3%) | loss: 2.806340 | lrm: 0.13 | dt: 159ms | tok/sec: 1,643,662 | mfu: 39.7% | epoch: 1 | remaining: 20s    
step 01632 (93.3%) | loss: 2.804121 | lrm: 0.13 | dt: 184ms | tok/sec: 1,422,319 | mfu: 34.4% | epoch: 1 | remaining: 20s    
step 01633 (93.4%) | loss: 2.804805 | lrm: 0.13 | dt: 159ms | tok/sec: 1,647,319 | mfu: 39.8% | epoch: 1 | remaining: 20s    
step 01634 (93.5%) | loss: 2.804974 | lrm: 0.13 | dt: 174ms | tok/sec: 1,504,377 | mfu: 36.3% | epoch: 1 | remaining: 19s    
step 01635 (93.5%) | loss: 2.802716 | lrm: 0.13 | dt: 169ms | tok/sec: 1,550,835 | mfu: 37.5% | epoch: 1 | remaining: 19s    
step 01636 (93.6%) | loss: 2.806053 | lrm: 0.13 | dt: 164ms | tok/sec: 1,599,215 | mfu: 38.6% | epoch: 1 | remaining: 19s    
step 01637 (93.6%) | loss: 2.800109 | lrm: 0.13 | dt: 167ms | tok/sec: 1,565,183 | mfu: 37.8% | epoch: 1 | remaining: 19s    
step 01638 (93.7%) | loss: 2.797859 | lrm: 0.13 | dt: 164ms | tok/sec: 1,603,141 | mfu: 38.7% | epoch: 1 | remaining: 19s    
step 01639 (93.7%) | loss: 2.801628 | lrm: 0.13 | dt: 183ms | tok/sec: 1,435,877 | mfu: 34.7% | epoch: 1 | remaining: 19s    
step 01640 (93.8%) | loss: 2.796261 | lrm: 0.12 | dt: 163ms | tok/sec: 1,612,835 | mfu: 39.0% | epoch: 1 | remaining: 18s    
step 01641 (93.8%) | loss: 2.792751 | lrm: 0.12 | dt: 167ms | tok/sec: 1,566,833 | mfu: 37.9% | epoch: 1 | remaining: 18s    
step 01642 (93.9%) | loss: 2.791667 | lrm: 0.12 | dt: 195ms | tok/sec: 1,347,680 | mfu: 32.6% | epoch: 1 | remaining: 18s    
step 01643 (94.0%) | loss: 2.790337 | lrm: 0.12 | dt: 158ms | tok/sec: 1,654,677 | mfu: 40.0% | epoch: 1 | remaining: 18s    
step 01644 (94.0%) | loss: 2.790952 | lrm: 0.12 | dt: 165ms | tok/sec: 1,586,606 | mfu: 38.3% | epoch: 1 | remaining: 18s    
step 01645 (94.1%) | loss: 2.789371 | lrm: 0.12 | dt: 174ms | tok/sec: 1,506,219 | mfu: 36.4% | epoch: 1 | remaining: 18s    
step 01646 (94.1%) | loss: 2.791549 | lrm: 0.12 | dt: 163ms | tok/sec: 1,606,805 | mfu: 38.8% | epoch: 1 | remaining: 17s    
step 01647 (94.2%) | loss: 2.791349 | lrm: 0.12 | dt: 165ms | tok/sec: 1,589,730 | mfu: 38.4% | epoch: 1 | remaining: 17s    
step 01648 (94.2%) | loss: 2.787682 | lrm: 0.12 | dt: 172ms | tok/sec: 1,524,577 | mfu: 36.8% | epoch: 1 | remaining: 17s    
step 01649 (94.3%) | loss: 2.784846 | lrm: 0.11 | dt: 162ms | tok/sec: 1,614,886 | mfu: 39.0% | epoch: 1 | remaining: 17s    
step 01650 (94.4%) | loss: 2.781298 | lrm: 0.11 | dt: 160ms | tok/sec: 1,637,420 | mfu: 39.6% | epoch: 1 | remaining: 17s    
step 01651 (94.4%) | loss: 2.785552 | lrm: 0.11 | dt: 167ms | tok/sec: 1,572,541 | mfu: 38.0% | epoch: 1 | remaining: 17s    
step 01652 (94.5%) | loss: 2.785615 | lrm: 0.11 | dt: 167ms | tok/sec: 1,570,450 | mfu: 37.9% | epoch: 1 | remaining: 16s    
step 01653 (94.5%) | loss: 2.789143 | lrm: 0.11 | dt: 167ms | tok/sec: 1,568,787 | mfu: 37.9% | epoch: 1 | remaining: 16s    
step 01654 (94.6%) | loss: 2.794033 | lrm: 0.11 | dt: 184ms | tok/sec: 1,426,333 | mfu: 34.5% | epoch: 1 | remaining: 16s    
step 01655 (94.6%) | loss: 2.794936 | lrm: 0.11 | dt: 162ms | tok/sec: 1,616,871 | mfu: 39.1% | epoch: 1 | remaining: 16s    
step 01656 (94.7%) | loss: 2.795923 | lrm: 0.11 | dt: 178ms | tok/sec: 1,474,135 | mfu: 35.6% | epoch: 1 | remaining: 16s    
step 01657 (94.8%) | loss: 2.793106 | lrm: 0.10 | dt: 165ms | tok/sec: 1,590,795 | mfu: 38.4% | epoch: 1 | remaining: 16s    
step 01658 (94.8%) | loss: 2.791235 | lrm: 0.10 | dt: 164ms | tok/sec: 1,593,716 | mfu: 38.5% | epoch: 1 | remaining: 15s    
step 01659 (94.9%) | loss: 2.795846 | lrm: 0.10 | dt: 167ms | tok/sec: 1,569,573 | mfu: 37.9% | epoch: 1 | remaining: 15s    
step 01660 (94.9%) | loss: 2.796694 | lrm: 0.10 | dt: 177ms | tok/sec: 1,479,100 | mfu: 35.7% | epoch: 1 | remaining: 15s    
step 01661 (95.0%) | loss: 2.795722 | lrm: 0.10 | dt: 271ms | tok/sec: 965,642 | mfu: 23.3% | epoch: 1 | remaining: 15s    
step 01662 (95.1%) | loss: 2.794427 | lrm: 0.10 | dt: 211ms | tok/sec: 1,241,639 | mfu: 30.0% | epoch: 1 | remaining: 15s    
step 01663 (95.1%) | loss: 2.789355 | lrm: 0.10 | dt: 196ms | tok/sec: 1,336,161 | mfu: 32.3% | epoch: 1 | remaining: 14s    
step 01664 (95.2%) | loss: 2.789644 | lrm: 0.10 | dt: 158ms | tok/sec: 1,657,081 | mfu: 40.0% | epoch: 1 | remaining: 14s    
step 01665 (95.3%) | loss: 2.786954 | lrm: 0.09 | dt: 161ms | tok/sec: 1,628,884 | mfu: 39.4% | epoch: 1 | remaining: 14s    
step 01666 (95.3%) | loss: 2.786388 | lrm: 0.09 | dt: 160ms | tok/sec: 1,634,504 | mfu: 39.5% | epoch: 1 | remaining: 14s    
step 01667 (95.4%) | loss: 2.786754 | lrm: 0.09 | dt: 160ms | tok/sec: 1,642,965 | mfu: 39.7% | epoch: 1 | remaining: 14s    
step 01668 (95.4%) | loss: 2.785628 | lrm: 0.09 | dt: 199ms | tok/sec: 1,316,822 | mfu: 31.8% | epoch: 1 | remaining: 14s    
step 01669 (95.5%) | loss: 2.786345 | lrm: 0.09 | dt: 184ms | tok/sec: 1,427,634 | mfu: 34.5% | epoch: 1 | remaining: 13s    
step 01670 (95.5%) | loss: 2.786586 | lrm: 0.09 | dt: 160ms | tok/sec: 1,636,521 | mfu: 39.5% | epoch: 1 | remaining: 13s    
step 01671 (95.6%) | loss: 2.781397 | lrm: 0.09 | dt: 162ms | tok/sec: 1,622,507 | mfu: 39.2% | epoch: 1 | remaining: 13s    
step 01672 (95.6%) | loss: 2.777405 | lrm: 0.09 | dt: 162ms | tok/sec: 1,618,630 | mfu: 39.1% | epoch: 1 | remaining: 13s    
step 01673 (95.7%) | loss: 2.783620 | lrm: 0.09 | dt: 165ms | tok/sec: 1,591,619 | mfu: 38.5% | epoch: 1 | remaining: 13s    
step 01674 (95.8%) | loss: 2.781662 | lrm: 0.08 | dt: 174ms | tok/sec: 1,510,264 | mfu: 36.5% | epoch: 1 | remaining: 13s    
step 01675 (95.8%) | loss: 2.777750 | lrm: 0.08 | dt: 173ms | tok/sec: 1,519,100 | mfu: 36.7% | epoch: 1 | remaining: 12s    
step 01676 (95.9%) | loss: 2.781831 | lrm: 0.08 | dt: 161ms | tok/sec: 1,624,158 | mfu: 39.2% | epoch: 1 | remaining: 12s    
step 01677 (95.9%) | loss: 2.780071 | lrm: 0.08 | dt: 160ms | tok/sec: 1,639,674 | mfu: 39.6% | epoch: 1 | remaining: 12s    
step 01678 (96.0%) | loss: 2.782656 | lrm: 0.08 | dt: 161ms | tok/sec: 1,630,024 | mfu: 39.4% | epoch: 1 | remaining: 12s    
step 01679 (96.0%) | loss: 2.791241 | lrm: 0.08 | dt: 164ms | tok/sec: 1,600,591 | mfu: 38.7% | epoch: 1 | remaining: 12s    
step 01680 (96.1%) | loss: 2.790735 | lrm: 0.08 | dt: 170ms | tok/sec: 1,542,823 | mfu: 37.3% | epoch: 1 | remaining: 12s    
step 01681 (96.1%) | loss: 2.794798 | lrm: 0.08 | dt: 169ms | tok/sec: 1,546,695 | mfu: 37.4% | epoch: 1 | remaining: 11s    
step 01682 (96.2%) | loss: 2.794289 | lrm: 0.08 | dt: 170ms | tok/sec: 1,540,415 | mfu: 37.2% | epoch: 1 | remaining: 11s    
step 01683 (96.3%) | loss: 2.789486 | lrm: 0.07 | dt: 174ms | tok/sec: 1,507,477 | mfu: 36.4% | epoch: 1 | remaining: 11s    
step 01684 (96.3%) | loss: 2.787561 | lrm: 0.07 | dt: 207ms | tok/sec: 1,265,364 | mfu: 30.6% | epoch: 1 | remaining: 11s    
step 01685 (96.4%) | loss: 2.791061 | lrm: 0.07 | dt: 159ms | tok/sec: 1,652,826 | mfu: 39.9% | epoch: 1 | remaining: 11s    
step 01686 (96.4%) | loss: 2.789728 | lrm: 0.07 | dt: 211ms | tok/sec: 1,245,214 | mfu: 30.1% | epoch: 1 | remaining: 10s    
step 01687 (96.5%) | loss: 2.786908 | lrm: 0.07 | dt: 159ms | tok/sec: 1,649,885 | mfu: 39.9% | epoch: 1 | remaining: 10s    
step 01688 (96.6%) | loss: 2.787431 | lrm: 0.07 | dt: 159ms | tok/sec: 1,644,808 | mfu: 39.7% | epoch: 1 | remaining: 10s    
step 01689 (96.6%) | loss: 2.788258 | lrm: 0.07 | dt: 160ms | tok/sec: 1,640,844 | mfu: 39.6% | epoch: 1 | remaining: 10s    
step 01690 (96.7%) | loss: 2.785851 | lrm: 0.07 | dt: 170ms | tok/sec: 1,540,998 | mfu: 37.2% | epoch: 1 | remaining: 10s    
step 01691 (96.7%) | loss: 2.786641 | lrm: 0.07 | dt: 162ms | tok/sec: 1,619,737 | mfu: 39.1% | epoch: 1 | remaining: 10s    
step 01692 (96.8%) | loss: 2.783608 | lrm: 0.06 | dt: 173ms | tok/sec: 1,518,884 | mfu: 36.7% | epoch: 1 | remaining: 9s    
step 01693 (96.8%) | loss: 2.781869 | lrm: 0.06 | dt: 166ms | tok/sec: 1,576,769 | mfu: 38.1% | epoch: 1 | remaining: 9s    
step 01694 (96.9%) | loss: 2.779834 | lrm: 0.06 | dt: 163ms | tok/sec: 1,612,326 | mfu: 39.0% | epoch: 1 | remaining: 9s    
step 01695 (96.9%) | loss: 2.783125 | lrm: 0.06 | dt: 160ms | tok/sec: 1,636,153 | mfu: 39.5% | epoch: 1 | remaining: 9s    
step 01696 (97.0%) | loss: 2.782744 | lrm: 0.06 | dt: 165ms | tok/sec: 1,587,096 | mfu: 38.3% | epoch: 1 | remaining: 9s    
step 01697 (97.1%) | loss: 2.780196 | lrm: 0.06 | dt: 163ms | tok/sec: 1,609,032 | mfu: 38.9% | epoch: 1 | remaining: 9s    
step 01698 (97.1%) | loss: 2.780524 | lrm: 0.06 | dt: 171ms | tok/sec: 1,530,357 | mfu: 37.0% | epoch: 1 | remaining: 9s    
step 01699 (97.2%) | loss: 2.779711 | lrm: 0.06 | dt: 165ms | tok/sec: 1,592,122 | mfu: 38.5% | epoch: 1 | remaining: 8s    
step 01700 (97.2%) | loss: 2.779180 | lrm: 0.06 | dt: 165ms | tok/sec: 1,590,719 | mfu: 38.4% | epoch: 1 | remaining: 8s    
step 01701 (97.3%) | loss: 2.784198 | lrm: 0.05 | dt: 164ms | tok/sec: 1,598,789 | mfu: 38.6% | epoch: 1 | remaining: 8s    
step 01702 (97.3%) | loss: 2.780112 | lrm: 0.05 | dt: 163ms | tok/sec: 1,609,357 | mfu: 38.9% | epoch: 1 | remaining: 8s    
step 01703 (97.4%) | loss: 2.779660 | lrm: 0.05 | dt: 171ms | tok/sec: 1,532,939 | mfu: 37.0% | epoch: 1 | remaining: 8s    
step 01704 (97.4%) | loss: 2.780638 | lrm: 0.05 | dt: 166ms | tok/sec: 1,575,109 | mfu: 38.1% | epoch: 1 | remaining: 8s    
step 01705 (97.5%) | loss: 2.777121 | lrm: 0.05 | dt: 168ms | tok/sec: 1,561,766 | mfu: 37.7% | epoch: 1 | remaining: 7s    
step 01706 (97.6%) | loss: 2.775734 | lrm: 0.05 | dt: 174ms | tok/sec: 1,506,535 | mfu: 36.4% | epoch: 1 | remaining: 7s    
step 01707 (97.6%) | loss: 2.776609 | lrm: 0.05 | dt: 176ms | tok/sec: 1,491,099 | mfu: 36.0% | epoch: 1 | remaining: 7s    
step 01708 (97.7%) | loss: 2.775815 | lrm: 0.05 | dt: 160ms | tok/sec: 1,634,069 | mfu: 39.5% | epoch: 1 | remaining: 7s    
step 01709 (97.7%) | loss: 2.771567 | lrm: 0.05 | dt: 167ms | tok/sec: 1,572,188 | mfu: 38.0% | epoch: 1 | remaining: 7s    
step 01710 (97.8%) | loss: 2.773624 | lrm: 0.04 | dt: 165ms | tok/sec: 1,585,516 | mfu: 38.3% | epoch: 1 | remaining: 6s    
step 01711 (97.8%) | loss: 2.773926 | lrm: 0.04 | dt: 166ms | tok/sec: 1,579,792 | mfu: 38.2% | epoch: 1 | remaining: 6s    
step 01712 (97.9%) | loss: 2.766028 | lrm: 0.04 | dt: 166ms | tok/sec: 1,579,156 | mfu: 38.2% | epoch: 1 | remaining: 6s    
step 01713 (97.9%) | loss: 2.772624 | lrm: 0.04 | dt: 164ms | tok/sec: 1,599,082 | mfu: 38.6% | epoch: 1 | remaining: 6s    
step 01714 (98.0%) | loss: 2.771370 | lrm: 0.04 | dt: 163ms | tok/sec: 1,610,824 | mfu: 38.9% | epoch: 1 | remaining: 6s    
step 01715 (98.1%) | loss: 2.775751 | lrm: 0.04 | dt: 164ms | tok/sec: 1,597,532 | mfu: 38.6% | epoch: 1 | remaining: 6s    
step 01716 (98.1%) | loss: 2.778316 | lrm: 0.04 | dt: 166ms | tok/sec: 1,579,590 | mfu: 38.2% | epoch: 1 | remaining: 6s    
step 01717 (98.2%) | loss: 2.777891 | lrm: 0.04 | dt: 167ms | tok/sec: 1,572,307 | mfu: 38.0% | epoch: 1 | remaining: 5s    
step 01718 (98.2%) | loss: 2.776974 | lrm: 0.04 | dt: 192ms | tok/sec: 1,366,448 | mfu: 33.0% | epoch: 1 | remaining: 5s    
step 01719 (98.3%) | loss: 2.780593 | lrm: 0.03 | dt: 163ms | tok/sec: 1,610,701 | mfu: 38.9% | epoch: 1 | remaining: 5s    
step 01720 (98.3%) | loss: 2.784797 | lrm: 0.03 | dt: 162ms | tok/sec: 1,616,358 | mfu: 39.1% | epoch: 1 | remaining: 5s    
step 01721 (98.4%) | loss: 2.785084 | lrm: 0.03 | dt: 171ms | tok/sec: 1,532,394 | mfu: 37.0% | epoch: 1 | remaining: 5s    
step 01722 (98.4%) | loss: 2.786460 | lrm: 0.03 | dt: 164ms | tok/sec: 1,596,885 | mfu: 38.6% | epoch: 1 | remaining: 4s    
step 01723 (98.5%) | loss: 2.788774 | lrm: 0.03 | dt: 168ms | tok/sec: 1,557,926 | mfu: 37.6% | epoch: 1 | remaining: 4s    
step 01724 (98.6%) | loss: 2.787153 | lrm: 0.03 | dt: 174ms | tok/sec: 1,503,348 | mfu: 36.3% | epoch: 1 | remaining: 4s    
step 01725 (98.6%) | loss: 2.786850 | lrm: 0.03 | dt: 163ms | tok/sec: 1,610,102 | mfu: 38.9% | epoch: 1 | remaining: 4s    
step 01726 (98.7%) | loss: 2.782784 | lrm: 0.03 | dt: 167ms | tok/sec: 1,572,132 | mfu: 38.0% | epoch: 1 | remaining: 4s    
step 01727 (98.7%) | loss: 2.782834 | lrm: 0.03 | dt: 163ms | tok/sec: 1,608,780 | mfu: 38.9% | epoch: 1 | remaining: 4s    
step 01728 (98.8%) | loss: 2.780886 | lrm: 0.02 | dt: 165ms | tok/sec: 1,586,399 | mfu: 38.3% | epoch: 1 | remaining: 3s    
step 01729 (98.8%) | loss: 2.779964 | lrm: 0.02 | dt: 169ms | tok/sec: 1,555,577 | mfu: 37.6% | epoch: 1 | remaining: 3s    
step 01730 (98.9%) | loss: 2.781596 | lrm: 0.02 | dt: 170ms | tok/sec: 1,539,410 | mfu: 37.2% | epoch: 1 | remaining: 3s    
step 01731 (98.9%) | loss: 2.780100 | lrm: 0.02 | dt: 190ms | tok/sec: 1,383,306 | mfu: 33.4% | epoch: 1 | remaining: 3s    
step 01732 (99.0%) | loss: 2.778740 | lrm: 0.02 | dt: 159ms | tok/sec: 1,647,270 | mfu: 39.8% | epoch: 1 | remaining: 3s    
step 01733 (99.1%) | loss: 2.778504 | lrm: 0.02 | dt: 174ms | tok/sec: 1,510,598 | mfu: 36.5% | epoch: 1 | remaining: 3s    
step 01734 (99.1%) | loss: 2.777279 | lrm: 0.02 | dt: 161ms | tok/sec: 1,631,175 | mfu: 39.4% | epoch: 1 | remaining: 2s    
step 01735 (99.2%) | loss: 2.778999 | lrm: 0.02 | dt: 171ms | tok/sec: 1,534,321 | mfu: 37.1% | epoch: 1 | remaining: 2s    
step 01736 (99.2%) | loss: 2.782102 | lrm: 0.02 | dt: 166ms | tok/sec: 1,575,890 | mfu: 38.1% | epoch: 1 | remaining: 2s    
step 01737 (99.3%) | loss: 2.782120 | lrm: 0.01 | dt: 178ms | tok/sec: 1,474,156 | mfu: 35.6% | epoch: 1 | remaining: 2s    
step 01738 (99.3%) | loss: 2.781555 | lrm: 0.01 | dt: 197ms | tok/sec: 1,327,971 | mfu: 32.1% | epoch: 1 | remaining: 2s    
step 01739 (99.4%) | loss: 2.781296 | lrm: 0.01 | dt: 161ms | tok/sec: 1,627,611 | mfu: 39.3% | epoch: 1 | remaining: 2s    
step 01740 (99.5%) | loss: 2.785063 | lrm: 0.01 | dt: 201ms | tok/sec: 1,307,048 | mfu: 31.6% | epoch: 1 | remaining: 1s    
step 01741 (99.5%) | loss: 2.780517 | lrm: 0.01 | dt: 201ms | tok/sec: 1,304,007 | mfu: 31.5% | epoch: 1 | remaining: 1s    
step 01742 (99.6%) | loss: 2.777877 | lrm: 0.01 | dt: 197ms | tok/sec: 1,332,011 | mfu: 32.2% | epoch: 1 | remaining: 1s    
step 01743 (99.7%) | loss: 2.776428 | lrm: 0.01 | dt: 179ms | tok/sec: 1,465,919 | mfu: 35.4% | epoch: 1 | remaining: 1s    
step 01744 (99.7%) | loss: 2.776806 | lrm: 0.01 | dt: 159ms | tok/sec: 1,649,291 | mfu: 39.8% | epoch: 1 | remaining: 1s    
step 01745 (99.8%) | loss: 2.774488 | lrm: 0.00 | dt: 167ms | tok/sec: 1,565,885 | mfu: 37.8% | epoch: 1 | remaining: 0s    
step 01746 (99.8%) | loss: 2.771062 | lrm: 0.00 | dt: 159ms | tok/sec: 1,648,391 | mfu: 39.8% | epoch: 1 | remaining: 0s    
step 01747 (99.9%) | loss: 2.765093 | lrm: 0.00 | dt: 211ms | tok/sec: 1,242,151 | mfu: 30.0% | epoch: 1 | remaining: 0s    
step 01748 (100.0%) | loss: 2.768479 | lrm: 0.00 | dt: 161ms | tok/sec: 1,627,992 | mfu: 39.3% | epoch: 1 | remaining: 0s    
---
val_bpb:          0.990674
holdout_bpb:      0.989901
training_seconds: 300.0
total_seconds:    355.4
peak_vram_mb:     44908.2
mfu_percent:      36.71
total_tokens_M:   458.5
num_steps:        1749
num_params_M:     50.3
depth:            8
