Warning: You are sending unauthenticated requests to the HF Hub. Please set a HF_TOKEN to enable higher rate limits and faster downloads.
Vocab size: 8,192
Model config: {'sequence_len': 2048, 'vocab_size': 8192, 'n_layer': 8, 'n_head': 4, 'n_kv_head': 4, 'n_embd': 512, 'window_pattern': 'SSSL'}
Parameter counts:
  wte                     : 4,194,304
  value_embeds            : 16,777,216
  lm_head                 : 4,194,304
  transformer_matrices    : 25,166,336
  scalars                 : 16
  total                   : 50,332,176
Estimated FLOPs per token: 2.390784e+08
Scaling AdamW LRs by 1/sqrt(512/768) = 1.224745
Time budget: 300s
Gradient accumulation steps: 2

step 00000 (0.0%) | loss: 9.011198 | lrm: 1.00 | dt: 36218ms | tok/sec: 14,475 | mfu: 0.3% | epoch: 1 | remaining: 300s    
step 00001 (0.0%) | loss: 8.854702 | lrm: 1.00 | dt: 313ms | tok/sec: 1,672,409 | mfu: 40.4% | epoch: 1 | remaining: 300s    
step 00002 (0.0%) | loss: 8.442315 | lrm: 1.00 | dt: 318ms | tok/sec: 1,650,707 | mfu: 39.9% | epoch: 1 | remaining: 300s    
step 00003 (0.0%) | loss: 7.971716 | lrm: 1.00 | dt: 360ms | tok/sec: 1,454,925 | mfu: 35.2% | epoch: 1 | remaining: 300s    
step 00004 (0.0%) | loss: 7.578753 | lrm: 1.00 | dt: 355ms | tok/sec: 1,475,049 | mfu: 35.6% | epoch: 1 | remaining: 300s    
step 00005 (0.0%) | loss: 7.248841 | lrm: 1.00 | dt: 344ms | tok/sec: 1,523,655 | mfu: 36.8% | epoch: 1 | remaining: 300s    
step 00006 (0.0%) | loss: 6.998076 | lrm: 1.00 | dt: 324ms | tok/sec: 1,615,836 | mfu: 39.0% | epoch: 1 | remaining: 300s    
step 00007 (0.0%) | loss: 6.787096 | lrm: 1.00 | dt: 331ms | tok/sec: 1,584,104 | mfu: 38.3% | epoch: 1 | remaining: 300s    
step 00008 (0.0%) | loss: 6.607013 | lrm: 1.00 | dt: 357ms | tok/sec: 1,466,623 | mfu: 35.4% | epoch: 1 | remaining: 300s    
step 00009 (0.0%) | loss: 6.455178 | lrm: 1.00 | dt: 350ms | tok/sec: 1,498,646 | mfu: 36.2% | epoch: 1 | remaining: 300s    
step 00010 (0.0%) | loss: 6.325410 | lrm: 1.00 | dt: 320ms | tok/sec: 1,640,251 | mfu: 39.6% | epoch: 1 | remaining: 300s    
step 00011 (0.0%) | loss: 6.217114 | lrm: 1.00 | dt: 332ms | tok/sec: 1,578,893 | mfu: 38.1% | epoch: 1 | remaining: 300s    
step 00012 (0.1%) | loss: 6.120768 | lrm: 1.00 | dt: 332ms | tok/sec: 1,579,654 | mfu: 38.2% | epoch: 1 | remaining: 299s    
step 00013 (0.2%) | loss: 6.034955 | lrm: 1.00 | dt: 388ms | tok/sec: 1,350,616 | mfu: 32.6% | epoch: 1 | remaining: 299s    
step 00014 (0.4%) | loss: 5.962881 | lrm: 1.00 | dt: 348ms | tok/sec: 1,504,692 | mfu: 36.4% | epoch: 1 | remaining: 299s    
step 00015 (0.5%) | loss: 5.898305 | lrm: 1.00 | dt: 337ms | tok/sec: 1,553,753 | mfu: 37.5% | epoch: 1 | remaining: 298s    
step 00016 (0.6%) | loss: 5.842159 | lrm: 1.00 | dt: 329ms | tok/sec: 1,591,411 | mfu: 38.5% | epoch: 1 | remaining: 298s    
step 00017 (0.7%) | loss: 5.787686 | lrm: 1.00 | dt: 331ms | tok/sec: 1,582,325 | mfu: 38.2% | epoch: 1 | remaining: 298s    
step 00018 (0.8%) | loss: 5.738772 | lrm: 1.00 | dt: 344ms | tok/sec: 1,523,925 | mfu: 36.8% | epoch: 1 | remaining: 297s    
step 00019 (0.9%) | loss: 5.693233 | lrm: 1.00 | dt: 335ms | tok/sec: 1,564,828 | mfu: 37.8% | epoch: 1 | remaining: 297s    
step 00020 (1.0%) | loss: 5.650840 | lrm: 1.00 | dt: 333ms | tok/sec: 1,576,269 | mfu: 38.1% | epoch: 1 | remaining: 297s    
step 00021 (1.1%) | loss: 5.610296 | lrm: 1.00 | dt: 333ms | tok/sec: 1,575,204 | mfu: 38.1% | epoch: 1 | remaining: 296s    
step 00022 (1.2%) | loss: 5.574368 | lrm: 1.00 | dt: 332ms | tok/sec: 1,577,019 | mfu: 38.1% | epoch: 1 | remaining: 296s    
step 00023 (1.4%) | loss: 5.536800 | lrm: 1.00 | dt: 334ms | tok/sec: 1,571,478 | mfu: 38.0% | epoch: 1 | remaining: 296s    
step 00024 (1.5%) | loss: 5.500855 | lrm: 1.00 | dt: 331ms | tok/sec: 1,583,105 | mfu: 38.3% | epoch: 1 | remaining: 295s    
step 00025 (1.6%) | loss: 5.468073 | lrm: 1.00 | dt: 330ms | tok/sec: 1,587,822 | mfu: 38.4% | epoch: 1 | remaining: 295s    
step 00026 (1.7%) | loss: 5.436957 | lrm: 1.00 | dt: 328ms | tok/sec: 1,596,180 | mfu: 38.6% | epoch: 1 | remaining: 295s    
step 00027 (1.8%) | loss: 5.406477 | lrm: 1.00 | dt: 330ms | tok/sec: 1,588,271 | mfu: 38.4% | epoch: 1 | remaining: 294s    
step 00028 (1.9%) | loss: 5.378410 | lrm: 1.00 | dt: 329ms | tok/sec: 1,594,634 | mfu: 38.5% | epoch: 1 | remaining: 294s    
step 00029 (2.0%) | loss: 5.349747 | lrm: 1.00 | dt: 343ms | tok/sec: 1,530,423 | mfu: 37.0% | epoch: 1 | remaining: 294s    
step 00030 (2.1%) | loss: 5.319198 | lrm: 1.00 | dt: 330ms | tok/sec: 1,588,165 | mfu: 38.4% | epoch: 1 | remaining: 293s    
step 00031 (2.2%) | loss: 5.289190 | lrm: 1.00 | dt: 328ms | tok/sec: 1,598,008 | mfu: 38.6% | epoch: 1 | remaining: 293s    
step 00032 (2.4%) | loss: 5.260951 | lrm: 1.00 | dt: 332ms | tok/sec: 1,577,063 | mfu: 38.1% | epoch: 1 | remaining: 293s    
step 00033 (2.5%) | loss: 5.234347 | lrm: 1.00 | dt: 331ms | tok/sec: 1,583,578 | mfu: 38.3% | epoch: 1 | remaining: 292s    
step 00034 (2.6%) | loss: 5.202588 | lrm: 1.00 | dt: 330ms | tok/sec: 1,587,466 | mfu: 38.4% | epoch: 1 | remaining: 292s    
step 00035 (2.7%) | loss: 5.175506 | lrm: 1.00 | dt: 332ms | tok/sec: 1,579,250 | mfu: 38.2% | epoch: 1 | remaining: 292s    
step 00036 (2.8%) | loss: 5.148443 | lrm: 1.00 | dt: 365ms | tok/sec: 1,435,742 | mfu: 34.7% | epoch: 1 | remaining: 291s    
step 00037 (2.9%) | loss: 5.121337 | lrm: 1.00 | dt: 340ms | tok/sec: 1,542,233 | mfu: 37.3% | epoch: 1 | remaining: 291s    
step 00038 (3.0%) | loss: 5.093072 | lrm: 1.00 | dt: 333ms | tok/sec: 1,572,451 | mfu: 38.0% | epoch: 1 | remaining: 291s    
step 00039 (3.1%) | loss: 5.065533 | lrm: 1.00 | dt: 336ms | tok/sec: 1,559,680 | mfu: 37.7% | epoch: 1 | remaining: 290s    
step 00040 (3.3%) | loss: 5.037176 | lrm: 1.00 | dt: 327ms | tok/sec: 1,600,984 | mfu: 38.7% | epoch: 1 | remaining: 290s    
step 00041 (3.4%) | loss: 5.011880 | lrm: 1.00 | dt: 330ms | tok/sec: 1,587,224 | mfu: 38.3% | epoch: 1 | remaining: 290s    
step 00042 (3.5%) | loss: 4.987519 | lrm: 1.00 | dt: 348ms | tok/sec: 1,507,620 | mfu: 36.4% | epoch: 1 | remaining: 289s    
step 00043 (3.6%) | loss: 4.959717 | lrm: 1.00 | dt: 354ms | tok/sec: 1,479,463 | mfu: 35.7% | epoch: 1 | remaining: 289s    
step 00044 (3.7%) | loss: 4.931918 | lrm: 1.00 | dt: 385ms | tok/sec: 1,361,182 | mfu: 32.9% | epoch: 1 | remaining: 288s    
step 00045 (3.8%) | loss: 4.904176 | lrm: 1.00 | dt: 338ms | tok/sec: 1,549,307 | mfu: 37.4% | epoch: 1 | remaining: 288s    
step 00046 (3.9%) | loss: 4.876862 | lrm: 1.00 | dt: 329ms | tok/sec: 1,591,240 | mfu: 38.4% | epoch: 1 | remaining: 288s    
step 00047 (4.1%) | loss: 4.842127 | lrm: 1.00 | dt: 351ms | tok/sec: 1,494,729 | mfu: 36.1% | epoch: 1 | remaining: 287s    
step 00048 (4.2%) | loss: 4.819518 | lrm: 1.00 | dt: 336ms | tok/sec: 1,561,488 | mfu: 37.7% | epoch: 1 | remaining: 287s    
step 00049 (4.3%) | loss: 4.790352 | lrm: 1.00 | dt: 319ms | tok/sec: 1,642,515 | mfu: 39.7% | epoch: 1 | remaining: 287s    
step 00050 (4.4%) | loss: 4.761525 | lrm: 1.00 | dt: 334ms | tok/sec: 1,572,063 | mfu: 38.0% | epoch: 1 | remaining: 286s    
step 00051 (4.5%) | loss: 4.736876 | lrm: 1.00 | dt: 334ms | tok/sec: 1,568,459 | mfu: 37.9% | epoch: 1 | remaining: 286s    
step 00052 (4.6%) | loss: 4.709305 | lrm: 1.00 | dt: 328ms | tok/sec: 1,596,336 | mfu: 38.6% | epoch: 1 | remaining: 286s    
step 00053 (4.7%) | loss: 4.683222 | lrm: 1.00 | dt: 334ms | tok/sec: 1,569,588 | mfu: 37.9% | epoch: 1 | remaining: 285s    
step 00054 (4.8%) | loss: 4.656140 | lrm: 1.00 | dt: 333ms | tok/sec: 1,573,608 | mfu: 38.0% | epoch: 1 | remaining: 285s    
step 00055 (4.9%) | loss: 4.630569 | lrm: 1.00 | dt: 326ms | tok/sec: 1,606,037 | mfu: 38.8% | epoch: 1 | remaining: 285s    
step 00056 (5.1%) | loss: 4.607765 | lrm: 1.00 | dt: 335ms | tok/sec: 1,567,222 | mfu: 37.9% | epoch: 1 | remaining: 284s    
step 00057 (5.2%) | loss: 4.581951 | lrm: 1.00 | dt: 334ms | tok/sec: 1,571,943 | mfu: 38.0% | epoch: 1 | remaining: 284s    
step 00058 (5.3%) | loss: 4.551466 | lrm: 1.00 | dt: 327ms | tok/sec: 1,604,683 | mfu: 38.8% | epoch: 1 | remaining: 284s    
step 00059 (5.4%) | loss: 4.528649 | lrm: 1.00 | dt: 334ms | tok/sec: 1,568,698 | mfu: 37.9% | epoch: 1 | remaining: 284s    
step 00060 (5.5%) | loss: 4.503587 | lrm: 1.00 | dt: 332ms | tok/sec: 1,578,427 | mfu: 38.1% | epoch: 1 | remaining: 283s    
step 00061 (5.6%) | loss: 4.475103 | lrm: 1.00 | dt: 330ms | tok/sec: 1,589,641 | mfu: 38.4% | epoch: 1 | remaining: 283s    
step 00062 (5.7%) | loss: 4.451892 | lrm: 1.00 | dt: 332ms | tok/sec: 1,580,016 | mfu: 38.2% | epoch: 1 | remaining: 283s    
step 00063 (5.8%) | loss: 4.426346 | lrm: 1.00 | dt: 331ms | tok/sec: 1,584,607 | mfu: 38.3% | epoch: 1 | remaining: 282s    
step 00064 (5.9%) | loss: 4.402648 | lrm: 1.00 | dt: 330ms | tok/sec: 1,587,871 | mfu: 38.4% | epoch: 1 | remaining: 282s    
step 00065 (6.1%) | loss: 4.375952 | lrm: 1.00 | dt: 331ms | tok/sec: 1,584,277 | mfu: 38.3% | epoch: 1 | remaining: 282s    
step 00066 (6.2%) | loss: 4.351212 | lrm: 1.00 | dt: 334ms | tok/sec: 1,570,045 | mfu: 37.9% | epoch: 1 | remaining: 281s    
step 00067 (6.3%) | loss: 4.328278 | lrm: 1.00 | dt: 332ms | tok/sec: 1,580,167 | mfu: 38.2% | epoch: 1 | remaining: 281s    
step 00068 (6.4%) | loss: 4.309535 | lrm: 1.00 | dt: 330ms | tok/sec: 1,590,535 | mfu: 38.4% | epoch: 1 | remaining: 281s    
step 00069 (6.5%) | loss: 4.289770 | lrm: 1.00 | dt: 331ms | tok/sec: 1,583,257 | mfu: 38.3% | epoch: 1 | remaining: 280s    
step 00070 (6.6%) | loss: 4.267733 | lrm: 1.00 | dt: 329ms | tok/sec: 1,594,092 | mfu: 38.5% | epoch: 1 | remaining: 280s    
step 00071 (6.7%) | loss: 4.251043 | lrm: 1.00 | dt: 333ms | tok/sec: 1,575,570 | mfu: 38.1% | epoch: 1 | remaining: 280s    
step 00072 (6.8%) | loss: 4.227328 | lrm: 1.00 | dt: 331ms | tok/sec: 1,586,060 | mfu: 38.3% | epoch: 1 | remaining: 279s    
step 00073 (6.9%) | loss: 4.201090 | lrm: 1.00 | dt: 329ms | tok/sec: 1,592,076 | mfu: 38.5% | epoch: 1 | remaining: 279s    
step 00074 (7.0%) | loss: 4.177409 | lrm: 1.00 | dt: 331ms | tok/sec: 1,583,361 | mfu: 38.3% | epoch: 1 | remaining: 279s    
step 00075 (7.2%) | loss: 4.160463 | lrm: 1.00 | dt: 333ms | tok/sec: 1,573,671 | mfu: 38.0% | epoch: 1 | remaining: 278s    
step 00076 (7.3%) | loss: 4.142098 | lrm: 1.00 | dt: 382ms | tok/sec: 1,373,434 | mfu: 33.2% | epoch: 1 | remaining: 278s    
step 00077 (7.4%) | loss: 4.125459 | lrm: 1.00 | dt: 320ms | tok/sec: 1,639,404 | mfu: 39.6% | epoch: 1 | remaining: 278s    
step 00078 (7.5%) | loss: 4.102171 | lrm: 1.00 | dt: 327ms | tok/sec: 1,604,421 | mfu: 38.8% | epoch: 1 | remaining: 277s    
step 00079 (7.6%) | loss: 4.082506 | lrm: 1.00 | dt: 342ms | tok/sec: 1,534,262 | mfu: 37.1% | epoch: 1 | remaining: 277s    
step 00080 (7.7%) | loss: 4.061399 | lrm: 1.00 | dt: 326ms | tok/sec: 1,608,905 | mfu: 38.9% | epoch: 1 | remaining: 277s    
step 00081 (7.8%) | loss: 4.040768 | lrm: 1.00 | dt: 329ms | tok/sec: 1,592,577 | mfu: 38.5% | epoch: 1 | remaining: 276s    
step 00082 (7.9%) | loss: 4.022904 | lrm: 1.00 | dt: 339ms | tok/sec: 1,545,099 | mfu: 37.3% | epoch: 1 | remaining: 276s    
step 00083 (8.1%) | loss: 4.004506 | lrm: 1.00 | dt: 326ms | tok/sec: 1,607,508 | mfu: 38.8% | epoch: 1 | remaining: 276s    
step 00084 (8.2%) | loss: 3.987664 | lrm: 1.00 | dt: 357ms | tok/sec: 1,468,070 | mfu: 35.5% | epoch: 1 | remaining: 275s    
step 00085 (8.3%) | loss: 3.975684 | lrm: 1.00 | dt: 372ms | tok/sec: 1,410,769 | mfu: 34.1% | epoch: 1 | remaining: 275s    
step 00086 (8.4%) | loss: 3.960637 | lrm: 1.00 | dt: 358ms | tok/sec: 1,466,443 | mfu: 35.4% | epoch: 1 | remaining: 274s    
step 00087 (8.5%) | loss: 3.943480 | lrm: 1.00 | dt: 324ms | tok/sec: 1,619,718 | mfu: 39.1% | epoch: 1 | remaining: 274s    
step 00088 (8.6%) | loss: 3.923655 | lrm: 1.00 | dt: 385ms | tok/sec: 1,363,419 | mfu: 32.9% | epoch: 1 | remaining: 274s    
step 00089 (8.8%) | loss: 3.903393 | lrm: 1.00 | dt: 357ms | tok/sec: 1,468,211 | mfu: 35.5% | epoch: 1 | remaining: 273s    
step 00090 (8.9%) | loss: 3.889704 | lrm: 1.00 | dt: 327ms | tok/sec: 1,604,746 | mfu: 38.8% | epoch: 1 | remaining: 273s    
step 00091 (9.0%) | loss: 3.874373 | lrm: 1.00 | dt: 333ms | tok/sec: 1,575,008 | mfu: 38.1% | epoch: 1 | remaining: 273s    
step 00092 (9.1%) | loss: 3.858494 | lrm: 1.00 | dt: 336ms | tok/sec: 1,560,101 | mfu: 37.7% | epoch: 1 | remaining: 272s    
step 00093 (9.2%) | loss: 3.847513 | lrm: 1.00 | dt: 326ms | tok/sec: 1,609,728 | mfu: 38.9% | epoch: 1 | remaining: 272s    
step 00094 (9.3%) | loss: 3.835353 | lrm: 1.00 | dt: 331ms | tok/sec: 1,584,249 | mfu: 38.3% | epoch: 1 | remaining: 272s    
step 00095 (9.4%) | loss: 3.826695 | lrm: 1.00 | dt: 334ms | tok/sec: 1,567,724 | mfu: 37.9% | epoch: 1 | remaining: 271s    
step 00096 (9.5%) | loss: 3.818675 | lrm: 1.00 | dt: 330ms | tok/sec: 1,589,126 | mfu: 38.4% | epoch: 1 | remaining: 271s    
step 00097 (9.7%) | loss: 3.803549 | lrm: 1.00 | dt: 328ms | tok/sec: 1,597,414 | mfu: 38.6% | epoch: 1 | remaining: 271s    
step 00098 (9.8%) | loss: 3.793779 | lrm: 1.00 | dt: 357ms | tok/sec: 1,466,973 | mfu: 35.4% | epoch: 1 | remaining: 270s    
step 00099 (9.9%) | loss: 3.782235 | lrm: 1.00 | dt: 343ms | tok/sec: 1,527,469 | mfu: 36.9% | epoch: 1 | remaining: 270s    
step 00100 (10.0%) | loss: 3.771767 | lrm: 1.00 | dt: 328ms | tok/sec: 1,596,479 | mfu: 38.6% | epoch: 1 | remaining: 270s    
step 00101 (10.1%) | loss: 3.756563 | lrm: 1.00 | dt: 337ms | tok/sec: 1,554,459 | mfu: 37.6% | epoch: 1 | remaining: 269s    
step 00102 (10.2%) | loss: 3.744937 | lrm: 1.00 | dt: 332ms | tok/sec: 1,579,311 | mfu: 38.2% | epoch: 1 | remaining: 269s    
step 00103 (10.3%) | loss: 3.735505 | lrm: 1.00 | dt: 328ms | tok/sec: 1,598,554 | mfu: 38.6% | epoch: 1 | remaining: 269s    
step 00104 (10.4%) | loss: 3.717631 | lrm: 1.00 | dt: 360ms | tok/sec: 1,455,312 | mfu: 35.2% | epoch: 1 | remaining: 268s    
step 00105 (10.6%) | loss: 3.709096 | lrm: 1.00 | dt: 352ms | tok/sec: 1,490,612 | mfu: 36.0% | epoch: 1 | remaining: 268s    
step 00106 (10.7%) | loss: 3.701548 | lrm: 1.00 | dt: 339ms | tok/sec: 1,546,513 | mfu: 37.4% | epoch: 1 | remaining: 268s    
step 00107 (10.8%) | loss: 3.689699 | lrm: 1.00 | dt: 409ms | tok/sec: 1,281,625 | mfu: 31.0% | epoch: 1 | remaining: 267s    
step 00108 (10.9%) | loss: 3.683728 | lrm: 1.00 | dt: 354ms | tok/sec: 1,481,021 | mfu: 35.8% | epoch: 1 | remaining: 267s    
step 00109 (11.0%) | loss: 3.671441 | lrm: 1.00 | dt: 356ms | tok/sec: 1,474,630 | mfu: 35.6% | epoch: 1 | remaining: 267s    
step 00110 (11.2%) | loss: 3.664487 | lrm: 1.00 | dt: 327ms | tok/sec: 1,602,307 | mfu: 38.7% | epoch: 1 | remaining: 266s    
step 00111 (11.3%) | loss: 3.658762 | lrm: 1.00 | dt: 335ms | tok/sec: 1,564,039 | mfu: 37.8% | epoch: 1 | remaining: 266s    
step 00112 (11.4%) | loss: 3.652709 | lrm: 1.00 | dt: 354ms | tok/sec: 1,479,771 | mfu: 35.8% | epoch: 1 | remaining: 266s    
step 00113 (11.5%) | loss: 3.643460 | lrm: 1.00 | dt: 394ms | tok/sec: 1,331,722 | mfu: 32.2% | epoch: 1 | remaining: 265s    
step 00114 (11.6%) | loss: 3.632144 | lrm: 1.00 | dt: 341ms | tok/sec: 1,539,384 | mfu: 37.2% | epoch: 1 | remaining: 265s    
step 00115 (11.7%) | loss: 3.628191 | lrm: 1.00 | dt: 328ms | tok/sec: 1,596,885 | mfu: 38.6% | epoch: 1 | remaining: 264s    
step 00116 (11.9%) | loss: 3.621186 | lrm: 1.00 | dt: 340ms | tok/sec: 1,544,218 | mfu: 37.3% | epoch: 1 | remaining: 264s    
step 00117 (12.0%) | loss: 3.618060 | lrm: 1.00 | dt: 447ms | tok/sec: 1,172,499 | mfu: 28.3% | epoch: 1 | remaining: 264s    
step 00118 (12.1%) | loss: 3.615467 | lrm: 1.00 | dt: 320ms | tok/sec: 1,638,052 | mfu: 39.6% | epoch: 1 | remaining: 263s    
step 00119 (12.2%) | loss: 3.609161 | lrm: 1.00 | dt: 329ms | tok/sec: 1,594,872 | mfu: 38.5% | epoch: 1 | remaining: 263s    
step 00120 (12.3%) | loss: 3.604079 | lrm: 1.00 | dt: 344ms | tok/sec: 1,524,977 | mfu: 36.8% | epoch: 1 | remaining: 263s    
step 00121 (12.4%) | loss: 3.596008 | lrm: 1.00 | dt: 324ms | tok/sec: 1,620,191 | mfu: 39.1% | epoch: 1 | remaining: 262s    
step 00122 (12.6%) | loss: 3.584460 | lrm: 1.00 | dt: 341ms | tok/sec: 1,537,582 | mfu: 37.2% | epoch: 1 | remaining: 262s    
step 00123 (12.7%) | loss: 3.579059 | lrm: 1.00 | dt: 350ms | tok/sec: 1,497,433 | mfu: 36.2% | epoch: 1 | remaining: 262s    
step 00124 (12.8%) | loss: 3.576898 | lrm: 1.00 | dt: 322ms | tok/sec: 1,627,937 | mfu: 39.3% | epoch: 1 | remaining: 261s    
step 00125 (12.9%) | loss: 3.573011 | lrm: 1.00 | dt: 332ms | tok/sec: 1,577,868 | mfu: 38.1% | epoch: 1 | remaining: 261s    
step 00126 (13.0%) | loss: 3.566670 | lrm: 1.00 | dt: 345ms | tok/sec: 1,521,139 | mfu: 36.8% | epoch: 1 | remaining: 261s    
step 00127 (13.1%) | loss: 3.564634 | lrm: 1.00 | dt: 324ms | tok/sec: 1,615,886 | mfu: 39.0% | epoch: 1 | remaining: 260s    
step 00128 (13.2%) | loss: 3.556650 | lrm: 1.00 | dt: 347ms | tok/sec: 1,510,544 | mfu: 36.5% | epoch: 1 | remaining: 260s    
step 00129 (13.3%) | loss: 3.548448 | lrm: 1.00 | dt: 336ms | tok/sec: 1,558,694 | mfu: 37.7% | epoch: 1 | remaining: 260s    
step 00130 (13.5%) | loss: 3.544003 | lrm: 1.00 | dt: 327ms | tok/sec: 1,601,858 | mfu: 38.7% | epoch: 1 | remaining: 259s    
step 00131 (13.6%) | loss: 3.538250 | lrm: 1.00 | dt: 332ms | tok/sec: 1,578,975 | mfu: 38.2% | epoch: 1 | remaining: 259s    
step 00132 (13.7%) | loss: 3.534000 | lrm: 1.00 | dt: 334ms | tok/sec: 1,568,923 | mfu: 37.9% | epoch: 1 | remaining: 259s    
step 00133 (13.8%) | loss: 3.529099 | lrm: 1.00 | dt: 328ms | tok/sec: 1,599,293 | mfu: 38.6% | epoch: 1 | remaining: 258s    
step 00134 (13.9%) | loss: 3.523779 | lrm: 1.00 | dt: 349ms | tok/sec: 1,501,372 | mfu: 36.3% | epoch: 1 | remaining: 258s    
step 00135 (14.0%) | loss: 3.520997 | lrm: 1.00 | dt: 329ms | tok/sec: 1,591,225 | mfu: 38.4% | epoch: 1 | remaining: 258s    
step 00136 (14.1%) | loss: 3.512869 | lrm: 1.00 | dt: 333ms | tok/sec: 1,576,089 | mfu: 38.1% | epoch: 1 | remaining: 257s    
step 00137 (14.2%) | loss: 3.509018 | lrm: 1.00 | dt: 352ms | tok/sec: 1,487,447 | mfu: 35.9% | epoch: 1 | remaining: 257s    
step 00138 (14.3%) | loss: 3.500318 | lrm: 1.00 | dt: 336ms | tok/sec: 1,558,898 | mfu: 37.7% | epoch: 1 | remaining: 257s    
step 00139 (14.5%) | loss: 3.492817 | lrm: 1.00 | dt: 367ms | tok/sec: 1,430,234 | mfu: 34.6% | epoch: 1 | remaining: 256s    
step 00140 (14.6%) | loss: 3.487820 | lrm: 1.00 | dt: 327ms | tok/sec: 1,605,003 | mfu: 38.8% | epoch: 1 | remaining: 256s    
step 00141 (14.7%) | loss: 3.483612 | lrm: 1.00 | dt: 390ms | tok/sec: 1,345,644 | mfu: 32.5% | epoch: 1 | remaining: 256s    
step 00142 (14.8%) | loss: 3.481275 | lrm: 1.00 | dt: 424ms | tok/sec: 1,236,567 | mfu: 29.9% | epoch: 1 | remaining: 255s    
step 00143 (15.0%) | loss: 3.478669 | lrm: 1.00 | dt: 321ms | tok/sec: 1,635,153 | mfu: 39.5% | epoch: 1 | remaining: 255s    
step 00144 (15.1%) | loss: 3.473086 | lrm: 1.00 | dt: 368ms | tok/sec: 1,425,769 | mfu: 34.4% | epoch: 1 | remaining: 254s    
step 00145 (15.2%) | loss: 3.470859 | lrm: 1.00 | dt: 368ms | tok/sec: 1,425,109 | mfu: 34.4% | epoch: 1 | remaining: 254s    
step 00146 (15.3%) | loss: 3.469982 | lrm: 1.00 | dt: 347ms | tok/sec: 1,510,012 | mfu: 36.5% | epoch: 1 | remaining: 254s    
step 00147 (15.4%) | loss: 3.470138 | lrm: 1.00 | dt: 334ms | tok/sec: 1,571,396 | mfu: 38.0% | epoch: 1 | remaining: 253s    
step 00148 (15.5%) | loss: 3.470055 | lrm: 1.00 | dt: 336ms | tok/sec: 1,562,039 | mfu: 37.7% | epoch: 1 | remaining: 253s    
step 00149 (15.7%) | loss: 3.467004 | lrm: 1.00 | dt: 332ms | tok/sec: 1,580,896 | mfu: 38.2% | epoch: 1 | remaining: 253s    
step 00150 (15.8%) | loss: 3.459272 | lrm: 1.00 | dt: 330ms | tok/sec: 1,587,440 | mfu: 38.4% | epoch: 1 | remaining: 252s    
step 00151 (15.9%) | loss: 3.457633 | lrm: 1.00 | dt: 334ms | tok/sec: 1,569,994 | mfu: 37.9% | epoch: 1 | remaining: 252s    
step 00152 (16.0%) | loss: 3.453363 | lrm: 1.00 | dt: 339ms | tok/sec: 1,547,947 | mfu: 37.4% | epoch: 1 | remaining: 252s    
step 00153 (16.1%) | loss: 3.450710 | lrm: 1.00 | dt: 360ms | tok/sec: 1,458,245 | mfu: 35.2% | epoch: 1 | remaining: 251s    
step 00154 (16.2%) | loss: 3.448618 | lrm: 1.00 | dt: 322ms | tok/sec: 1,626,695 | mfu: 39.3% | epoch: 1 | remaining: 251s    
step 00155 (16.3%) | loss: 3.443068 | lrm: 1.00 | dt: 330ms | tok/sec: 1,590,366 | mfu: 38.4% | epoch: 1 | remaining: 251s    
step 00156 (16.4%) | loss: 3.437718 | lrm: 1.00 | dt: 336ms | tok/sec: 1,561,583 | mfu: 37.7% | epoch: 1 | remaining: 250s    
step 00157 (16.5%) | loss: 3.434008 | lrm: 1.00 | dt: 328ms | tok/sec: 1,597,248 | mfu: 38.6% | epoch: 1 | remaining: 250s    
step 00158 (16.7%) | loss: 3.430023 | lrm: 1.00 | dt: 328ms | tok/sec: 1,598,188 | mfu: 38.6% | epoch: 1 | remaining: 250s    
step 00159 (16.8%) | loss: 3.425579 | lrm: 1.00 | dt: 335ms | tok/sec: 1,567,213 | mfu: 37.9% | epoch: 1 | remaining: 249s    
step 00160 (16.9%) | loss: 3.418637 | lrm: 1.00 | dt: 331ms | tok/sec: 1,584,064 | mfu: 38.3% | epoch: 1 | remaining: 249s    
step 00161 (17.0%) | loss: 3.414748 | lrm: 1.00 | dt: 329ms | tok/sec: 1,592,492 | mfu: 38.5% | epoch: 1 | remaining: 249s    
step 00162 (17.1%) | loss: 3.411073 | lrm: 1.00 | dt: 331ms | tok/sec: 1,582,009 | mfu: 38.2% | epoch: 1 | remaining: 248s    
step 00163 (17.2%) | loss: 3.407332 | lrm: 1.00 | dt: 330ms | tok/sec: 1,589,261 | mfu: 38.4% | epoch: 1 | remaining: 248s    
step 00164 (17.3%) | loss: 3.404904 | lrm: 1.00 | dt: 334ms | tok/sec: 1,571,927 | mfu: 38.0% | epoch: 1 | remaining: 248s    
step 00165 (17.4%) | loss: 3.400481 | lrm: 1.00 | dt: 331ms | tok/sec: 1,585,084 | mfu: 38.3% | epoch: 1 | remaining: 247s    
step 00166 (17.5%) | loss: 3.398410 | lrm: 1.00 | dt: 332ms | tok/sec: 1,581,532 | mfu: 38.2% | epoch: 1 | remaining: 247s    
step 00167 (17.6%) | loss: 3.396899 | lrm: 1.00 | dt: 330ms | tok/sec: 1,589,921 | mfu: 38.4% | epoch: 1 | remaining: 247s    
step 00168 (17.8%) | loss: 3.397192 | lrm: 1.00 | dt: 330ms | tok/sec: 1,588,367 | mfu: 38.4% | epoch: 1 | remaining: 246s    
step 00169 (17.9%) | loss: 3.401014 | lrm: 1.00 | dt: 330ms | tok/sec: 1,587,195 | mfu: 38.3% | epoch: 1 | remaining: 246s    
step 00170 (18.0%) | loss: 3.402616 | lrm: 1.00 | dt: 332ms | tok/sec: 1,580,665 | mfu: 38.2% | epoch: 1 | remaining: 246s    
step 00171 (18.1%) | loss: 3.397066 | lrm: 1.00 | dt: 328ms | tok/sec: 1,596,453 | mfu: 38.6% | epoch: 1 | remaining: 245s    
step 00172 (18.2%) | loss: 3.398349 | lrm: 1.00 | dt: 380ms | tok/sec: 1,379,500 | mfu: 33.3% | epoch: 1 | remaining: 245s    
step 00173 (18.3%) | loss: 3.396214 | lrm: 1.00 | dt: 348ms | tok/sec: 1,506,937 | mfu: 36.4% | epoch: 1 | remaining: 245s    
step 00174 (18.4%) | loss: 3.392053 | lrm: 1.00 | dt: 331ms | tok/sec: 1,586,324 | mfu: 38.3% | epoch: 1 | remaining: 244s    
step 00175 (18.6%) | loss: 3.383953 | lrm: 1.00 | dt: 338ms | tok/sec: 1,553,303 | mfu: 37.5% | epoch: 1 | remaining: 244s    
step 00176 (18.7%) | loss: 3.386706 | lrm: 1.00 | dt: 334ms | tok/sec: 1,571,237 | mfu: 38.0% | epoch: 1 | remaining: 244s    
step 00177 (18.8%) | loss: 3.376595 | lrm: 1.00 | dt: 346ms | tok/sec: 1,515,221 | mfu: 36.6% | epoch: 1 | remaining: 243s    
step 00178 (18.9%) | loss: 3.374212 | lrm: 1.00 | dt: 329ms | tok/sec: 1,591,244 | mfu: 38.4% | epoch: 1 | remaining: 243s    
step 00179 (19.0%) | loss: 3.371486 | lrm: 1.00 | dt: 334ms | tok/sec: 1,568,545 | mfu: 37.9% | epoch: 1 | remaining: 243s    
step 00180 (19.1%) | loss: 3.363305 | lrm: 1.00 | dt: 331ms | tok/sec: 1,582,377 | mfu: 38.2% | epoch: 1 | remaining: 242s    
step 00181 (19.2%) | loss: 3.358557 | lrm: 1.00 | dt: 331ms | tok/sec: 1,583,777 | mfu: 38.3% | epoch: 1 | remaining: 242s    
step 00182 (19.3%) | loss: 3.357961 | lrm: 1.00 | dt: 333ms | tok/sec: 1,573,056 | mfu: 38.0% | epoch: 1 | remaining: 242s    
step 00183 (19.4%) | loss: 3.356029 | lrm: 1.00 | dt: 331ms | tok/sec: 1,583,222 | mfu: 38.3% | epoch: 1 | remaining: 241s    
step 00184 (19.6%) | loss: 3.347299 | lrm: 1.00 | dt: 418ms | tok/sec: 1,254,731 | mfu: 30.3% | epoch: 1 | remaining: 241s    
step 00185 (19.7%) | loss: 3.348816 | lrm: 1.00 | dt: 328ms | tok/sec: 1,597,927 | mfu: 38.6% | epoch: 1 | remaining: 241s    
step 00186 (19.8%) | loss: 3.346210 | lrm: 1.00 | dt: 338ms | tok/sec: 1,551,149 | mfu: 37.5% | epoch: 1 | remaining: 240s    
step 00187 (19.9%) | loss: 3.341281 | lrm: 1.00 | dt: 361ms | tok/sec: 1,453,253 | mfu: 35.1% | epoch: 1 | remaining: 240s    
step 00188 (20.0%) | loss: 3.336258 | lrm: 1.00 | dt: 323ms | tok/sec: 1,622,851 | mfu: 39.2% | epoch: 1 | remaining: 240s    
step 00189 (20.1%) | loss: 3.341768 | lrm: 1.00 | dt: 339ms | tok/sec: 1,547,920 | mfu: 37.4% | epoch: 1 | remaining: 239s    
step 00190 (20.3%) | loss: 3.342105 | lrm: 1.00 | dt: 344ms | tok/sec: 1,522,976 | mfu: 36.8% | epoch: 1 | remaining: 239s    
step 00191 (20.4%) | loss: 3.342167 | lrm: 1.00 | dt: 348ms | tok/sec: 1,504,508 | mfu: 36.4% | epoch: 1 | remaining: 239s    
step 00192 (20.5%) | loss: 3.340416 | lrm: 1.00 | dt: 340ms | tok/sec: 1,540,168 | mfu: 37.2% | epoch: 1 | remaining: 238s    
step 00193 (20.6%) | loss: 3.339673 | lrm: 1.00 | dt: 329ms | tok/sec: 1,592,282 | mfu: 38.5% | epoch: 1 | remaining: 238s    
step 00194 (20.7%) | loss: 3.333024 | lrm: 1.00 | dt: 333ms | tok/sec: 1,575,447 | mfu: 38.1% | epoch: 1 | remaining: 238s    
step 00195 (20.8%) | loss: 3.331983 | lrm: 1.00 | dt: 330ms | tok/sec: 1,586,862 | mfu: 38.3% | epoch: 1 | remaining: 237s    
step 00196 (20.9%) | loss: 3.332064 | lrm: 1.00 | dt: 338ms | tok/sec: 1,549,961 | mfu: 37.4% | epoch: 1 | remaining: 237s    
step 00197 (21.0%) | loss: 3.329871 | lrm: 1.00 | dt: 331ms | tok/sec: 1,584,938 | mfu: 38.3% | epoch: 1 | remaining: 237s    
step 00198 (21.2%) | loss: 3.319333 | lrm: 1.00 | dt: 336ms | tok/sec: 1,561,484 | mfu: 37.7% | epoch: 1 | remaining: 236s    
step 00199 (21.3%) | loss: 3.316207 | lrm: 1.00 | dt: 333ms | tok/sec: 1,575,589 | mfu: 38.1% | epoch: 1 | remaining: 236s    
step 00200 (21.4%) | loss: 3.314331 | lrm: 1.00 | dt: 379ms | tok/sec: 1,383,801 | mfu: 33.4% | epoch: 1 | remaining: 235s    
step 00201 (21.5%) | loss: 3.314302 | lrm: 1.00 | dt: 361ms | tok/sec: 1,451,484 | mfu: 35.1% | epoch: 1 | remaining: 235s    
step 00202 (21.6%) | loss: 3.315582 | lrm: 1.00 | dt: 321ms | tok/sec: 1,635,140 | mfu: 39.5% | epoch: 1 | remaining: 235s    
step 00203 (21.7%) | loss: 3.313318 | lrm: 1.00 | dt: 369ms | tok/sec: 1,419,241 | mfu: 34.3% | epoch: 1 | remaining: 234s    
step 00204 (21.9%) | loss: 3.309134 | lrm: 1.00 | dt: 353ms | tok/sec: 1,485,144 | mfu: 35.9% | epoch: 1 | remaining: 234s    
step 00205 (22.0%) | loss: 3.299044 | lrm: 1.00 | dt: 343ms | tok/sec: 1,528,704 | mfu: 36.9% | epoch: 1 | remaining: 234s    
step 00206 (22.1%) | loss: 3.296850 | lrm: 1.00 | dt: 333ms | tok/sec: 1,576,129 | mfu: 38.1% | epoch: 1 | remaining: 233s    
step 00207 (22.2%) | loss: 3.294735 | lrm: 1.00 | dt: 334ms | tok/sec: 1,570,917 | mfu: 38.0% | epoch: 1 | remaining: 233s    
step 00208 (22.3%) | loss: 3.295035 | lrm: 1.00 | dt: 331ms | tok/sec: 1,585,738 | mfu: 38.3% | epoch: 1 | remaining: 233s    
step 00209 (22.4%) | loss: 3.292508 | lrm: 1.00 | dt: 331ms | tok/sec: 1,582,343 | mfu: 38.2% | epoch: 1 | remaining: 232s    
step 00210 (22.5%) | loss: 3.287598 | lrm: 1.00 | dt: 352ms | tok/sec: 1,488,681 | mfu: 36.0% | epoch: 1 | remaining: 232s    
step 00211 (22.6%) | loss: 3.292050 | lrm: 1.00 | dt: 340ms | tok/sec: 1,542,657 | mfu: 37.3% | epoch: 1 | remaining: 232s    
step 00212 (22.8%) | loss: 3.286212 | lrm: 1.00 | dt: 340ms | tok/sec: 1,539,991 | mfu: 37.2% | epoch: 1 | remaining: 231s    
step 00213 (22.9%) | loss: 3.280577 | lrm: 1.00 | dt: 331ms | tok/sec: 1,582,712 | mfu: 38.2% | epoch: 1 | remaining: 231s    
step 00214 (23.0%) | loss: 3.278141 | lrm: 1.00 | dt: 364ms | tok/sec: 1,441,392 | mfu: 34.8% | epoch: 1 | remaining: 231s    
step 00215 (23.1%) | loss: 3.276381 | lrm: 1.00 | dt: 350ms | tok/sec: 1,499,915 | mfu: 36.2% | epoch: 1 | remaining: 230s    
step 00216 (23.2%) | loss: 3.278578 | lrm: 1.00 | dt: 334ms | tok/sec: 1,568,734 | mfu: 37.9% | epoch: 1 | remaining: 230s    
step 00217 (23.3%) | loss: 3.280406 | lrm: 1.00 | dt: 331ms | tok/sec: 1,583,050 | mfu: 38.2% | epoch: 1 | remaining: 230s    
step 00218 (23.4%) | loss: 3.278773 | lrm: 1.00 | dt: 358ms | tok/sec: 1,464,407 | mfu: 35.4% | epoch: 1 | remaining: 229s    
step 00219 (23.6%) | loss: 3.279003 | lrm: 1.00 | dt: 338ms | tok/sec: 1,549,285 | mfu: 37.4% | epoch: 1 | remaining: 229s    
step 00220 (23.7%) | loss: 3.282108 | lrm: 1.00 | dt: 416ms | tok/sec: 1,261,749 | mfu: 30.5% | epoch: 1 | remaining: 229s    
step 00221 (23.8%) | loss: 3.284819 | lrm: 1.00 | dt: 322ms | tok/sec: 1,627,175 | mfu: 39.3% | epoch: 1 | remaining: 228s    
step 00222 (23.9%) | loss: 3.280986 | lrm: 1.00 | dt: 319ms | tok/sec: 1,642,432 | mfu: 39.7% | epoch: 1 | remaining: 228s    
step 00223 (24.0%) | loss: 3.281716 | lrm: 1.00 | dt: 346ms | tok/sec: 1,513,979 | mfu: 36.6% | epoch: 1 | remaining: 228s    
step 00224 (24.1%) | loss: 3.279328 | lrm: 1.00 | dt: 323ms | tok/sec: 1,623,115 | mfu: 39.2% | epoch: 1 | remaining: 227s    
step 00225 (24.3%) | loss: 3.279012 | lrm: 1.00 | dt: 329ms | tok/sec: 1,595,136 | mfu: 38.5% | epoch: 1 | remaining: 227s    
step 00226 (24.4%) | loss: 3.282188 | lrm: 1.00 | dt: 389ms | tok/sec: 1,346,585 | mfu: 32.5% | epoch: 1 | remaining: 227s    
step 00227 (24.5%) | loss: 3.281687 | lrm: 1.00 | dt: 323ms | tok/sec: 1,621,454 | mfu: 39.2% | epoch: 1 | remaining: 226s    
step 00228 (24.6%) | loss: 3.279124 | lrm: 1.00 | dt: 321ms | tok/sec: 1,634,292 | mfu: 39.5% | epoch: 1 | remaining: 226s    
step 00229 (24.7%) | loss: 3.277245 | lrm: 1.00 | dt: 346ms | tok/sec: 1,515,927 | mfu: 36.6% | epoch: 1 | remaining: 226s    
step 00230 (24.8%) | loss: 3.278638 | lrm: 1.00 | dt: 328ms | tok/sec: 1,598,221 | mfu: 38.6% | epoch: 1 | remaining: 225s    
step 00231 (24.9%) | loss: 3.278804 | lrm: 1.00 | dt: 360ms | tok/sec: 1,458,051 | mfu: 35.2% | epoch: 1 | remaining: 225s    
step 00232 (25.1%) | loss: 3.275304 | lrm: 1.00 | dt: 338ms | tok/sec: 1,550,632 | mfu: 37.5% | epoch: 1 | remaining: 225s    
step 00233 (25.2%) | loss: 3.271924 | lrm: 1.00 | dt: 326ms | tok/sec: 1,608,371 | mfu: 38.9% | epoch: 1 | remaining: 224s    
step 00234 (25.3%) | loss: 3.270014 | lrm: 1.00 | dt: 335ms | tok/sec: 1,563,091 | mfu: 37.8% | epoch: 1 | remaining: 224s    
step 00235 (25.4%) | loss: 3.267086 | lrm: 1.00 | dt: 334ms | tok/sec: 1,569,318 | mfu: 37.9% | epoch: 1 | remaining: 224s    
step 00236 (25.5%) | loss: 3.264184 | lrm: 1.00 | dt: 343ms | tok/sec: 1,526,452 | mfu: 36.9% | epoch: 1 | remaining: 223s    
step 00237 (25.6%) | loss: 3.258244 | lrm: 1.00 | dt: 326ms | tok/sec: 1,606,040 | mfu: 38.8% | epoch: 1 | remaining: 223s    
step 00238 (25.7%) | loss: 3.259121 | lrm: 1.00 | dt: 376ms | tok/sec: 1,394,416 | mfu: 33.7% | epoch: 1 | remaining: 222s    
step 00239 (25.8%) | loss: 3.256041 | lrm: 1.00 | dt: 436ms | tok/sec: 1,203,189 | mfu: 29.1% | epoch: 1 | remaining: 222s    
step 00240 (26.0%) | loss: 3.250965 | lrm: 1.00 | dt: 382ms | tok/sec: 1,373,290 | mfu: 33.2% | epoch: 1 | remaining: 222s    
step 00241 (26.1%) | loss: 3.251955 | lrm: 1.00 | dt: 337ms | tok/sec: 1,557,918 | mfu: 37.6% | epoch: 1 | remaining: 221s    
step 00242 (26.2%) | loss: 3.253703 | lrm: 1.00 | dt: 329ms | tok/sec: 1,595,988 | mfu: 38.6% | epoch: 1 | remaining: 221s    
step 00243 (26.3%) | loss: 3.252825 | lrm: 1.00 | dt: 339ms | tok/sec: 1,546,984 | mfu: 37.4% | epoch: 1 | remaining: 221s    
step 00244 (26.5%) | loss: 3.252020 | lrm: 1.00 | dt: 334ms | tok/sec: 1,571,962 | mfu: 38.0% | epoch: 1 | remaining: 220s    
step 00245 (26.6%) | loss: 3.244461 | lrm: 1.00 | dt: 323ms | tok/sec: 1,622,227 | mfu: 39.2% | epoch: 1 | remaining: 220s    
step 00246 (26.7%) | loss: 3.240495 | lrm: 1.00 | dt: 338ms | tok/sec: 1,549,760 | mfu: 37.4% | epoch: 1 | remaining: 220s    
step 00247 (26.8%) | loss: 3.231729 | lrm: 1.00 | dt: 333ms | tok/sec: 1,572,376 | mfu: 38.0% | epoch: 1 | remaining: 219s    
step 00248 (26.9%) | loss: 3.233051 | lrm: 1.00 | dt: 338ms | tok/sec: 1,551,455 | mfu: 37.5% | epoch: 1 | remaining: 219s    
step 00249 (27.0%) | loss: 3.234080 | lrm: 1.00 | dt: 332ms | tok/sec: 1,580,866 | mfu: 38.2% | epoch: 1 | remaining: 219s    
step 00250 (27.1%) | loss: 3.235343 | lrm: 1.00 | dt: 334ms | tok/sec: 1,567,381 | mfu: 37.9% | epoch: 1 | remaining: 218s    
step 00251 (27.2%) | loss: 3.238219 | lrm: 1.00 | dt: 336ms | tok/sec: 1,558,348 | mfu: 37.7% | epoch: 1 | remaining: 218s    
step 00252 (27.3%) | loss: 3.240363 | lrm: 1.00 | dt: 340ms | tok/sec: 1,542,450 | mfu: 37.3% | epoch: 1 | remaining: 218s    
step 00253 (27.5%) | loss: 3.243209 | lrm: 1.00 | dt: 335ms | tok/sec: 1,562,764 | mfu: 37.8% | epoch: 1 | remaining: 217s    
step 00254 (27.6%) | loss: 3.246372 | lrm: 1.00 | dt: 334ms | tok/sec: 1,569,331 | mfu: 37.9% | epoch: 1 | remaining: 217s    
step 00255 (27.7%) | loss: 3.246063 | lrm: 1.00 | dt: 370ms | tok/sec: 1,416,914 | mfu: 34.2% | epoch: 1 | remaining: 217s    
step 00256 (27.8%) | loss: 3.241537 | lrm: 1.00 | dt: 320ms | tok/sec: 1,638,865 | mfu: 39.6% | epoch: 1 | remaining: 216s    
step 00257 (27.9%) | loss: 3.241692 | lrm: 1.00 | dt: 379ms | tok/sec: 1,381,832 | mfu: 33.4% | epoch: 1 | remaining: 216s    
step 00258 (28.0%) | loss: 3.234130 | lrm: 1.00 | dt: 331ms | tok/sec: 1,581,634 | mfu: 38.2% | epoch: 1 | remaining: 216s    
step 00259 (28.1%) | loss: 3.233143 | lrm: 1.00 | dt: 326ms | tok/sec: 1,607,467 | mfu: 38.8% | epoch: 1 | remaining: 215s    
step 00260 (28.3%) | loss: 3.231331 | lrm: 1.00 | dt: 339ms | tok/sec: 1,546,229 | mfu: 37.4% | epoch: 1 | remaining: 215s    
step 00261 (28.4%) | loss: 3.228979 | lrm: 1.00 | dt: 331ms | tok/sec: 1,581,599 | mfu: 38.2% | epoch: 1 | remaining: 215s    
step 00262 (28.5%) | loss: 3.229613 | lrm: 1.00 | dt: 341ms | tok/sec: 1,535,925 | mfu: 37.1% | epoch: 1 | remaining: 214s    
step 00263 (28.6%) | loss: 3.228556 | lrm: 1.00 | dt: 428ms | tok/sec: 1,224,987 | mfu: 29.6% | epoch: 1 | remaining: 214s    
step 00264 (28.7%) | loss: 3.228418 | lrm: 1.00 | dt: 356ms | tok/sec: 1,472,605 | mfu: 35.6% | epoch: 1 | remaining: 213s    
step 00265 (28.9%) | loss: 3.226346 | lrm: 1.00 | dt: 338ms | tok/sec: 1,549,296 | mfu: 37.4% | epoch: 1 | remaining: 213s    
step 00266 (29.0%) | loss: 3.221200 | lrm: 1.00 | dt: 331ms | tok/sec: 1,586,305 | mfu: 38.3% | epoch: 1 | remaining: 213s    
step 00267 (29.1%) | loss: 3.218620 | lrm: 1.00 | dt: 340ms | tok/sec: 1,540,519 | mfu: 37.2% | epoch: 1 | remaining: 212s    
step 00268 (29.2%) | loss: 3.218560 | lrm: 1.00 | dt: 397ms | tok/sec: 1,320,760 | mfu: 31.9% | epoch: 1 | remaining: 212s    
step 00269 (29.3%) | loss: 3.214935 | lrm: 1.00 | dt: 320ms | tok/sec: 1,639,379 | mfu: 39.6% | epoch: 1 | remaining: 212s    
step 00270 (29.4%) | loss: 3.215641 | lrm: 1.00 | dt: 400ms | tok/sec: 1,310,633 | mfu: 31.7% | epoch: 1 | remaining: 211s    
step 00271 (29.6%) | loss: 3.215570 | lrm: 1.00 | dt: 340ms | tok/sec: 1,542,514 | mfu: 37.3% | epoch: 1 | remaining: 211s    
step 00272 (29.7%) | loss: 3.216675 | lrm: 1.00 | dt: 323ms | tok/sec: 1,625,188 | mfu: 39.3% | epoch: 1 | remaining: 211s    
step 00273 (29.8%) | loss: 3.212597 | lrm: 1.00 | dt: 338ms | tok/sec: 1,549,371 | mfu: 37.4% | epoch: 1 | remaining: 210s    
step 00274 (29.9%) | loss: 3.210640 | lrm: 1.00 | dt: 328ms | tok/sec: 1,597,078 | mfu: 38.6% | epoch: 1 | remaining: 210s    
step 00275 (30.0%) | loss: 3.206645 | lrm: 1.00 | dt: 355ms | tok/sec: 1,477,466 | mfu: 35.7% | epoch: 1 | remaining: 210s    
step 00276 (30.1%) | loss: 3.212268 | lrm: 1.00 | dt: 326ms | tok/sec: 1,606,726 | mfu: 38.8% | epoch: 1 | remaining: 209s    
step 00277 (30.2%) | loss: 3.210655 | lrm: 1.00 | dt: 336ms | tok/sec: 1,561,147 | mfu: 37.7% | epoch: 1 | remaining: 209s    
step 00278 (30.3%) | loss: 3.207621 | lrm: 1.00 | dt: 333ms | tok/sec: 1,575,139 | mfu: 38.1% | epoch: 1 | remaining: 209s    
step 00279 (30.5%) | loss: 3.208948 | lrm: 1.00 | dt: 330ms | tok/sec: 1,587,427 | mfu: 38.4% | epoch: 1 | remaining: 208s    
step 00280 (30.6%) | loss: 3.208082 | lrm: 1.00 | dt: 362ms | tok/sec: 1,448,083 | mfu: 35.0% | epoch: 1 | remaining: 208s    
step 00281 (30.7%) | loss: 3.208999 | lrm: 1.00 | dt: 356ms | tok/sec: 1,471,147 | mfu: 35.5% | epoch: 1 | remaining: 208s    
step 00282 (30.8%) | loss: 3.207926 | lrm: 1.00 | dt: 397ms | tok/sec: 1,321,159 | mfu: 31.9% | epoch: 1 | remaining: 207s    
step 00283 (30.9%) | loss: 3.208540 | lrm: 1.00 | dt: 345ms | tok/sec: 1,518,854 | mfu: 36.7% | epoch: 1 | remaining: 207s    
step 00284 (31.0%) | loss: 3.205013 | lrm: 1.00 | dt: 337ms | tok/sec: 1,556,610 | mfu: 37.6% | epoch: 1 | remaining: 207s    
step 00285 (31.2%) | loss: 3.202763 | lrm: 1.00 | dt: 336ms | tok/sec: 1,561,014 | mfu: 37.7% | epoch: 1 | remaining: 206s    
step 00286 (31.3%) | loss: 3.202166 | lrm: 1.00 | dt: 337ms | tok/sec: 1,556,338 | mfu: 37.6% | epoch: 1 | remaining: 206s    
step 00287 (31.4%) | loss: 3.201059 | lrm: 1.00 | dt: 340ms | tok/sec: 1,543,170 | mfu: 37.3% | epoch: 1 | remaining: 206s    
step 00288 (31.5%) | loss: 3.205747 | lrm: 1.00 | dt: 333ms | tok/sec: 1,572,532 | mfu: 38.0% | epoch: 1 | remaining: 205s    
step 00289 (31.6%) | loss: 3.202874 | lrm: 1.00 | dt: 378ms | tok/sec: 1,388,630 | mfu: 33.6% | epoch: 1 | remaining: 205s    
step 00290 (31.7%) | loss: 3.200178 | lrm: 1.00 | dt: 322ms | tok/sec: 1,628,872 | mfu: 39.4% | epoch: 1 | remaining: 204s    
step 00291 (31.8%) | loss: 3.198383 | lrm: 1.00 | dt: 334ms | tok/sec: 1,568,737 | mfu: 37.9% | epoch: 1 | remaining: 204s    
step 00292 (32.0%) | loss: 3.197202 | lrm: 1.00 | dt: 340ms | tok/sec: 1,543,841 | mfu: 37.3% | epoch: 1 | remaining: 204s    
step 00293 (32.1%) | loss: 3.195031 | lrm: 1.00 | dt: 326ms | tok/sec: 1,606,466 | mfu: 38.8% | epoch: 1 | remaining: 203s    
step 00294 (32.2%) | loss: 3.193698 | lrm: 1.00 | dt: 368ms | tok/sec: 1,425,265 | mfu: 34.4% | epoch: 1 | remaining: 203s    
step 00295 (32.3%) | loss: 3.197569 | lrm: 1.00 | dt: 359ms | tok/sec: 1,458,598 | mfu: 35.2% | epoch: 1 | remaining: 203s    
step 00296 (32.4%) | loss: 3.199117 | lrm: 1.00 | dt: 409ms | tok/sec: 1,280,690 | mfu: 30.9% | epoch: 1 | remaining: 202s    
step 00297 (32.6%) | loss: 3.203142 | lrm: 1.00 | dt: 342ms | tok/sec: 1,532,259 | mfu: 37.0% | epoch: 1 | remaining: 202s    
step 00298 (32.7%) | loss: 3.198233 | lrm: 1.00 | dt: 413ms | tok/sec: 1,270,571 | mfu: 30.7% | epoch: 1 | remaining: 202s    
step 00299 (32.8%) | loss: 3.189230 | lrm: 1.00 | dt: 333ms | tok/sec: 1,575,731 | mfu: 38.1% | epoch: 1 | remaining: 201s    
step 00300 (32.9%) | loss: 3.188767 | lrm: 1.00 | dt: 331ms | tok/sec: 1,584,735 | mfu: 38.3% | epoch: 1 | remaining: 201s    
step 00301 (33.0%) | loss: 3.190743 | lrm: 1.00 | dt: 346ms | tok/sec: 1,515,008 | mfu: 36.6% | epoch: 1 | remaining: 201s    
step 00302 (33.1%) | loss: 3.190433 | lrm: 1.00 | dt: 328ms | tok/sec: 1,600,231 | mfu: 38.7% | epoch: 1 | remaining: 200s    
step 00303 (33.3%) | loss: 3.190070 | lrm: 1.00 | dt: 397ms | tok/sec: 1,321,254 | mfu: 31.9% | epoch: 1 | remaining: 200s    
step 00304 (33.4%) | loss: 3.187485 | lrm: 1.00 | dt: 376ms | tok/sec: 1,393,663 | mfu: 33.7% | epoch: 1 | remaining: 199s    
step 00305 (33.5%) | loss: 3.186245 | lrm: 1.00 | dt: 321ms | tok/sec: 1,633,932 | mfu: 39.5% | epoch: 1 | remaining: 199s    
step 00306 (33.6%) | loss: 3.182242 | lrm: 1.00 | dt: 429ms | tok/sec: 1,222,622 | mfu: 29.5% | epoch: 1 | remaining: 199s    
step 00307 (33.8%) | loss: 3.176935 | lrm: 1.00 | dt: 330ms | tok/sec: 1,590,202 | mfu: 38.4% | epoch: 1 | remaining: 198s    
step 00308 (33.9%) | loss: 3.174075 | lrm: 1.00 | dt: 359ms | tok/sec: 1,460,531 | mfu: 35.3% | epoch: 1 | remaining: 198s    
step 00309 (34.0%) | loss: 3.170724 | lrm: 1.00 | dt: 338ms | tok/sec: 1,551,154 | mfu: 37.5% | epoch: 1 | remaining: 198s    
step 00310 (34.1%) | loss: 3.172695 | lrm: 1.00 | dt: 324ms | tok/sec: 1,618,217 | mfu: 39.1% | epoch: 1 | remaining: 197s    
step 00311 (34.2%) | loss: 3.174680 | lrm: 1.00 | dt: 334ms | tok/sec: 1,567,524 | mfu: 37.9% | epoch: 1 | remaining: 197s    
step 00312 (34.3%) | loss: 3.174230 | lrm: 1.00 | dt: 334ms | tok/sec: 1,569,120 | mfu: 37.9% | epoch: 1 | remaining: 197s    
step 00313 (34.4%) | loss: 3.172469 | lrm: 1.00 | dt: 345ms | tok/sec: 1,519,346 | mfu: 36.7% | epoch: 1 | remaining: 196s    
step 00314 (34.5%) | loss: 3.167678 | lrm: 1.00 | dt: 333ms | tok/sec: 1,573,938 | mfu: 38.0% | epoch: 1 | remaining: 196s    
step 00315 (34.7%) | loss: 3.166031 | lrm: 1.00 | dt: 330ms | tok/sec: 1,589,098 | mfu: 38.4% | epoch: 1 | remaining: 196s    
step 00316 (34.8%) | loss: 3.167387 | lrm: 1.00 | dt: 332ms | tok/sec: 1,580,738 | mfu: 38.2% | epoch: 1 | remaining: 195s    
step 00317 (34.9%) | loss: 3.161968 | lrm: 1.00 | dt: 358ms | tok/sec: 1,462,722 | mfu: 35.3% | epoch: 1 | remaining: 195s    
step 00318 (35.0%) | loss: 3.159310 | lrm: 1.00 | dt: 323ms | tok/sec: 1,620,971 | mfu: 39.2% | epoch: 1 | remaining: 195s    
step 00319 (35.1%) | loss: 3.159940 | lrm: 1.00 | dt: 356ms | tok/sec: 1,472,602 | mfu: 35.6% | epoch: 1 | remaining: 194s    
step 00320 (35.2%) | loss: 3.158612 | lrm: 1.00 | dt: 372ms | tok/sec: 1,408,616 | mfu: 34.0% | epoch: 1 | remaining: 194s    
step 00321 (35.4%) | loss: 3.162570 | lrm: 1.00 | dt: 349ms | tok/sec: 1,503,660 | mfu: 36.3% | epoch: 1 | remaining: 194s    
step 00322 (35.5%) | loss: 3.159312 | lrm: 1.00 | dt: 355ms | tok/sec: 1,478,687 | mfu: 35.7% | epoch: 1 | remaining: 193s    
step 00323 (35.6%) | loss: 3.155936 | lrm: 1.00 | dt: 331ms | tok/sec: 1,583,898 | mfu: 38.3% | epoch: 1 | remaining: 193s    
step 00324 (35.7%) | loss: 3.155855 | lrm: 1.00 | dt: 333ms | tok/sec: 1,572,643 | mfu: 38.0% | epoch: 1 | remaining: 193s    
step 00325 (35.8%) | loss: 3.153583 | lrm: 1.00 | dt: 335ms | tok/sec: 1,565,613 | mfu: 37.8% | epoch: 1 | remaining: 192s    
step 00326 (35.9%) | loss: 3.156608 | lrm: 1.00 | dt: 329ms | tok/sec: 1,592,359 | mfu: 38.5% | epoch: 1 | remaining: 192s    
step 00327 (36.0%) | loss: 3.160703 | lrm: 1.00 | dt: 335ms | tok/sec: 1,564,234 | mfu: 37.8% | epoch: 1 | remaining: 192s    
step 00328 (36.1%) | loss: 3.155581 | lrm: 1.00 | dt: 345ms | tok/sec: 1,517,727 | mfu: 36.7% | epoch: 1 | remaining: 191s    
step 00329 (36.3%) | loss: 3.156836 | lrm: 1.00 | dt: 340ms | tok/sec: 1,540,780 | mfu: 37.2% | epoch: 1 | remaining: 191s    
step 00330 (36.4%) | loss: 3.154097 | lrm: 1.00 | dt: 337ms | tok/sec: 1,555,445 | mfu: 37.6% | epoch: 1 | remaining: 191s    
step 00331 (36.5%) | loss: 3.155625 | lrm: 1.00 | dt: 329ms | tok/sec: 1,595,614 | mfu: 38.6% | epoch: 1 | remaining: 190s    
step 00332 (36.6%) | loss: 3.153867 | lrm: 1.00 | dt: 331ms | tok/sec: 1,585,292 | mfu: 38.3% | epoch: 1 | remaining: 190s    
step 00333 (36.7%) | loss: 3.151773 | lrm: 1.00 | dt: 329ms | tok/sec: 1,592,823 | mfu: 38.5% | epoch: 1 | remaining: 190s    
step 00334 (36.8%) | loss: 3.150024 | lrm: 1.00 | dt: 340ms | tok/sec: 1,540,875 | mfu: 37.2% | epoch: 1 | remaining: 189s    
step 00335 (36.9%) | loss: 3.147443 | lrm: 1.00 | dt: 326ms | tok/sec: 1,605,905 | mfu: 38.8% | epoch: 1 | remaining: 189s    
step 00336 (37.0%) | loss: 3.150068 | lrm: 1.00 | dt: 333ms | tok/sec: 1,572,313 | mfu: 38.0% | epoch: 1 | remaining: 189s    
step 00337 (37.1%) | loss: 3.154584 | lrm: 1.00 | dt: 354ms | tok/sec: 1,481,604 | mfu: 35.8% | epoch: 1 | remaining: 188s    
step 00338 (37.3%) | loss: 3.152497 | lrm: 1.00 | dt: 329ms | tok/sec: 1,593,418 | mfu: 38.5% | epoch: 1 | remaining: 188s    
step 00339 (37.4%) | loss: 3.152465 | lrm: 1.00 | dt: 329ms | tok/sec: 1,593,626 | mfu: 38.5% | epoch: 1 | remaining: 188s    
step 00340 (37.5%) | loss: 3.153899 | lrm: 1.00 | dt: 335ms | tok/sec: 1,563,136 | mfu: 37.8% | epoch: 1 | remaining: 187s    
step 00341 (37.6%) | loss: 3.157305 | lrm: 1.00 | dt: 334ms | tok/sec: 1,568,124 | mfu: 37.9% | epoch: 1 | remaining: 187s    
step 00342 (37.7%) | loss: 3.157028 | lrm: 1.00 | dt: 339ms | tok/sec: 1,544,700 | mfu: 37.3% | epoch: 1 | remaining: 187s    
step 00343 (37.8%) | loss: 3.151725 | lrm: 1.00 | dt: 427ms | tok/sec: 1,227,894 | mfu: 29.7% | epoch: 1 | remaining: 186s    
step 00344 (38.0%) | loss: 3.151161 | lrm: 1.00 | dt: 344ms | tok/sec: 1,523,085 | mfu: 36.8% | epoch: 1 | remaining: 186s    
step 00345 (38.1%) | loss: 3.156217 | lrm: 1.00 | dt: 326ms | tok/sec: 1,607,711 | mfu: 38.8% | epoch: 1 | remaining: 185s    
step 00346 (38.2%) | loss: 3.151526 | lrm: 1.00 | dt: 381ms | tok/sec: 1,375,406 | mfu: 33.2% | epoch: 1 | remaining: 185s    
step 00347 (38.3%) | loss: 3.146313 | lrm: 1.00 | dt: 325ms | tok/sec: 1,611,696 | mfu: 38.9% | epoch: 1 | remaining: 185s    
step 00348 (38.4%) | loss: 3.143586 | lrm: 1.00 | dt: 341ms | tok/sec: 1,538,672 | mfu: 37.2% | epoch: 1 | remaining: 184s    
step 00349 (38.5%) | loss: 3.143077 | lrm: 1.00 | dt: 339ms | tok/sec: 1,548,638 | mfu: 37.4% | epoch: 1 | remaining: 184s    
step 00350 (38.6%) | loss: 3.142278 | lrm: 1.00 | dt: 468ms | tok/sec: 1,121,319 | mfu: 27.1% | epoch: 1 | remaining: 184s    
step 00351 (38.8%) | loss: 3.141687 | lrm: 1.00 | dt: 346ms | tok/sec: 1,514,510 | mfu: 36.6% | epoch: 1 | remaining: 183s    
step 00352 (38.9%) | loss: 3.139745 | lrm: 1.00 | dt: 351ms | tok/sec: 1,492,194 | mfu: 36.1% | epoch: 1 | remaining: 183s    
step 00353 (39.0%) | loss: 3.139193 | lrm: 1.00 | dt: 334ms | tok/sec: 1,571,885 | mfu: 38.0% | epoch: 1 | remaining: 183s    
step 00354 (39.1%) | loss: 3.134167 | lrm: 1.00 | dt: 343ms | tok/sec: 1,527,037 | mfu: 36.9% | epoch: 1 | remaining: 182s    
step 00355 (39.3%) | loss: 3.128758 | lrm: 1.00 | dt: 340ms | tok/sec: 1,542,454 | mfu: 37.3% | epoch: 1 | remaining: 182s    
step 00356 (39.4%) | loss: 3.132373 | lrm: 1.00 | dt: 336ms | tok/sec: 1,558,124 | mfu: 37.6% | epoch: 1 | remaining: 182s    
step 00357 (39.5%) | loss: 3.136300 | lrm: 1.00 | dt: 353ms | tok/sec: 1,484,071 | mfu: 35.9% | epoch: 1 | remaining: 181s    
step 00358 (39.6%) | loss: 3.138381 | lrm: 1.00 | dt: 389ms | tok/sec: 1,346,368 | mfu: 32.5% | epoch: 1 | remaining: 181s    
step 00359 (39.7%) | loss: 3.139298 | lrm: 1.00 | dt: 331ms | tok/sec: 1,583,074 | mfu: 38.2% | epoch: 1 | remaining: 180s    
step 00360 (39.8%) | loss: 3.137487 | lrm: 1.00 | dt: 339ms | tok/sec: 1,546,722 | mfu: 37.4% | epoch: 1 | remaining: 180s    
step 00361 (40.0%) | loss: 3.136702 | lrm: 1.00 | dt: 365ms | tok/sec: 1,434,901 | mfu: 34.7% | epoch: 1 | remaining: 180s    
step 00362 (40.1%) | loss: 3.131487 | lrm: 1.00 | dt: 335ms | tok/sec: 1,563,139 | mfu: 37.8% | epoch: 1 | remaining: 179s    
step 00363 (40.2%) | loss: 3.132543 | lrm: 1.00 | dt: 363ms | tok/sec: 1,445,103 | mfu: 34.9% | epoch: 1 | remaining: 179s    
step 00364 (40.3%) | loss: 3.129322 | lrm: 1.00 | dt: 329ms | tok/sec: 1,593,174 | mfu: 38.5% | epoch: 1 | remaining: 179s    
step 00365 (40.4%) | loss: 3.128889 | lrm: 1.00 | dt: 347ms | tok/sec: 1,513,076 | mfu: 36.6% | epoch: 1 | remaining: 178s    
step 00366 (40.5%) | loss: 3.126065 | lrm: 1.00 | dt: 351ms | tok/sec: 1,491,677 | mfu: 36.0% | epoch: 1 | remaining: 178s    
step 00367 (40.7%) | loss: 3.128523 | lrm: 1.00 | dt: 324ms | tok/sec: 1,619,438 | mfu: 39.1% | epoch: 1 | remaining: 178s    
step 00368 (40.8%) | loss: 3.128721 | lrm: 1.00 | dt: 330ms | tok/sec: 1,587,082 | mfu: 38.3% | epoch: 1 | remaining: 177s    
step 00369 (40.9%) | loss: 3.129380 | lrm: 1.00 | dt: 378ms | tok/sec: 1,386,058 | mfu: 33.5% | epoch: 1 | remaining: 177s    
step 00370 (41.0%) | loss: 3.125894 | lrm: 1.00 | dt: 377ms | tok/sec: 1,390,255 | mfu: 33.6% | epoch: 1 | remaining: 177s    
step 00371 (41.1%) | loss: 3.124083 | lrm: 1.00 | dt: 324ms | tok/sec: 1,616,421 | mfu: 39.1% | epoch: 1 | remaining: 176s    
step 00372 (41.2%) | loss: 3.126669 | lrm: 1.00 | dt: 331ms | tok/sec: 1,583,776 | mfu: 38.3% | epoch: 1 | remaining: 176s    
step 00373 (41.3%) | loss: 3.126235 | lrm: 1.00 | dt: 343ms | tok/sec: 1,526,793 | mfu: 36.9% | epoch: 1 | remaining: 176s    
step 00374 (41.5%) | loss: 3.120354 | lrm: 1.00 | dt: 336ms | tok/sec: 1,561,699 | mfu: 37.7% | epoch: 1 | remaining: 175s    
step 00375 (41.6%) | loss: 3.118827 | lrm: 1.00 | dt: 335ms | tok/sec: 1,564,883 | mfu: 37.8% | epoch: 1 | remaining: 175s    
step 00376 (41.7%) | loss: 3.118921 | lrm: 1.00 | dt: 354ms | tok/sec: 1,481,439 | mfu: 35.8% | epoch: 1 | remaining: 175s    
step 00377 (41.8%) | loss: 3.117345 | lrm: 1.00 | dt: 381ms | tok/sec: 1,375,349 | mfu: 33.2% | epoch: 1 | remaining: 174s    
step 00378 (41.9%) | loss: 3.117891 | lrm: 1.00 | dt: 321ms | tok/sec: 1,633,927 | mfu: 39.5% | epoch: 1 | remaining: 174s    
step 00379 (42.0%) | loss: 3.115359 | lrm: 1.00 | dt: 326ms | tok/sec: 1,607,271 | mfu: 38.8% | epoch: 1 | remaining: 174s    
step 00380 (42.1%) | loss: 3.109105 | lrm: 1.00 | dt: 353ms | tok/sec: 1,486,597 | mfu: 35.9% | epoch: 1 | remaining: 173s    
step 00381 (42.3%) | loss: 3.110665 | lrm: 1.00 | dt: 357ms | tok/sec: 1,468,376 | mfu: 35.5% | epoch: 1 | remaining: 173s    
step 00382 (42.4%) | loss: 3.107475 | lrm: 1.00 | dt: 349ms | tok/sec: 1,501,294 | mfu: 36.3% | epoch: 1 | remaining: 173s    
step 00383 (42.5%) | loss: 3.105697 | lrm: 1.00 | dt: 356ms | tok/sec: 1,472,512 | mfu: 35.6% | epoch: 1 | remaining: 172s    
step 00384 (42.6%) | loss: 3.106353 | lrm: 1.00 | dt: 343ms | tok/sec: 1,530,646 | mfu: 37.0% | epoch: 1 | remaining: 172s    
step 00385 (42.7%) | loss: 3.108923 | lrm: 1.00 | dt: 362ms | tok/sec: 1,447,582 | mfu: 35.0% | epoch: 1 | remaining: 171s    
step 00386 (42.8%) | loss: 3.111461 | lrm: 1.00 | dt: 322ms | tok/sec: 1,629,833 | mfu: 39.4% | epoch: 1 | remaining: 171s    
step 00387 (43.0%) | loss: 3.110236 | lrm: 1.00 | dt: 330ms | tok/sec: 1,588,401 | mfu: 38.4% | epoch: 1 | remaining: 171s    
step 00388 (43.1%) | loss: 3.108243 | lrm: 1.00 | dt: 349ms | tok/sec: 1,502,221 | mfu: 36.3% | epoch: 1 | remaining: 170s    
step 00389 (43.2%) | loss: 3.108917 | lrm: 1.00 | dt: 347ms | tok/sec: 1,512,549 | mfu: 36.5% | epoch: 1 | remaining: 170s    
step 00390 (43.3%) | loss: 3.109023 | lrm: 1.00 | dt: 327ms | tok/sec: 1,601,107 | mfu: 38.7% | epoch: 1 | remaining: 170s    
step 00391 (43.4%) | loss: 3.106752 | lrm: 1.00 | dt: 403ms | tok/sec: 1,302,020 | mfu: 31.5% | epoch: 1 | remaining: 169s    
step 00392 (43.5%) | loss: 3.101966 | lrm: 1.00 | dt: 342ms | tok/sec: 1,530,944 | mfu: 37.0% | epoch: 1 | remaining: 169s    
step 00393 (43.7%) | loss: 3.102141 | lrm: 1.00 | dt: 459ms | tok/sec: 1,142,171 | mfu: 27.6% | epoch: 1 | remaining: 169s    
step 00394 (43.8%) | loss: 3.098269 | lrm: 1.00 | dt: 328ms | tok/sec: 1,598,637 | mfu: 38.6% | epoch: 1 | remaining: 168s    
step 00395 (43.9%) | loss: 3.092857 | lrm: 1.00 | dt: 323ms | tok/sec: 1,623,043 | mfu: 39.2% | epoch: 1 | remaining: 168s    
step 00396 (44.0%) | loss: 3.086857 | lrm: 1.00 | dt: 340ms | tok/sec: 1,542,052 | mfu: 37.3% | epoch: 1 | remaining: 168s    
step 00397 (44.1%) | loss: 3.089986 | lrm: 1.00 | dt: 345ms | tok/sec: 1,521,142 | mfu: 36.8% | epoch: 1 | remaining: 167s    
step 00398 (44.3%) | loss: 3.091938 | lrm: 1.00 | dt: 337ms | tok/sec: 1,553,738 | mfu: 37.5% | epoch: 1 | remaining: 167s    
step 00399 (44.4%) | loss: 3.084373 | lrm: 1.00 | dt: 419ms | tok/sec: 1,251,076 | mfu: 30.2% | epoch: 1 | remaining: 166s    
step 00400 (44.5%) | loss: 3.083388 | lrm: 1.00 | dt: 348ms | tok/sec: 1,504,794 | mfu: 36.4% | epoch: 1 | remaining: 166s    
step 00401 (44.6%) | loss: 3.078432 | lrm: 1.00 | dt: 321ms | tok/sec: 1,632,278 | mfu: 39.4% | epoch: 1 | remaining: 166s    
step 00402 (44.7%) | loss: 3.078584 | lrm: 1.00 | dt: 363ms | tok/sec: 1,446,019 | mfu: 34.9% | epoch: 1 | remaining: 165s    
step 00403 (44.8%) | loss: 3.076814 | lrm: 1.00 | dt: 349ms | tok/sec: 1,502,083 | mfu: 36.3% | epoch: 1 | remaining: 165s    
step 00404 (45.0%) | loss: 3.075605 | lrm: 1.00 | dt: 324ms | tok/sec: 1,618,327 | mfu: 39.1% | epoch: 1 | remaining: 165s    
step 00405 (45.1%) | loss: 3.076328 | lrm: 1.00 | dt: 337ms | tok/sec: 1,554,916 | mfu: 37.6% | epoch: 1 | remaining: 164s    
step 00406 (45.2%) | loss: 3.079558 | lrm: 1.00 | dt: 333ms | tok/sec: 1,574,946 | mfu: 38.1% | epoch: 1 | remaining: 164s    
step 00407 (45.3%) | loss: 3.081877 | lrm: 1.00 | dt: 329ms | tok/sec: 1,594,944 | mfu: 38.5% | epoch: 1 | remaining: 164s    
step 00408 (45.4%) | loss: 3.075324 | lrm: 1.00 | dt: 349ms | tok/sec: 1,502,809 | mfu: 36.3% | epoch: 1 | remaining: 163s    
step 00409 (45.5%) | loss: 3.077247 | lrm: 1.00 | dt: 336ms | tok/sec: 1,558,912 | mfu: 37.7% | epoch: 1 | remaining: 163s    
step 00410 (45.6%) | loss: 3.082725 | lrm: 1.00 | dt: 343ms | tok/sec: 1,528,598 | mfu: 36.9% | epoch: 1 | remaining: 163s    
step 00411 (45.7%) | loss: 3.088532 | lrm: 1.00 | dt: 333ms | tok/sec: 1,575,187 | mfu: 38.1% | epoch: 1 | remaining: 162s    
step 00412 (45.9%) | loss: 3.086054 | lrm: 1.00 | dt: 330ms | tok/sec: 1,586,892 | mfu: 38.3% | epoch: 1 | remaining: 162s    
step 00413 (46.0%) | loss: 3.088942 | lrm: 1.00 | dt: 389ms | tok/sec: 1,347,738 | mfu: 32.6% | epoch: 1 | remaining: 162s    
step 00414 (46.1%) | loss: 3.087239 | lrm: 1.00 | dt: 334ms | tok/sec: 1,568,241 | mfu: 37.9% | epoch: 1 | remaining: 161s    
step 00415 (46.2%) | loss: 3.085061 | lrm: 1.00 | dt: 344ms | tok/sec: 1,525,804 | mfu: 36.9% | epoch: 1 | remaining: 161s    
step 00416 (46.3%) | loss: 3.086357 | lrm: 1.00 | dt: 337ms | tok/sec: 1,556,972 | mfu: 37.6% | epoch: 1 | remaining: 161s    
step 00417 (46.4%) | loss: 3.088519 | lrm: 1.00 | dt: 324ms | tok/sec: 1,620,486 | mfu: 39.2% | epoch: 1 | remaining: 160s    
step 00418 (46.5%) | loss: 3.088372 | lrm: 1.00 | dt: 395ms | tok/sec: 1,327,989 | mfu: 32.1% | epoch: 1 | remaining: 160s    
step 00419 (46.7%) | loss: 3.081307 | lrm: 1.00 | dt: 322ms | tok/sec: 1,628,330 | mfu: 39.3% | epoch: 1 | remaining: 160s    
step 00420 (46.8%) | loss: 3.079702 | lrm: 1.00 | dt: 367ms | tok/sec: 1,429,144 | mfu: 34.5% | epoch: 1 | remaining: 159s    
step 00421 (46.9%) | loss: 3.075699 | lrm: 1.00 | dt: 351ms | tok/sec: 1,493,050 | mfu: 36.1% | epoch: 1 | remaining: 159s    
step 00422 (47.0%) | loss: 3.075050 | lrm: 1.00 | dt: 421ms | tok/sec: 1,244,686 | mfu: 30.1% | epoch: 1 | remaining: 159s    
step 00423 (47.2%) | loss: 3.081063 | lrm: 1.00 | dt: 341ms | tok/sec: 1,536,961 | mfu: 37.1% | epoch: 1 | remaining: 158s    
step 00424 (47.3%) | loss: 3.082229 | lrm: 1.00 | dt: 346ms | tok/sec: 1,516,993 | mfu: 36.7% | epoch: 1 | remaining: 158s    
step 00425 (47.4%) | loss: 3.082756 | lrm: 1.00 | dt: 329ms | tok/sec: 1,595,291 | mfu: 38.5% | epoch: 1 | remaining: 157s    
step 00426 (47.5%) | loss: 3.077849 | lrm: 1.00 | dt: 356ms | tok/sec: 1,471,171 | mfu: 35.5% | epoch: 1 | remaining: 157s    
step 00427 (47.6%) | loss: 3.078387 | lrm: 1.00 | dt: 344ms | tok/sec: 1,522,688 | mfu: 36.8% | epoch: 1 | remaining: 157s    
step 00428 (47.7%) | loss: 3.075870 | lrm: 1.00 | dt: 329ms | tok/sec: 1,595,533 | mfu: 38.6% | epoch: 1 | remaining: 156s    
step 00429 (47.8%) | loss: 3.070255 | lrm: 1.00 | dt: 331ms | tok/sec: 1,582,949 | mfu: 38.2% | epoch: 1 | remaining: 156s    
step 00430 (48.0%) | loss: 3.072278 | lrm: 1.00 | dt: 361ms | tok/sec: 1,450,821 | mfu: 35.1% | epoch: 1 | remaining: 156s    
step 00431 (48.1%) | loss: 3.072414 | lrm: 1.00 | dt: 337ms | tok/sec: 1,557,391 | mfu: 37.6% | epoch: 1 | remaining: 155s    
step 00432 (48.2%) | loss: 3.071316 | lrm: 1.00 | dt: 330ms | tok/sec: 1,586,410 | mfu: 38.3% | epoch: 1 | remaining: 155s    
step 00433 (48.3%) | loss: 3.068382 | lrm: 1.00 | dt: 338ms | tok/sec: 1,551,292 | mfu: 37.5% | epoch: 1 | remaining: 155s    
step 00434 (48.4%) | loss: 3.072625 | lrm: 1.00 | dt: 374ms | tok/sec: 1,403,089 | mfu: 33.9% | epoch: 1 | remaining: 154s    
step 00435 (48.5%) | loss: 3.068361 | lrm: 1.00 | dt: 321ms | tok/sec: 1,633,813 | mfu: 39.5% | epoch: 1 | remaining: 154s    
step 00436 (48.6%) | loss: 3.070892 | lrm: 1.00 | dt: 408ms | tok/sec: 1,284,452 | mfu: 31.0% | epoch: 1 | remaining: 154s    
step 00437 (48.8%) | loss: 3.075019 | lrm: 1.00 | dt: 349ms | tok/sec: 1,501,751 | mfu: 36.3% | epoch: 1 | remaining: 153s    
step 00438 (48.9%) | loss: 3.076111 | lrm: 1.00 | dt: 372ms | tok/sec: 1,408,901 | mfu: 34.0% | epoch: 1 | remaining: 153s    
step 00439 (49.0%) | loss: 3.076973 | lrm: 1.00 | dt: 358ms | tok/sec: 1,463,991 | mfu: 35.4% | epoch: 1 | remaining: 153s    
step 00440 (49.1%) | loss: 3.074985 | lrm: 1.00 | dt: 404ms | tok/sec: 1,296,989 | mfu: 31.3% | epoch: 1 | remaining: 152s    
step 00441 (49.3%) | loss: 3.082964 | lrm: 1.00 | dt: 323ms | tok/sec: 1,625,409 | mfu: 39.3% | epoch: 1 | remaining: 152s    
step 00442 (49.4%) | loss: 3.084454 | lrm: 1.00 | dt: 319ms | tok/sec: 1,646,014 | mfu: 39.8% | epoch: 1 | remaining: 152s    
step 00443 (49.5%) | loss: 3.078571 | lrm: 1.00 | dt: 345ms | tok/sec: 1,520,878 | mfu: 36.7% | epoch: 1 | remaining: 151s    
step 00444 (49.6%) | loss: 3.081811 | lrm: 1.00 | dt: 341ms | tok/sec: 1,535,658 | mfu: 37.1% | epoch: 1 | remaining: 151s    
step 00445 (49.7%) | loss: 3.081527 | lrm: 1.00 | dt: 323ms | tok/sec: 1,624,830 | mfu: 39.3% | epoch: 1 | remaining: 151s    
step 00446 (49.8%) | loss: 3.079617 | lrm: 1.00 | dt: 389ms | tok/sec: 1,348,223 | mfu: 32.6% | epoch: 1 | remaining: 150s    
step 00447 (50.0%) | loss: 3.073294 | lrm: 1.00 | dt: 324ms | tok/sec: 1,618,602 | mfu: 39.1% | epoch: 1 | remaining: 150s    
step 00448 (50.1%) | loss: 3.072126 | lrm: 1.00 | dt: 323ms | tok/sec: 1,620,806 | mfu: 39.2% | epoch: 1 | remaining: 149s    
step 00449 (50.2%) | loss: 3.071369 | lrm: 1.00 | dt: 343ms | tok/sec: 1,528,295 | mfu: 36.9% | epoch: 1 | remaining: 149s    
step 00450 (50.3%) | loss: 3.069775 | lrm: 0.99 | dt: 373ms | tok/sec: 1,406,499 | mfu: 34.0% | epoch: 1 | remaining: 149s    
step 00451 (50.4%) | loss: 3.067799 | lrm: 0.99 | dt: 338ms | tok/sec: 1,550,562 | mfu: 37.5% | epoch: 1 | remaining: 148s    
step 00452 (50.5%) | loss: 3.063279 | lrm: 0.99 | dt: 323ms | tok/sec: 1,621,813 | mfu: 39.2% | epoch: 1 | remaining: 148s    
step 00453 (50.6%) | loss: 3.065557 | lrm: 0.99 | dt: 338ms | tok/sec: 1,551,567 | mfu: 37.5% | epoch: 1 | remaining: 148s    
step 00454 (50.7%) | loss: 3.061382 | lrm: 0.99 | dt: 338ms | tok/sec: 1,551,313 | mfu: 37.5% | epoch: 1 | remaining: 147s    
step 00455 (50.9%) | loss: 3.063163 | lrm: 0.98 | dt: 350ms | tok/sec: 1,496,913 | mfu: 36.2% | epoch: 1 | remaining: 147s    
step 00456 (51.0%) | loss: 3.064226 | lrm: 0.98 | dt: 436ms | tok/sec: 1,202,631 | mfu: 29.1% | epoch: 1 | remaining: 147s    
step 00457 (51.1%) | loss: 3.063845 | lrm: 0.98 | dt: 389ms | tok/sec: 1,346,724 | mfu: 32.5% | epoch: 1 | remaining: 146s    
step 00458 (51.2%) | loss: 3.062586 | lrm: 0.98 | dt: 345ms | tok/sec: 1,521,095 | mfu: 36.8% | epoch: 1 | remaining: 146s    
step 00459 (51.4%) | loss: 3.062491 | lrm: 0.97 | dt: 326ms | tok/sec: 1,609,587 | mfu: 38.9% | epoch: 1 | remaining: 146s    
step 00460 (51.5%) | loss: 3.060383 | lrm: 0.97 | dt: 343ms | tok/sec: 1,528,855 | mfu: 36.9% | epoch: 1 | remaining: 145s    
step 00461 (51.6%) | loss: 3.058634 | lrm: 0.97 | dt: 353ms | tok/sec: 1,486,799 | mfu: 35.9% | epoch: 1 | remaining: 145s    
step 00462 (51.7%) | loss: 3.057428 | lrm: 0.97 | dt: 334ms | tok/sec: 1,571,475 | mfu: 38.0% | epoch: 1 | remaining: 145s    
step 00463 (51.8%) | loss: 3.055245 | lrm: 0.96 | dt: 346ms | tok/sec: 1,513,281 | mfu: 36.6% | epoch: 1 | remaining: 144s    
step 00464 (51.9%) | loss: 3.058177 | lrm: 0.96 | dt: 450ms | tok/sec: 1,165,505 | mfu: 28.2% | epoch: 1 | remaining: 144s    
step 00465 (52.1%) | loss: 3.053463 | lrm: 0.96 | dt: 350ms | tok/sec: 1,497,264 | mfu: 36.2% | epoch: 1 | remaining: 143s    
step 00466 (52.2%) | loss: 3.052946 | lrm: 0.96 | dt: 324ms | tok/sec: 1,615,682 | mfu: 39.0% | epoch: 1 | remaining: 143s    
step 00467 (52.3%) | loss: 3.049190 | lrm: 0.95 | dt: 339ms | tok/sec: 1,548,057 | mfu: 37.4% | epoch: 1 | remaining: 143s    
step 00468 (52.4%) | loss: 3.049605 | lrm: 0.95 | dt: 349ms | tok/sec: 1,502,466 | mfu: 36.3% | epoch: 1 | remaining: 142s    
step 00469 (52.5%) | loss: 3.044679 | lrm: 0.95 | dt: 351ms | tok/sec: 1,494,214 | mfu: 36.1% | epoch: 1 | remaining: 142s    
step 00470 (52.6%) | loss: 3.036713 | lrm: 0.95 | dt: 324ms | tok/sec: 1,617,001 | mfu: 39.1% | epoch: 1 | remaining: 142s    
step 00471 (52.8%) | loss: 3.034951 | lrm: 0.94 | dt: 346ms | tok/sec: 1,515,769 | mfu: 36.6% | epoch: 1 | remaining: 141s    
step 00472 (52.9%) | loss: 3.035463 | lrm: 0.94 | dt: 347ms | tok/sec: 1,511,782 | mfu: 36.5% | epoch: 1 | remaining: 141s    
step 00473 (53.0%) | loss: 3.037457 | lrm: 0.94 | dt: 328ms | tok/sec: 1,599,326 | mfu: 38.6% | epoch: 1 | remaining: 141s    
step 00474 (53.1%) | loss: 3.038499 | lrm: 0.94 | dt: 333ms | tok/sec: 1,574,578 | mfu: 38.0% | epoch: 1 | remaining: 140s    
step 00475 (53.2%) | loss: 3.040569 | lrm: 0.94 | dt: 332ms | tok/sec: 1,577,455 | mfu: 38.1% | epoch: 1 | remaining: 140s    
step 00476 (53.3%) | loss: 3.046869 | lrm: 0.93 | dt: 351ms | tok/sec: 1,492,618 | mfu: 36.1% | epoch: 1 | remaining: 140s    
step 00477 (53.4%) | loss: 3.041682 | lrm: 0.93 | dt: 341ms | tok/sec: 1,538,086 | mfu: 37.2% | epoch: 1 | remaining: 139s    
step 00478 (53.5%) | loss: 3.041861 | lrm: 0.93 | dt: 350ms | tok/sec: 1,498,527 | mfu: 36.2% | epoch: 1 | remaining: 139s    
step 00479 (53.7%) | loss: 3.038139 | lrm: 0.93 | dt: 395ms | tok/sec: 1,328,982 | mfu: 32.1% | epoch: 1 | remaining: 139s    
step 00480 (53.8%) | loss: 3.037198 | lrm: 0.92 | dt: 334ms | tok/sec: 1,568,218 | mfu: 37.9% | epoch: 1 | remaining: 138s    
step 00481 (53.9%) | loss: 3.037887 | lrm: 0.92 | dt: 346ms | tok/sec: 1,515,058 | mfu: 36.6% | epoch: 1 | remaining: 138s    
step 00482 (54.0%) | loss: 3.036858 | lrm: 0.92 | dt: 362ms | tok/sec: 1,446,746 | mfu: 35.0% | epoch: 1 | remaining: 138s    
step 00483 (54.1%) | loss: 3.037894 | lrm: 0.92 | dt: 334ms | tok/sec: 1,571,036 | mfu: 38.0% | epoch: 1 | remaining: 137s    
step 00484 (54.3%) | loss: 3.036265 | lrm: 0.91 | dt: 323ms | tok/sec: 1,624,434 | mfu: 39.2% | epoch: 1 | remaining: 137s    
step 00485 (54.4%) | loss: 3.032596 | lrm: 0.91 | dt: 336ms | tok/sec: 1,558,442 | mfu: 37.7% | epoch: 1 | remaining: 137s    
step 00486 (54.5%) | loss: 3.029677 | lrm: 0.91 | dt: 352ms | tok/sec: 1,490,908 | mfu: 36.0% | epoch: 1 | remaining: 136s    
step 00487 (54.6%) | loss: 3.026655 | lrm: 0.91 | dt: 339ms | tok/sec: 1,548,145 | mfu: 37.4% | epoch: 1 | remaining: 136s    
step 00488 (54.7%) | loss: 3.026287 | lrm: 0.91 | dt: 372ms | tok/sec: 1,407,498 | mfu: 34.0% | epoch: 1 | remaining: 136s    
step 00489 (54.8%) | loss: 3.024724 | lrm: 0.90 | dt: 322ms | tok/sec: 1,628,447 | mfu: 39.3% | epoch: 1 | remaining: 135s    
step 00490 (54.9%) | loss: 3.025744 | lrm: 0.90 | dt: 323ms | tok/sec: 1,624,087 | mfu: 39.2% | epoch: 1 | remaining: 135s    
step 00491 (55.0%) | loss: 3.023431 | lrm: 0.90 | dt: 338ms | tok/sec: 1,549,582 | mfu: 37.4% | epoch: 1 | remaining: 135s    
step 00492 (55.2%) | loss: 3.029846 | lrm: 0.90 | dt: 370ms | tok/sec: 1,417,226 | mfu: 34.2% | epoch: 1 | remaining: 134s    
step 00493 (55.3%) | loss: 3.034239 | lrm: 0.89 | dt: 346ms | tok/sec: 1,517,320 | mfu: 36.7% | epoch: 1 | remaining: 134s    
step 00494 (55.4%) | loss: 3.035717 | lrm: 0.89 | dt: 322ms | tok/sec: 1,626,031 | mfu: 39.3% | epoch: 1 | remaining: 133s    
step 00495 (55.5%) | loss: 3.033930 | lrm: 0.89 | dt: 329ms | tok/sec: 1,593,906 | mfu: 38.5% | epoch: 1 | remaining: 133s    
step 00496 (55.6%) | loss: 3.032400 | lrm: 0.89 | dt: 331ms | tok/sec: 1,585,060 | mfu: 38.3% | epoch: 1 | remaining: 133s    
step 00497 (55.7%) | loss: 3.032039 | lrm: 0.89 | dt: 347ms | tok/sec: 1,511,374 | mfu: 36.5% | epoch: 1 | remaining: 132s    
step 00498 (55.8%) | loss: 3.029966 | lrm: 0.88 | dt: 336ms | tok/sec: 1,560,996 | mfu: 37.7% | epoch: 1 | remaining: 132s    
step 00499 (55.9%) | loss: 3.032472 | lrm: 0.88 | dt: 337ms | tok/sec: 1,555,482 | mfu: 37.6% | epoch: 1 | remaining: 132s    
step 00500 (56.1%) | loss: 3.036858 | lrm: 0.88 | dt: 333ms | tok/sec: 1,575,923 | mfu: 38.1% | epoch: 1 | remaining: 131s    
step 00501 (56.2%) | loss: 3.030714 | lrm: 0.88 | dt: 330ms | tok/sec: 1,588,837 | mfu: 38.4% | epoch: 1 | remaining: 131s    
step 00502 (56.3%) | loss: 3.027559 | lrm: 0.87 | dt: 330ms | tok/sec: 1,587,159 | mfu: 38.3% | epoch: 1 | remaining: 131s    
step 00503 (56.4%) | loss: 3.029047 | lrm: 0.87 | dt: 329ms | tok/sec: 1,593,291 | mfu: 38.5% | epoch: 1 | remaining: 130s    
step 00504 (56.5%) | loss: 3.026268 | lrm: 0.87 | dt: 335ms | tok/sec: 1,563,875 | mfu: 37.8% | epoch: 1 | remaining: 130s    
step 00505 (56.6%) | loss: 3.022999 | lrm: 0.87 | dt: 327ms | tok/sec: 1,601,576 | mfu: 38.7% | epoch: 1 | remaining: 130s    
step 00506 (56.7%) | loss: 3.021371 | lrm: 0.87 | dt: 336ms | tok/sec: 1,560,408 | mfu: 37.7% | epoch: 1 | remaining: 129s    
step 00507 (56.8%) | loss: 3.024147 | lrm: 0.86 | dt: 327ms | tok/sec: 1,601,937 | mfu: 38.7% | epoch: 1 | remaining: 129s    
step 00508 (56.9%) | loss: 3.024164 | lrm: 0.86 | dt: 332ms | tok/sec: 1,580,360 | mfu: 38.2% | epoch: 1 | remaining: 129s    
step 00509 (57.1%) | loss: 3.019427 | lrm: 0.86 | dt: 331ms | tok/sec: 1,582,075 | mfu: 38.2% | epoch: 1 | remaining: 129s    
step 00510 (57.2%) | loss: 3.019811 | lrm: 0.86 | dt: 329ms | tok/sec: 1,594,993 | mfu: 38.5% | epoch: 1 | remaining: 128s    
step 00511 (57.3%) | loss: 3.014636 | lrm: 0.85 | dt: 330ms | tok/sec: 1,587,218 | mfu: 38.3% | epoch: 1 | remaining: 128s    
step 00512 (57.4%) | loss: 3.017231 | lrm: 0.85 | dt: 341ms | tok/sec: 1,539,152 | mfu: 37.2% | epoch: 1 | remaining: 128s    
step 00513 (57.5%) | loss: 3.012400 | lrm: 0.85 | dt: 387ms | tok/sec: 1,356,049 | mfu: 32.8% | epoch: 1 | remaining: 127s    
step 00514 (57.6%) | loss: 3.009201 | lrm: 0.85 | dt: 319ms | tok/sec: 1,643,364 | mfu: 39.7% | epoch: 1 | remaining: 127s    
step 00515 (57.7%) | loss: 3.008942 | lrm: 0.85 | dt: 331ms | tok/sec: 1,584,287 | mfu: 38.3% | epoch: 1 | remaining: 126s    
step 00516 (57.8%) | loss: 3.012239 | lrm: 0.84 | dt: 340ms | tok/sec: 1,540,637 | mfu: 37.2% | epoch: 1 | remaining: 126s    
step 00517 (58.0%) | loss: 3.015745 | lrm: 0.84 | dt: 346ms | tok/sec: 1,513,902 | mfu: 36.6% | epoch: 1 | remaining: 126s    
step 00518 (58.1%) | loss: 3.015036 | lrm: 0.84 | dt: 356ms | tok/sec: 1,473,899 | mfu: 35.6% | epoch: 1 | remaining: 125s    
step 00519 (58.2%) | loss: 3.012196 | lrm: 0.84 | dt: 389ms | tok/sec: 1,347,330 | mfu: 32.6% | epoch: 1 | remaining: 125s    
step 00520 (58.3%) | loss: 3.012868 | lrm: 0.83 | dt: 370ms | tok/sec: 1,417,636 | mfu: 34.3% | epoch: 1 | remaining: 125s    
step 00521 (58.4%) | loss: 3.011279 | lrm: 0.83 | dt: 323ms | tok/sec: 1,625,033 | mfu: 39.3% | epoch: 1 | remaining: 124s    
step 00522 (58.6%) | loss: 3.010461 | lrm: 0.83 | dt: 338ms | tok/sec: 1,551,576 | mfu: 37.5% | epoch: 1 | remaining: 124s    
step 00523 (58.7%) | loss: 3.011809 | lrm: 0.83 | dt: 330ms | tok/sec: 1,590,022 | mfu: 38.4% | epoch: 1 | remaining: 124s    
step 00524 (58.8%) | loss: 3.010868 | lrm: 0.82 | dt: 323ms | tok/sec: 1,622,463 | mfu: 39.2% | epoch: 1 | remaining: 123s    
step 00525 (58.9%) | loss: 3.009196 | lrm: 0.82 | dt: 336ms | tok/sec: 1,559,651 | mfu: 37.7% | epoch: 1 | remaining: 123s    
step 00526 (59.0%) | loss: 3.005468 | lrm: 0.82 | dt: 337ms | tok/sec: 1,554,108 | mfu: 37.5% | epoch: 1 | remaining: 123s    
step 00527 (59.1%) | loss: 3.002695 | lrm: 0.82 | dt: 327ms | tok/sec: 1,601,968 | mfu: 38.7% | epoch: 1 | remaining: 122s    
step 00528 (59.2%) | loss: 2.999671 | lrm: 0.82 | dt: 356ms | tok/sec: 1,472,638 | mfu: 35.6% | epoch: 1 | remaining: 122s    
step 00529 (59.3%) | loss: 2.998735 | lrm: 0.81 | dt: 325ms | tok/sec: 1,613,274 | mfu: 39.0% | epoch: 1 | remaining: 122s    
step 00530 (59.4%) | loss: 2.997989 | lrm: 0.81 | dt: 326ms | tok/sec: 1,609,839 | mfu: 38.9% | epoch: 1 | remaining: 121s    
step 00531 (59.6%) | loss: 2.992547 | lrm: 0.81 | dt: 336ms | tok/sec: 1,560,081 | mfu: 37.7% | epoch: 1 | remaining: 121s    
step 00532 (59.7%) | loss: 2.988476 | lrm: 0.81 | dt: 329ms | tok/sec: 1,592,672 | mfu: 38.5% | epoch: 1 | remaining: 121s    
step 00533 (59.8%) | loss: 2.992165 | lrm: 0.80 | dt: 334ms | tok/sec: 1,571,628 | mfu: 38.0% | epoch: 1 | remaining: 120s    
step 00534 (59.9%) | loss: 2.987687 | lrm: 0.80 | dt: 333ms | tok/sec: 1,572,162 | mfu: 38.0% | epoch: 1 | remaining: 120s    
step 00535 (60.0%) | loss: 2.986302 | lrm: 0.80 | dt: 329ms | tok/sec: 1,595,435 | mfu: 38.5% | epoch: 1 | remaining: 120s    
step 00536 (60.1%) | loss: 2.980749 | lrm: 0.80 | dt: 328ms | tok/sec: 1,597,891 | mfu: 38.6% | epoch: 1 | remaining: 119s    
step 00537 (60.2%) | loss: 2.979376 | lrm: 0.80 | dt: 335ms | tok/sec: 1,566,783 | mfu: 37.9% | epoch: 1 | remaining: 119s    
step 00538 (60.3%) | loss: 2.984348 | lrm: 0.79 | dt: 328ms | tok/sec: 1,599,197 | mfu: 38.6% | epoch: 1 | remaining: 119s    
step 00539 (60.4%) | loss: 2.979897 | lrm: 0.79 | dt: 347ms | tok/sec: 1,508,748 | mfu: 36.5% | epoch: 1 | remaining: 118s    
step 00540 (60.6%) | loss: 2.980920 | lrm: 0.79 | dt: 327ms | tok/sec: 1,604,119 | mfu: 38.8% | epoch: 1 | remaining: 118s    
step 00541 (60.7%) | loss: 2.980098 | lrm: 0.79 | dt: 326ms | tok/sec: 1,608,015 | mfu: 38.9% | epoch: 1 | remaining: 118s    
step 00542 (60.8%) | loss: 2.977737 | lrm: 0.78 | dt: 395ms | tok/sec: 1,327,024 | mfu: 32.1% | epoch: 1 | remaining: 117s    
step 00543 (60.9%) | loss: 2.973925 | lrm: 0.78 | dt: 475ms | tok/sec: 1,102,744 | mfu: 26.6% | epoch: 1 | remaining: 117s    
step 00544 (61.1%) | loss: 2.973057 | lrm: 0.78 | dt: 329ms | tok/sec: 1,592,815 | mfu: 38.5% | epoch: 1 | remaining: 116s    
step 00545 (61.2%) | loss: 2.972147 | lrm: 0.78 | dt: 318ms | tok/sec: 1,649,003 | mfu: 39.8% | epoch: 1 | remaining: 116s    
step 00546 (61.3%) | loss: 2.973106 | lrm: 0.77 | dt: 336ms | tok/sec: 1,561,159 | mfu: 37.7% | epoch: 1 | remaining: 116s    
step 00547 (61.4%) | loss: 2.976217 | lrm: 0.77 | dt: 328ms | tok/sec: 1,600,796 | mfu: 38.7% | epoch: 1 | remaining: 116s    
step 00548 (61.5%) | loss: 2.977988 | lrm: 0.77 | dt: 349ms | tok/sec: 1,501,010 | mfu: 36.3% | epoch: 1 | remaining: 115s    
step 00549 (61.6%) | loss: 2.969945 | lrm: 0.77 | dt: 334ms | tok/sec: 1,570,073 | mfu: 37.9% | epoch: 1 | remaining: 115s    
step 00550 (61.7%) | loss: 2.969591 | lrm: 0.77 | dt: 328ms | tok/sec: 1,597,046 | mfu: 38.6% | epoch: 1 | remaining: 115s    
step 00551 (61.8%) | loss: 2.967305 | lrm: 0.76 | dt: 327ms | tok/sec: 1,602,676 | mfu: 38.7% | epoch: 1 | remaining: 114s    
step 00552 (61.9%) | loss: 2.963837 | lrm: 0.76 | dt: 401ms | tok/sec: 1,308,278 | mfu: 31.6% | epoch: 1 | remaining: 114s    
step 00553 (62.1%) | loss: 2.966581 | lrm: 0.76 | dt: 318ms | tok/sec: 1,649,786 | mfu: 39.9% | epoch: 1 | remaining: 113s    
step 00554 (62.2%) | loss: 2.971720 | lrm: 0.76 | dt: 373ms | tok/sec: 1,406,548 | mfu: 34.0% | epoch: 1 | remaining: 113s    
step 00555 (62.3%) | loss: 2.970633 | lrm: 0.75 | dt: 333ms | tok/sec: 1,572,974 | mfu: 38.0% | epoch: 1 | remaining: 113s    
step 00556 (62.4%) | loss: 2.970926 | lrm: 0.75 | dt: 384ms | tok/sec: 1,365,611 | mfu: 33.0% | epoch: 1 | remaining: 112s    
step 00557 (62.5%) | loss: 2.966756 | lrm: 0.75 | dt: 316ms | tok/sec: 1,661,571 | mfu: 40.1% | epoch: 1 | remaining: 112s    
step 00558 (62.6%) | loss: 2.964048 | lrm: 0.75 | dt: 324ms | tok/sec: 1,618,685 | mfu: 39.1% | epoch: 1 | remaining: 112s    
step 00559 (62.8%) | loss: 2.967319 | lrm: 0.74 | dt: 384ms | tok/sec: 1,363,907 | mfu: 33.0% | epoch: 1 | remaining: 111s    
step 00560 (62.9%) | loss: 2.963788 | lrm: 0.74 | dt: 319ms | tok/sec: 1,641,644 | mfu: 39.7% | epoch: 1 | remaining: 111s    
step 00561 (63.0%) | loss: 2.969092 | lrm: 0.74 | dt: 321ms | tok/sec: 1,632,212 | mfu: 39.4% | epoch: 1 | remaining: 111s    
step 00562 (63.1%) | loss: 2.966485 | lrm: 0.74 | dt: 338ms | tok/sec: 1,549,544 | mfu: 37.4% | epoch: 1 | remaining: 110s    
step 00563 (63.2%) | loss: 2.966738 | lrm: 0.74 | dt: 331ms | tok/sec: 1,586,137 | mfu: 38.3% | epoch: 1 | remaining: 110s    
step 00564 (63.3%) | loss: 2.972470 | lrm: 0.73 | dt: 321ms | tok/sec: 1,633,722 | mfu: 39.5% | epoch: 1 | remaining: 110s    
step 00565 (63.4%) | loss: 2.971622 | lrm: 0.73 | dt: 340ms | tok/sec: 1,541,384 | mfu: 37.2% | epoch: 1 | remaining: 109s    
step 00566 (63.5%) | loss: 2.972817 | lrm: 0.73 | dt: 344ms | tok/sec: 1,522,406 | mfu: 36.8% | epoch: 1 | remaining: 109s    
step 00567 (63.7%) | loss: 2.969833 | lrm: 0.73 | dt: 345ms | tok/sec: 1,520,017 | mfu: 36.7% | epoch: 1 | remaining: 109s    
step 00568 (63.8%) | loss: 2.970771 | lrm: 0.72 | dt: 327ms | tok/sec: 1,602,033 | mfu: 38.7% | epoch: 1 | remaining: 108s    
step 00569 (63.9%) | loss: 2.970916 | lrm: 0.72 | dt: 331ms | tok/sec: 1,584,955 | mfu: 38.3% | epoch: 1 | remaining: 108s    
step 00570 (64.0%) | loss: 2.970738 | lrm: 0.72 | dt: 355ms | tok/sec: 1,475,661 | mfu: 35.7% | epoch: 1 | remaining: 108s    
step 00571 (64.1%) | loss: 2.964713 | lrm: 0.72 | dt: 328ms | tok/sec: 1,597,183 | mfu: 38.6% | epoch: 1 | remaining: 107s    
step 00572 (64.2%) | loss: 2.960445 | lrm: 0.72 | dt: 330ms | tok/sec: 1,589,369 | mfu: 38.4% | epoch: 1 | remaining: 107s    
step 00573 (64.3%) | loss: 2.968629 | lrm: 0.71 | dt: 346ms | tok/sec: 1,514,164 | mfu: 36.6% | epoch: 1 | remaining: 107s    
step 00574 (64.4%) | loss: 2.971303 | lrm: 0.71 | dt: 354ms | tok/sec: 1,481,777 | mfu: 35.8% | epoch: 1 | remaining: 106s    
step 00575 (64.6%) | loss: 2.966441 | lrm: 0.71 | dt: 328ms | tok/sec: 1,600,360 | mfu: 38.7% | epoch: 1 | remaining: 106s    
step 00576 (64.7%) | loss: 2.967699 | lrm: 0.71 | dt: 328ms | tok/sec: 1,596,487 | mfu: 38.6% | epoch: 1 | remaining: 106s    
step 00577 (64.8%) | loss: 2.966600 | lrm: 0.70 | dt: 332ms | tok/sec: 1,577,530 | mfu: 38.1% | epoch: 1 | remaining: 105s    
step 00578 (64.9%) | loss: 2.960412 | lrm: 0.70 | dt: 325ms | tok/sec: 1,615,050 | mfu: 39.0% | epoch: 1 | remaining: 105s    
step 00579 (65.0%) | loss: 2.961211 | lrm: 0.70 | dt: 363ms | tok/sec: 1,445,915 | mfu: 34.9% | epoch: 1 | remaining: 105s    
step 00580 (65.1%) | loss: 2.961166 | lrm: 0.70 | dt: 356ms | tok/sec: 1,473,878 | mfu: 35.6% | epoch: 1 | remaining: 104s    
step 00581 (65.2%) | loss: 2.958809 | lrm: 0.70 | dt: 321ms | tok/sec: 1,635,225 | mfu: 39.5% | epoch: 1 | remaining: 104s    
step 00582 (65.3%) | loss: 2.959067 | lrm: 0.69 | dt: 336ms | tok/sec: 1,560,778 | mfu: 37.7% | epoch: 1 | remaining: 104s    
step 00583 (65.5%) | loss: 2.954929 | lrm: 0.69 | dt: 391ms | tok/sec: 1,340,644 | mfu: 32.4% | epoch: 1 | remaining: 103s    
step 00584 (65.6%) | loss: 2.954083 | lrm: 0.69 | dt: 365ms | tok/sec: 1,434,544 | mfu: 34.7% | epoch: 1 | remaining: 103s    
step 00585 (65.7%) | loss: 2.954851 | lrm: 0.69 | dt: 339ms | tok/sec: 1,546,662 | mfu: 37.4% | epoch: 1 | remaining: 103s    
step 00586 (65.8%) | loss: 2.953337 | lrm: 0.68 | dt: 326ms | tok/sec: 1,608,500 | mfu: 38.9% | epoch: 1 | remaining: 102s    
step 00587 (65.9%) | loss: 2.952883 | lrm: 0.68 | dt: 332ms | tok/sec: 1,578,710 | mfu: 38.1% | epoch: 1 | remaining: 102s    
step 00588 (66.0%) | loss: 2.946837 | lrm: 0.68 | dt: 331ms | tok/sec: 1,583,541 | mfu: 38.3% | epoch: 1 | remaining: 102s    
step 00589 (66.2%) | loss: 2.950893 | lrm: 0.68 | dt: 330ms | tok/sec: 1,590,210 | mfu: 38.4% | epoch: 1 | remaining: 101s    
step 00590 (66.3%) | loss: 2.952995 | lrm: 0.67 | dt: 358ms | tok/sec: 1,466,381 | mfu: 35.4% | epoch: 1 | remaining: 101s    
step 00591 (66.4%) | loss: 2.954840 | lrm: 0.67 | dt: 326ms | tok/sec: 1,607,581 | mfu: 38.8% | epoch: 1 | remaining: 101s    
step 00592 (66.5%) | loss: 2.949728 | lrm: 0.67 | dt: 327ms | tok/sec: 1,603,139 | mfu: 38.7% | epoch: 1 | remaining: 100s    
step 00593 (66.6%) | loss: 2.953322 | lrm: 0.67 | dt: 338ms | tok/sec: 1,551,239 | mfu: 37.5% | epoch: 1 | remaining: 100s    
step 00594 (66.7%) | loss: 2.954518 | lrm: 0.67 | dt: 326ms | tok/sec: 1,607,732 | mfu: 38.8% | epoch: 1 | remaining: 100s    
step 00595 (66.8%) | loss: 2.953294 | lrm: 0.66 | dt: 352ms | tok/sec: 1,489,870 | mfu: 36.0% | epoch: 1 | remaining: 99s    
step 00596 (66.9%) | loss: 2.958556 | lrm: 0.66 | dt: 338ms | tok/sec: 1,552,290 | mfu: 37.5% | epoch: 1 | remaining: 99s    
step 00597 (67.1%) | loss: 2.951102 | lrm: 0.66 | dt: 334ms | tok/sec: 1,571,122 | mfu: 38.0% | epoch: 1 | remaining: 99s    
step 00598 (67.2%) | loss: 2.947397 | lrm: 0.66 | dt: 333ms | tok/sec: 1,573,215 | mfu: 38.0% | epoch: 1 | remaining: 98s    
step 00599 (67.3%) | loss: 2.942861 | lrm: 0.65 | dt: 326ms | tok/sec: 1,606,802 | mfu: 38.8% | epoch: 1 | remaining: 98s    
step 00600 (67.4%) | loss: 2.942614 | lrm: 0.65 | dt: 427ms | tok/sec: 1,228,923 | mfu: 29.7% | epoch: 1 | remaining: 97s    
step 00601 (67.5%) | loss: 2.938056 | lrm: 0.65 | dt: 330ms | tok/sec: 1,590,246 | mfu: 38.4% | epoch: 1 | remaining: 97s    
step 00602 (67.6%) | loss: 2.936174 | lrm: 0.65 | dt: 353ms | tok/sec: 1,485,403 | mfu: 35.9% | epoch: 1 | remaining: 97s    
step 00603 (67.8%) | loss: 2.935248 | lrm: 0.64 | dt: 338ms | tok/sec: 1,550,008 | mfu: 37.5% | epoch: 1 | remaining: 96s    
step 00604 (67.9%) | loss: 2.937797 | lrm: 0.64 | dt: 343ms | tok/sec: 1,530,440 | mfu: 37.0% | epoch: 1 | remaining: 96s    
step 00605 (68.0%) | loss: 2.934027 | lrm: 0.64 | dt: 321ms | tok/sec: 1,632,988 | mfu: 39.5% | epoch: 1 | remaining: 96s    
step 00606 (68.1%) | loss: 2.937768 | lrm: 0.64 | dt: 348ms | tok/sec: 1,506,211 | mfu: 36.4% | epoch: 1 | remaining: 95s    
step 00607 (68.2%) | loss: 2.939966 | lrm: 0.64 | dt: 331ms | tok/sec: 1,584,532 | mfu: 38.3% | epoch: 1 | remaining: 95s    
step 00608 (68.3%) | loss: 2.937396 | lrm: 0.63 | dt: 327ms | tok/sec: 1,602,558 | mfu: 38.7% | epoch: 1 | remaining: 95s    
step 00609 (68.4%) | loss: 2.931047 | lrm: 0.63 | dt: 396ms | tok/sec: 1,322,636 | mfu: 32.0% | epoch: 1 | remaining: 94s    
step 00610 (68.6%) | loss: 2.933517 | lrm: 0.63 | dt: 322ms | tok/sec: 1,627,704 | mfu: 39.3% | epoch: 1 | remaining: 94s    
step 00611 (68.7%) | loss: 2.935281 | lrm: 0.63 | dt: 322ms | tok/sec: 1,627,988 | mfu: 39.3% | epoch: 1 | remaining: 94s    
step 00612 (68.8%) | loss: 2.932806 | lrm: 0.62 | dt: 342ms | tok/sec: 1,530,979 | mfu: 37.0% | epoch: 1 | remaining: 93s    
step 00613 (68.9%) | loss: 2.932074 | lrm: 0.62 | dt: 331ms | tok/sec: 1,586,100 | mfu: 38.3% | epoch: 1 | remaining: 93s    
step 00614 (69.0%) | loss: 2.926994 | lrm: 0.62 | dt: 328ms | tok/sec: 1,597,020 | mfu: 38.6% | epoch: 1 | remaining: 93s    
step 00615 (69.1%) | loss: 2.925622 | lrm: 0.62 | dt: 336ms | tok/sec: 1,559,962 | mfu: 37.7% | epoch: 1 | remaining: 92s    
step 00616 (69.2%) | loss: 2.924413 | lrm: 0.62 | dt: 415ms | tok/sec: 1,261,907 | mfu: 30.5% | epoch: 1 | remaining: 92s    
step 00617 (69.4%) | loss: 2.923715 | lrm: 0.61 | dt: 383ms | tok/sec: 1,368,629 | mfu: 33.1% | epoch: 1 | remaining: 92s    
step 00618 (69.5%) | loss: 2.928510 | lrm: 0.61 | dt: 387ms | tok/sec: 1,356,462 | mfu: 32.8% | epoch: 1 | remaining: 91s    
step 00619 (69.6%) | loss: 2.925528 | lrm: 0.61 | dt: 354ms | tok/sec: 1,480,980 | mfu: 35.8% | epoch: 1 | remaining: 91s    
step 00620 (69.7%) | loss: 2.924498 | lrm: 0.61 | dt: 336ms | tok/sec: 1,559,387 | mfu: 37.7% | epoch: 1 | remaining: 90s    
step 00621 (69.8%) | loss: 2.926020 | lrm: 0.60 | dt: 327ms | tok/sec: 1,603,117 | mfu: 38.7% | epoch: 1 | remaining: 90s    
step 00622 (69.9%) | loss: 2.929881 | lrm: 0.60 | dt: 331ms | tok/sec: 1,582,721 | mfu: 38.2% | epoch: 1 | remaining: 90s    
step 00623 (70.1%) | loss: 2.929795 | lrm: 0.60 | dt: 333ms | tok/sec: 1,576,636 | mfu: 38.1% | epoch: 1 | remaining: 89s    
step 00624 (70.2%) | loss: 2.927205 | lrm: 0.60 | dt: 326ms | tok/sec: 1,607,826 | mfu: 38.8% | epoch: 1 | remaining: 89s    
step 00625 (70.3%) | loss: 2.926020 | lrm: 0.59 | dt: 329ms | tok/sec: 1,594,555 | mfu: 38.5% | epoch: 1 | remaining: 89s    
step 00626 (70.4%) | loss: 2.931731 | lrm: 0.59 | dt: 330ms | tok/sec: 1,586,736 | mfu: 38.3% | epoch: 1 | remaining: 89s    
step 00627 (70.5%) | loss: 2.930514 | lrm: 0.59 | dt: 328ms | tok/sec: 1,597,661 | mfu: 38.6% | epoch: 1 | remaining: 88s    
step 00628 (70.6%) | loss: 2.930992 | lrm: 0.59 | dt: 332ms | tok/sec: 1,580,114 | mfu: 38.2% | epoch: 1 | remaining: 88s    
step 00629 (70.7%) | loss: 2.925616 | lrm: 0.59 | dt: 349ms | tok/sec: 1,501,339 | mfu: 36.3% | epoch: 1 | remaining: 87s    
step 00630 (70.8%) | loss: 2.930191 | lrm: 0.58 | dt: 327ms | tok/sec: 1,604,716 | mfu: 38.8% | epoch: 1 | remaining: 87s    
step 00631 (70.9%) | loss: 2.927330 | lrm: 0.58 | dt: 328ms | tok/sec: 1,596,977 | mfu: 38.6% | epoch: 1 | remaining: 87s    
step 00632 (71.1%) | loss: 2.924561 | lrm: 0.58 | dt: 339ms | tok/sec: 1,546,326 | mfu: 37.4% | epoch: 1 | remaining: 87s    
step 00633 (71.2%) | loss: 2.920179 | lrm: 0.58 | dt: 332ms | tok/sec: 1,579,517 | mfu: 38.2% | epoch: 1 | remaining: 86s    
step 00634 (71.3%) | loss: 2.920487 | lrm: 0.57 | dt: 331ms | tok/sec: 1,584,586 | mfu: 38.3% | epoch: 1 | remaining: 86s    
step 00635 (71.4%) | loss: 2.922615 | lrm: 0.57 | dt: 415ms | tok/sec: 1,263,126 | mfu: 30.5% | epoch: 1 | remaining: 85s    
step 00636 (71.5%) | loss: 2.923561 | lrm: 0.57 | dt: 401ms | tok/sec: 1,308,862 | mfu: 31.6% | epoch: 1 | remaining: 85s    
step 00637 (71.7%) | loss: 2.917695 | lrm: 0.57 | dt: 434ms | tok/sec: 1,207,652 | mfu: 29.2% | epoch: 1 | remaining: 85s    
step 00638 (71.8%) | loss: 2.920570 | lrm: 0.56 | dt: 342ms | tok/sec: 1,535,196 | mfu: 37.1% | epoch: 1 | remaining: 84s    
step 00639 (71.9%) | loss: 2.922752 | lrm: 0.56 | dt: 326ms | tok/sec: 1,606,702 | mfu: 38.8% | epoch: 1 | remaining: 84s    
step 00640 (72.0%) | loss: 2.921522 | lrm: 0.56 | dt: 337ms | tok/sec: 1,555,722 | mfu: 37.6% | epoch: 1 | remaining: 84s    
step 00641 (72.1%) | loss: 2.919856 | lrm: 0.56 | dt: 335ms | tok/sec: 1,566,333 | mfu: 37.8% | epoch: 1 | remaining: 83s    
step 00642 (72.3%) | loss: 2.918777 | lrm: 0.55 | dt: 324ms | tok/sec: 1,617,982 | mfu: 39.1% | epoch: 1 | remaining: 83s    
step 00643 (72.4%) | loss: 2.916837 | lrm: 0.55 | dt: 344ms | tok/sec: 1,525,342 | mfu: 36.9% | epoch: 1 | remaining: 83s    
step 00644 (72.5%) | loss: 2.909528 | lrm: 0.55 | dt: 335ms | tok/sec: 1,566,643 | mfu: 37.9% | epoch: 1 | remaining: 82s    
step 00645 (72.6%) | loss: 2.904401 | lrm: 0.55 | dt: 324ms | tok/sec: 1,616,032 | mfu: 39.0% | epoch: 1 | remaining: 82s    
step 00646 (72.7%) | loss: 2.906137 | lrm: 0.55 | dt: 336ms | tok/sec: 1,562,651 | mfu: 37.8% | epoch: 1 | remaining: 82s    
step 00647 (72.8%) | loss: 2.907692 | lrm: 0.54 | dt: 340ms | tok/sec: 1,541,537 | mfu: 37.2% | epoch: 1 | remaining: 81s    
step 00648 (72.9%) | loss: 2.908515 | lrm: 0.54 | dt: 339ms | tok/sec: 1,544,476 | mfu: 37.3% | epoch: 1 | remaining: 81s    
step 00649 (73.0%) | loss: 2.912065 | lrm: 0.54 | dt: 335ms | tok/sec: 1,564,920 | mfu: 37.8% | epoch: 1 | remaining: 81s    
step 00650 (73.1%) | loss: 2.908812 | lrm: 0.54 | dt: 403ms | tok/sec: 1,299,776 | mfu: 31.4% | epoch: 1 | remaining: 80s    
step 00651 (73.3%) | loss: 2.906061 | lrm: 0.53 | dt: 321ms | tok/sec: 1,632,744 | mfu: 39.4% | epoch: 1 | remaining: 80s    
step 00652 (73.4%) | loss: 2.906580 | lrm: 0.53 | dt: 323ms | tok/sec: 1,622,631 | mfu: 39.2% | epoch: 1 | remaining: 80s    
step 00653 (73.5%) | loss: 2.906491 | lrm: 0.53 | dt: 347ms | tok/sec: 1,512,055 | mfu: 36.5% | epoch: 1 | remaining: 79s    
step 00654 (73.6%) | loss: 2.905684 | lrm: 0.53 | dt: 327ms | tok/sec: 1,603,370 | mfu: 38.7% | epoch: 1 | remaining: 79s    
step 00655 (73.7%) | loss: 2.903070 | lrm: 0.53 | dt: 325ms | tok/sec: 1,612,932 | mfu: 39.0% | epoch: 1 | remaining: 79s    
step 00656 (73.8%) | loss: 2.898210 | lrm: 0.52 | dt: 340ms | tok/sec: 1,541,187 | mfu: 37.2% | epoch: 1 | remaining: 78s    
step 00657 (73.9%) | loss: 2.901980 | lrm: 0.52 | dt: 327ms | tok/sec: 1,602,186 | mfu: 38.7% | epoch: 1 | remaining: 78s    
step 00658 (74.0%) | loss: 2.903784 | lrm: 0.52 | dt: 329ms | tok/sec: 1,595,170 | mfu: 38.5% | epoch: 1 | remaining: 78s    
step 00659 (74.2%) | loss: 2.902995 | lrm: 0.52 | dt: 338ms | tok/sec: 1,551,685 | mfu: 37.5% | epoch: 1 | remaining: 77s    
step 00660 (74.3%) | loss: 2.900866 | lrm: 0.51 | dt: 325ms | tok/sec: 1,612,573 | mfu: 39.0% | epoch: 1 | remaining: 77s    
step 00661 (74.4%) | loss: 2.905158 | lrm: 0.51 | dt: 327ms | tok/sec: 1,603,660 | mfu: 38.7% | epoch: 1 | remaining: 77s    
step 00662 (74.5%) | loss: 2.907429 | lrm: 0.51 | dt: 339ms | tok/sec: 1,547,648 | mfu: 37.4% | epoch: 1 | remaining: 76s    
step 00663 (74.6%) | loss: 2.903943 | lrm: 0.51 | dt: 344ms | tok/sec: 1,525,097 | mfu: 36.8% | epoch: 1 | remaining: 76s    
step 00664 (74.7%) | loss: 2.901088 | lrm: 0.51 | dt: 328ms | tok/sec: 1,600,677 | mfu: 38.7% | epoch: 1 | remaining: 76s    
step 00665 (74.8%) | loss: 2.900353 | lrm: 0.50 | dt: 439ms | tok/sec: 1,194,761 | mfu: 28.9% | epoch: 1 | remaining: 75s    
step 00666 (75.0%) | loss: 2.896420 | lrm: 0.50 | dt: 322ms | tok/sec: 1,627,738 | mfu: 39.3% | epoch: 1 | remaining: 75s    
step 00667 (75.1%) | loss: 2.894747 | lrm: 0.50 | dt: 320ms | tok/sec: 1,636,821 | mfu: 39.5% | epoch: 1 | remaining: 74s    
step 00668 (75.2%) | loss: 2.894078 | lrm: 0.50 | dt: 343ms | tok/sec: 1,528,802 | mfu: 36.9% | epoch: 1 | remaining: 74s    
step 00669 (75.3%) | loss: 2.893528 | lrm: 0.49 | dt: 334ms | tok/sec: 1,568,984 | mfu: 37.9% | epoch: 1 | remaining: 74s    
step 00670 (75.4%) | loss: 2.899380 | lrm: 0.49 | dt: 323ms | tok/sec: 1,623,046 | mfu: 39.2% | epoch: 1 | remaining: 73s    
step 00671 (75.5%) | loss: 2.904180 | lrm: 0.49 | dt: 337ms | tok/sec: 1,556,244 | mfu: 37.6% | epoch: 1 | remaining: 73s    
step 00672 (75.6%) | loss: 2.900614 | lrm: 0.49 | dt: 331ms | tok/sec: 1,584,960 | mfu: 38.3% | epoch: 1 | remaining: 73s    
step 00673 (75.7%) | loss: 2.897834 | lrm: 0.49 | dt: 339ms | tok/sec: 1,548,425 | mfu: 37.4% | epoch: 1 | remaining: 72s    
step 00674 (75.9%) | loss: 2.894749 | lrm: 0.48 | dt: 335ms | tok/sec: 1,565,342 | mfu: 37.8% | epoch: 1 | remaining: 72s    
step 00675 (76.0%) | loss: 2.894182 | lrm: 0.48 | dt: 332ms | tok/sec: 1,581,198 | mfu: 38.2% | epoch: 1 | remaining: 72s    
step 00676 (76.1%) | loss: 2.897123 | lrm: 0.48 | dt: 354ms | tok/sec: 1,481,083 | mfu: 35.8% | epoch: 1 | remaining: 71s    
step 00677 (76.2%) | loss: 2.898502 | lrm: 0.48 | dt: 331ms | tok/sec: 1,581,721 | mfu: 38.2% | epoch: 1 | remaining: 71s    
step 00678 (76.3%) | loss: 2.902380 | lrm: 0.47 | dt: 327ms | tok/sec: 1,601,483 | mfu: 38.7% | epoch: 1 | remaining: 71s    
step 00679 (76.4%) | loss: 2.898424 | lrm: 0.47 | dt: 334ms | tok/sec: 1,569,533 | mfu: 37.9% | epoch: 1 | remaining: 70s    
step 00680 (76.5%) | loss: 2.895968 | lrm: 0.47 | dt: 372ms | tok/sec: 1,408,013 | mfu: 34.0% | epoch: 1 | remaining: 70s    
step 00681 (76.6%) | loss: 2.893140 | lrm: 0.47 | dt: 321ms | tok/sec: 1,632,555 | mfu: 39.4% | epoch: 1 | remaining: 70s    
step 00682 (76.8%) | loss: 2.892224 | lrm: 0.46 | dt: 329ms | tok/sec: 1,592,776 | mfu: 38.5% | epoch: 1 | remaining: 69s    
step 00683 (76.9%) | loss: 2.899101 | lrm: 0.46 | dt: 341ms | tok/sec: 1,537,889 | mfu: 37.2% | epoch: 1 | remaining: 69s    
step 00684 (77.0%) | loss: 2.895542 | lrm: 0.46 | dt: 330ms | tok/sec: 1,590,564 | mfu: 38.4% | epoch: 1 | remaining: 69s    
step 00685 (77.1%) | loss: 2.900020 | lrm: 0.46 | dt: 326ms | tok/sec: 1,606,969 | mfu: 38.8% | epoch: 1 | remaining: 68s    
step 00686 (77.2%) | loss: 2.899972 | lrm: 0.46 | dt: 339ms | tok/sec: 1,546,138 | mfu: 37.4% | epoch: 1 | remaining: 68s    
step 00687 (77.3%) | loss: 2.900998 | lrm: 0.45 | dt: 326ms | tok/sec: 1,610,541 | mfu: 38.9% | epoch: 1 | remaining: 68s    
step 00688 (77.4%) | loss: 2.900323 | lrm: 0.45 | dt: 331ms | tok/sec: 1,583,602 | mfu: 38.3% | epoch: 1 | remaining: 67s    
step 00689 (77.5%) | loss: 2.901979 | lrm: 0.45 | dt: 339ms | tok/sec: 1,546,737 | mfu: 37.4% | epoch: 1 | remaining: 67s    
step 00690 (77.6%) | loss: 2.898682 | lrm: 0.45 | dt: 345ms | tok/sec: 1,518,031 | mfu: 36.7% | epoch: 1 | remaining: 67s    
step 00691 (77.8%) | loss: 2.899851 | lrm: 0.44 | dt: 323ms | tok/sec: 1,624,657 | mfu: 39.3% | epoch: 1 | remaining: 66s    
step 00692 (77.9%) | loss: 2.898535 | lrm: 0.44 | dt: 334ms | tok/sec: 1,568,149 | mfu: 37.9% | epoch: 1 | remaining: 66s    
step 00693 (78.0%) | loss: 2.895978 | lrm: 0.44 | dt: 539ms | tok/sec: 973,292 | mfu: 23.5% | epoch: 1 | remaining: 66s    
step 00694 (78.2%) | loss: 2.899280 | lrm: 0.44 | dt: 318ms | tok/sec: 1,651,233 | mfu: 39.9% | epoch: 1 | remaining: 65s    
step 00695 (78.3%) | loss: 2.897698 | lrm: 0.43 | dt: 322ms | tok/sec: 1,630,203 | mfu: 39.4% | epoch: 1 | remaining: 65s    
step 00696 (78.4%) | loss: 2.895418 | lrm: 0.43 | dt: 348ms | tok/sec: 1,504,954 | mfu: 36.4% | epoch: 1 | remaining: 65s    
step 00697 (78.5%) | loss: 2.895893 | lrm: 0.43 | dt: 324ms | tok/sec: 1,620,290 | mfu: 39.1% | epoch: 1 | remaining: 64s    
step 00698 (78.6%) | loss: 2.895066 | lrm: 0.43 | dt: 402ms | tok/sec: 1,303,157 | mfu: 31.5% | epoch: 1 | remaining: 64s    
step 00699 (78.7%) | loss: 2.893731 | lrm: 0.43 | dt: 405ms | tok/sec: 1,295,958 | mfu: 31.3% | epoch: 1 | remaining: 63s    
step 00700 (78.9%) | loss: 2.892496 | lrm: 0.42 | dt: 354ms | tok/sec: 1,482,552 | mfu: 35.8% | epoch: 1 | remaining: 63s    
step 00701 (79.0%) | loss: 2.894094 | lrm: 0.42 | dt: 319ms | tok/sec: 1,642,460 | mfu: 39.7% | epoch: 1 | remaining: 63s    
step 00702 (79.1%) | loss: 2.892286 | lrm: 0.42 | dt: 336ms | tok/sec: 1,559,055 | mfu: 37.7% | epoch: 1 | remaining: 62s    
step 00703 (79.2%) | loss: 2.897207 | lrm: 0.42 | dt: 334ms | tok/sec: 1,568,426 | mfu: 37.9% | epoch: 1 | remaining: 62s    
step 00704 (79.3%) | loss: 2.893550 | lrm: 0.41 | dt: 322ms | tok/sec: 1,629,637 | mfu: 39.4% | epoch: 1 | remaining: 62s    
step 00705 (79.4%) | loss: 2.890060 | lrm: 0.41 | dt: 331ms | tok/sec: 1,584,494 | mfu: 38.3% | epoch: 1 | remaining: 61s    
step 00706 (79.5%) | loss: 2.887553 | lrm: 0.41 | dt: 332ms | tok/sec: 1,581,156 | mfu: 38.2% | epoch: 1 | remaining: 61s    
step 00707 (79.6%) | loss: 2.883128 | lrm: 0.41 | dt: 325ms | tok/sec: 1,611,503 | mfu: 38.9% | epoch: 1 | remaining: 61s    
step 00708 (79.7%) | loss: 2.883925 | lrm: 0.41 | dt: 329ms | tok/sec: 1,594,641 | mfu: 38.5% | epoch: 1 | remaining: 60s    
step 00709 (79.9%) | loss: 2.883937 | lrm: 0.40 | dt: 330ms | tok/sec: 1,587,708 | mfu: 38.4% | epoch: 1 | remaining: 60s    
step 00710 (80.0%) | loss: 2.880679 | lrm: 0.40 | dt: 331ms | tok/sec: 1,584,776 | mfu: 38.3% | epoch: 1 | remaining: 60s    
step 00711 (80.1%) | loss: 2.879246 | lrm: 0.40 | dt: 330ms | tok/sec: 1,587,641 | mfu: 38.4% | epoch: 1 | remaining: 59s    
step 00712 (80.2%) | loss: 2.881720 | lrm: 0.40 | dt: 365ms | tok/sec: 1,435,948 | mfu: 34.7% | epoch: 1 | remaining: 59s    
step 00713 (80.3%) | loss: 2.881399 | lrm: 0.39 | dt: 323ms | tok/sec: 1,621,146 | mfu: 39.2% | epoch: 1 | remaining: 59s    
step 00714 (80.4%) | loss: 2.880059 | lrm: 0.39 | dt: 329ms | tok/sec: 1,594,592 | mfu: 38.5% | epoch: 1 | remaining: 58s    
step 00715 (80.5%) | loss: 2.877050 | lrm: 0.39 | dt: 337ms | tok/sec: 1,554,829 | mfu: 37.6% | epoch: 1 | remaining: 58s    
step 00716 (80.6%) | loss: 2.873588 | lrm: 0.39 | dt: 323ms | tok/sec: 1,623,454 | mfu: 39.2% | epoch: 1 | remaining: 58s    
step 00717 (80.7%) | loss: 2.874861 | lrm: 0.39 | dt: 329ms | tok/sec: 1,591,737 | mfu: 38.5% | epoch: 1 | remaining: 57s    
step 00718 (80.9%) | loss: 2.870161 | lrm: 0.38 | dt: 336ms | tok/sec: 1,558,078 | mfu: 37.6% | epoch: 1 | remaining: 57s    
step 00719 (81.0%) | loss: 2.872282 | lrm: 0.38 | dt: 325ms | tok/sec: 1,611,852 | mfu: 38.9% | epoch: 1 | remaining: 57s    
step 00720 (81.1%) | loss: 2.871250 | lrm: 0.38 | dt: 327ms | tok/sec: 1,604,761 | mfu: 38.8% | epoch: 1 | remaining: 56s    
step 00721 (81.2%) | loss: 2.870272 | lrm: 0.38 | dt: 364ms | tok/sec: 1,440,866 | mfu: 34.8% | epoch: 1 | remaining: 56s    
step 00722 (81.3%) | loss: 2.869652 | lrm: 0.37 | dt: 321ms | tok/sec: 1,635,553 | mfu: 39.5% | epoch: 1 | remaining: 56s    
step 00723 (81.4%) | loss: 2.868263 | lrm: 0.37 | dt: 328ms | tok/sec: 1,599,137 | mfu: 38.6% | epoch: 1 | remaining: 55s    
step 00724 (81.5%) | loss: 2.864508 | lrm: 0.37 | dt: 335ms | tok/sec: 1,563,162 | mfu: 37.8% | epoch: 1 | remaining: 55s    
step 00725 (81.6%) | loss: 2.867367 | lrm: 0.37 | dt: 342ms | tok/sec: 1,533,118 | mfu: 37.0% | epoch: 1 | remaining: 55s    
step 00726 (81.7%) | loss: 2.867530 | lrm: 0.37 | dt: 365ms | tok/sec: 1,437,705 | mfu: 34.7% | epoch: 1 | remaining: 54s    
step 00727 (81.9%) | loss: 2.867482 | lrm: 0.36 | dt: 320ms | tok/sec: 1,636,498 | mfu: 39.5% | epoch: 1 | remaining: 54s    
step 00728 (82.0%) | loss: 2.867612 | lrm: 0.36 | dt: 329ms | tok/sec: 1,594,751 | mfu: 38.5% | epoch: 1 | remaining: 54s    
step 00729 (82.1%) | loss: 2.869104 | lrm: 0.36 | dt: 338ms | tok/sec: 1,549,428 | mfu: 37.4% | epoch: 1 | remaining: 53s    
step 00730 (82.2%) | loss: 2.866170 | lrm: 0.36 | dt: 328ms | tok/sec: 1,598,662 | mfu: 38.6% | epoch: 1 | remaining: 53s    
step 00731 (82.3%) | loss: 2.859549 | lrm: 0.35 | dt: 350ms | tok/sec: 1,497,965 | mfu: 36.2% | epoch: 1 | remaining: 53s    
step 00732 (82.4%) | loss: 2.861435 | lrm: 0.35 | dt: 356ms | tok/sec: 1,473,750 | mfu: 35.6% | epoch: 1 | remaining: 52s    
step 00733 (82.5%) | loss: 2.861343 | lrm: 0.35 | dt: 324ms | tok/sec: 1,616,577 | mfu: 39.1% | epoch: 1 | remaining: 52s    
step 00734 (82.7%) | loss: 2.861126 | lrm: 0.35 | dt: 333ms | tok/sec: 1,574,604 | mfu: 38.0% | epoch: 1 | remaining: 52s    
step 00735 (82.8%) | loss: 2.858480 | lrm: 0.34 | dt: 335ms | tok/sec: 1,566,784 | mfu: 37.9% | epoch: 1 | remaining: 51s    
step 00736 (82.9%) | loss: 2.860044 | lrm: 0.34 | dt: 324ms | tok/sec: 1,617,680 | mfu: 39.1% | epoch: 1 | remaining: 51s    
step 00737 (83.0%) | loss: 2.858499 | lrm: 0.34 | dt: 331ms | tok/sec: 1,586,291 | mfu: 38.3% | epoch: 1 | remaining: 51s    
step 00738 (83.1%) | loss: 2.858878 | lrm: 0.34 | dt: 334ms | tok/sec: 1,568,926 | mfu: 37.9% | epoch: 1 | remaining: 50s    
step 00739 (83.2%) | loss: 2.859496 | lrm: 0.34 | dt: 381ms | tok/sec: 1,374,951 | mfu: 33.2% | epoch: 1 | remaining: 50s    
step 00740 (83.3%) | loss: 2.862700 | lrm: 0.33 | dt: 330ms | tok/sec: 1,590,965 | mfu: 38.4% | epoch: 1 | remaining: 50s    
step 00741 (83.4%) | loss: 2.865597 | lrm: 0.33 | dt: 326ms | tok/sec: 1,606,629 | mfu: 38.8% | epoch: 1 | remaining: 49s    
step 00742 (83.5%) | loss: 2.860346 | lrm: 0.33 | dt: 347ms | tok/sec: 1,510,444 | mfu: 36.5% | epoch: 1 | remaining: 49s    
step 00743 (83.7%) | loss: 2.858328 | lrm: 0.33 | dt: 321ms | tok/sec: 1,634,587 | mfu: 39.5% | epoch: 1 | remaining: 49s    
step 00744 (83.8%) | loss: 2.856610 | lrm: 0.32 | dt: 327ms | tok/sec: 1,603,780 | mfu: 38.7% | epoch: 1 | remaining: 48s    
step 00745 (83.9%) | loss: 2.854562 | lrm: 0.32 | dt: 335ms | tok/sec: 1,566,212 | mfu: 37.8% | epoch: 1 | remaining: 48s    
step 00746 (84.0%) | loss: 2.851882 | lrm: 0.32 | dt: 327ms | tok/sec: 1,604,738 | mfu: 38.8% | epoch: 1 | remaining: 48s    
step 00747 (84.1%) | loss: 2.854488 | lrm: 0.32 | dt: 331ms | tok/sec: 1,583,829 | mfu: 38.3% | epoch: 1 | remaining: 47s    
step 00748 (84.2%) | loss: 2.858004 | lrm: 0.32 | dt: 333ms | tok/sec: 1,575,989 | mfu: 38.1% | epoch: 1 | remaining: 47s    
step 00749 (84.3%) | loss: 2.856692 | lrm: 0.31 | dt: 347ms | tok/sec: 1,510,497 | mfu: 36.5% | epoch: 1 | remaining: 47s    
step 00750 (84.4%) | loss: 2.857583 | lrm: 0.31 | dt: 387ms | tok/sec: 1,353,253 | mfu: 32.7% | epoch: 1 | remaining: 46s    
step 00751 (84.6%) | loss: 2.859237 | lrm: 0.31 | dt: 379ms | tok/sec: 1,381,829 | mfu: 33.4% | epoch: 1 | remaining: 46s    
step 00752 (84.7%) | loss: 2.855241 | lrm: 0.31 | dt: 353ms | tok/sec: 1,486,818 | mfu: 35.9% | epoch: 1 | remaining: 46s    
step 00753 (84.8%) | loss: 2.855927 | lrm: 0.30 | dt: 343ms | tok/sec: 1,529,167 | mfu: 36.9% | epoch: 1 | remaining: 45s    
step 00754 (84.9%) | loss: 2.852858 | lrm: 0.30 | dt: 390ms | tok/sec: 1,345,677 | mfu: 32.5% | epoch: 1 | remaining: 45s    
step 00755 (85.1%) | loss: 2.849172 | lrm: 0.30 | dt: 388ms | tok/sec: 1,350,491 | mfu: 32.6% | epoch: 1 | remaining: 44s    
step 00756 (85.2%) | loss: 2.848241 | lrm: 0.30 | dt: 317ms | tok/sec: 1,651,967 | mfu: 39.9% | epoch: 1 | remaining: 44s    
step 00757 (85.3%) | loss: 2.848260 | lrm: 0.29 | dt: 325ms | tok/sec: 1,613,201 | mfu: 39.0% | epoch: 1 | remaining: 44s    
step 00758 (85.4%) | loss: 2.845230 | lrm: 0.29 | dt: 340ms | tok/sec: 1,543,324 | mfu: 37.3% | epoch: 1 | remaining: 43s    
step 00759 (85.5%) | loss: 2.841879 | lrm: 0.29 | dt: 342ms | tok/sec: 1,534,479 | mfu: 37.1% | epoch: 1 | remaining: 43s    
step 00760 (85.6%) | loss: 2.843015 | lrm: 0.29 | dt: 328ms | tok/sec: 1,599,245 | mfu: 38.6% | epoch: 1 | remaining: 43s    
step 00761 (85.7%) | loss: 2.843271 | lrm: 0.29 | dt: 336ms | tok/sec: 1,560,321 | mfu: 37.7% | epoch: 1 | remaining: 42s    
step 00762 (85.8%) | loss: 2.852232 | lrm: 0.28 | dt: 345ms | tok/sec: 1,518,056 | mfu: 36.7% | epoch: 1 | remaining: 42s    
step 00763 (86.0%) | loss: 2.851433 | lrm: 0.28 | dt: 354ms | tok/sec: 1,482,710 | mfu: 35.8% | epoch: 1 | remaining: 42s    
step 00764 (86.1%) | loss: 2.849905 | lrm: 0.28 | dt: 326ms | tok/sec: 1,610,478 | mfu: 38.9% | epoch: 1 | remaining: 41s    
step 00765 (86.2%) | loss: 2.847895 | lrm: 0.28 | dt: 336ms | tok/sec: 1,559,397 | mfu: 37.7% | epoch: 1 | remaining: 41s    
step 00766 (86.3%) | loss: 2.854687 | lrm: 0.27 | dt: 328ms | tok/sec: 1,597,470 | mfu: 38.6% | epoch: 1 | remaining: 41s    
step 00767 (86.4%) | loss: 2.852517 | lrm: 0.27 | dt: 326ms | tok/sec: 1,608,227 | mfu: 38.9% | epoch: 1 | remaining: 40s    
step 00768 (86.5%) | loss: 2.851914 | lrm: 0.27 | dt: 333ms | tok/sec: 1,573,704 | mfu: 38.0% | epoch: 1 | remaining: 40s    
step 00769 (86.6%) | loss: 2.849672 | lrm: 0.27 | dt: 330ms | tok/sec: 1,590,151 | mfu: 38.4% | epoch: 1 | remaining: 40s    
step 00770 (86.7%) | loss: 2.849520 | lrm: 0.27 | dt: 331ms | tok/sec: 1,581,813 | mfu: 38.2% | epoch: 1 | remaining: 39s    
step 00771 (86.9%) | loss: 2.848149 | lrm: 0.26 | dt: 329ms | tok/sec: 1,593,112 | mfu: 38.5% | epoch: 1 | remaining: 39s    
step 00772 (87.0%) | loss: 2.845393 | lrm: 0.26 | dt: 329ms | tok/sec: 1,593,818 | mfu: 38.5% | epoch: 1 | remaining: 39s    
step 00773 (87.1%) | loss: 2.845553 | lrm: 0.26 | dt: 342ms | tok/sec: 1,533,038 | mfu: 37.0% | epoch: 1 | remaining: 38s    
step 00774 (87.2%) | loss: 2.840397 | lrm: 0.26 | dt: 329ms | tok/sec: 1,592,697 | mfu: 38.5% | epoch: 1 | remaining: 38s    
step 00775 (87.3%) | loss: 2.843915 | lrm: 0.25 | dt: 331ms | tok/sec: 1,582,953 | mfu: 38.2% | epoch: 1 | remaining: 38s    
step 00776 (87.4%) | loss: 2.845363 | lrm: 0.25 | dt: 331ms | tok/sec: 1,584,701 | mfu: 38.3% | epoch: 1 | remaining: 37s    
step 00777 (87.5%) | loss: 2.845191 | lrm: 0.25 | dt: 389ms | tok/sec: 1,347,312 | mfu: 32.6% | epoch: 1 | remaining: 37s    
step 00778 (87.6%) | loss: 2.842232 | lrm: 0.25 | dt: 419ms | tok/sec: 1,251,837 | mfu: 30.2% | epoch: 1 | remaining: 37s    
step 00779 (87.8%) | loss: 2.843795 | lrm: 0.24 | dt: 340ms | tok/sec: 1,543,909 | mfu: 37.3% | epoch: 1 | remaining: 36s    
step 00780 (87.9%) | loss: 2.840690 | lrm: 0.24 | dt: 323ms | tok/sec: 1,623,611 | mfu: 39.2% | epoch: 1 | remaining: 36s    
step 00781 (88.0%) | loss: 2.839205 | lrm: 0.24 | dt: 344ms | tok/sec: 1,522,681 | mfu: 36.8% | epoch: 1 | remaining: 36s    
step 00782 (88.1%) | loss: 2.842674 | lrm: 0.24 | dt: 333ms | tok/sec: 1,573,611 | mfu: 38.0% | epoch: 1 | remaining: 35s    
step 00783 (88.2%) | loss: 2.842042 | lrm: 0.24 | dt: 324ms | tok/sec: 1,617,289 | mfu: 39.1% | epoch: 1 | remaining: 35s    
step 00784 (88.3%) | loss: 2.841827 | lrm: 0.23 | dt: 390ms | tok/sec: 1,345,790 | mfu: 32.5% | epoch: 1 | remaining: 35s    
step 00785 (88.5%) | loss: 2.840210 | lrm: 0.23 | dt: 347ms | tok/sec: 1,512,865 | mfu: 36.6% | epoch: 1 | remaining: 34s    
step 00786 (88.6%) | loss: 2.837997 | lrm: 0.23 | dt: 321ms | tok/sec: 1,633,377 | mfu: 39.5% | epoch: 1 | remaining: 34s    
step 00787 (88.7%) | loss: 2.838589 | lrm: 0.23 | dt: 339ms | tok/sec: 1,546,058 | mfu: 37.4% | epoch: 1 | remaining: 34s    
step 00788 (88.8%) | loss: 2.834114 | lrm: 0.22 | dt: 363ms | tok/sec: 1,443,100 | mfu: 34.9% | epoch: 1 | remaining: 33s    
step 00789 (88.9%) | loss: 2.830127 | lrm: 0.22 | dt: 322ms | tok/sec: 1,630,680 | mfu: 39.4% | epoch: 1 | remaining: 33s    
step 00790 (89.0%) | loss: 2.832200 | lrm: 0.22 | dt: 351ms | tok/sec: 1,494,250 | mfu: 36.1% | epoch: 1 | remaining: 33s    
step 00791 (89.1%) | loss: 2.830889 | lrm: 0.22 | dt: 333ms | tok/sec: 1,573,236 | mfu: 38.0% | epoch: 1 | remaining: 32s    
step 00792 (89.3%) | loss: 2.829004 | lrm: 0.21 | dt: 323ms | tok/sec: 1,625,430 | mfu: 39.3% | epoch: 1 | remaining: 32s    
step 00793 (89.4%) | loss: 2.832986 | lrm: 0.21 | dt: 457ms | tok/sec: 1,146,824 | mfu: 27.7% | epoch: 1 | remaining: 31s    
step 00794 (89.5%) | loss: 2.832701 | lrm: 0.21 | dt: 325ms | tok/sec: 1,613,375 | mfu: 39.0% | epoch: 1 | remaining: 31s    
step 00795 (89.6%) | loss: 2.832393 | lrm: 0.21 | dt: 340ms | tok/sec: 1,542,187 | mfu: 37.3% | epoch: 1 | remaining: 31s    
step 00796 (89.7%) | loss: 2.832038 | lrm: 0.21 | dt: 335ms | tok/sec: 1,565,856 | mfu: 37.8% | epoch: 1 | remaining: 30s    
step 00797 (89.9%) | loss: 2.834717 | lrm: 0.20 | dt: 343ms | tok/sec: 1,528,385 | mfu: 36.9% | epoch: 1 | remaining: 30s    
step 00798 (90.0%) | loss: 2.835861 | lrm: 0.20 | dt: 328ms | tok/sec: 1,596,406 | mfu: 38.6% | epoch: 1 | remaining: 30s    
step 00799 (90.1%) | loss: 2.836343 | lrm: 0.20 | dt: 334ms | tok/sec: 1,571,698 | mfu: 38.0% | epoch: 1 | remaining: 29s    
step 00800 (90.2%) | loss: 2.831620 | lrm: 0.20 | dt: 351ms | tok/sec: 1,493,326 | mfu: 36.1% | epoch: 1 | remaining: 29s    
step 00801 (90.3%) | loss: 2.823802 | lrm: 0.19 | dt: 324ms | tok/sec: 1,617,650 | mfu: 39.1% | epoch: 1 | remaining: 29s    
step 00802 (90.4%) | loss: 2.821220 | lrm: 0.19 | dt: 332ms | tok/sec: 1,581,089 | mfu: 38.2% | epoch: 1 | remaining: 28s    
step 00803 (90.5%) | loss: 2.823078 | lrm: 0.19 | dt: 339ms | tok/sec: 1,548,318 | mfu: 37.4% | epoch: 1 | remaining: 28s    
step 00804 (90.6%) | loss: 2.822214 | lrm: 0.19 | dt: 322ms | tok/sec: 1,626,052 | mfu: 39.3% | epoch: 1 | remaining: 28s    
step 00805 (90.7%) | loss: 2.821231 | lrm: 0.19 | dt: 363ms | tok/sec: 1,446,267 | mfu: 34.9% | epoch: 1 | remaining: 27s    
step 00806 (90.9%) | loss: 2.819428 | lrm: 0.18 | dt: 365ms | tok/sec: 1,436,019 | mfu: 34.7% | epoch: 1 | remaining: 27s    
step 00807 (91.0%) | loss: 2.820634 | lrm: 0.18 | dt: 333ms | tok/sec: 1,574,106 | mfu: 38.0% | epoch: 1 | remaining: 27s    
step 00808 (91.1%) | loss: 2.817251 | lrm: 0.18 | dt: 337ms | tok/sec: 1,554,761 | mfu: 37.6% | epoch: 1 | remaining: 26s    
step 00809 (91.2%) | loss: 2.815272 | lrm: 0.18 | dt: 336ms | tok/sec: 1,558,529 | mfu: 37.7% | epoch: 1 | remaining: 26s    
step 00810 (91.3%) | loss: 2.821042 | lrm: 0.17 | dt: 327ms | tok/sec: 1,601,695 | mfu: 38.7% | epoch: 1 | remaining: 26s    
step 00811 (91.4%) | loss: 2.823341 | lrm: 0.17 | dt: 334ms | tok/sec: 1,570,668 | mfu: 37.9% | epoch: 1 | remaining: 25s    
step 00812 (91.5%) | loss: 2.822493 | lrm: 0.17 | dt: 381ms | tok/sec: 1,374,750 | mfu: 33.2% | epoch: 1 | remaining: 25s    
step 00813 (91.7%) | loss: 2.824252 | lrm: 0.17 | dt: 320ms | tok/sec: 1,640,727 | mfu: 39.6% | epoch: 1 | remaining: 25s    
step 00814 (91.8%) | loss: 2.823299 | lrm: 0.16 | dt: 371ms | tok/sec: 1,412,609 | mfu: 34.1% | epoch: 1 | remaining: 24s    
step 00815 (91.9%) | loss: 2.825795 | lrm: 0.16 | dt: 326ms | tok/sec: 1,608,950 | mfu: 38.9% | epoch: 1 | remaining: 24s    
step 00816 (92.0%) | loss: 2.826772 | lrm: 0.16 | dt: 333ms | tok/sec: 1,576,677 | mfu: 38.1% | epoch: 1 | remaining: 24s    
step 00817 (92.1%) | loss: 2.824783 | lrm: 0.16 | dt: 338ms | tok/sec: 1,550,165 | mfu: 37.5% | epoch: 1 | remaining: 23s    
step 00818 (92.2%) | loss: 2.819524 | lrm: 0.16 | dt: 329ms | tok/sec: 1,594,239 | mfu: 38.5% | epoch: 1 | remaining: 23s    
step 00819 (92.3%) | loss: 2.823954 | lrm: 0.15 | dt: 341ms | tok/sec: 1,537,390 | mfu: 37.1% | epoch: 1 | remaining: 23s    
step 00820 (92.5%) | loss: 2.820803 | lrm: 0.15 | dt: 325ms | tok/sec: 1,612,163 | mfu: 39.0% | epoch: 1 | remaining: 22s    
step 00821 (92.6%) | loss: 2.819120 | lrm: 0.15 | dt: 338ms | tok/sec: 1,551,751 | mfu: 37.5% | epoch: 1 | remaining: 22s    
step 00822 (92.7%) | loss: 2.817274 | lrm: 0.15 | dt: 342ms | tok/sec: 1,531,425 | mfu: 37.0% | epoch: 1 | remaining: 22s    
step 00823 (92.8%) | loss: 2.817575 | lrm: 0.14 | dt: 330ms | tok/sec: 1,587,400 | mfu: 38.4% | epoch: 1 | remaining: 21s    
step 00824 (92.9%) | loss: 2.814246 | lrm: 0.14 | dt: 330ms | tok/sec: 1,586,377 | mfu: 38.3% | epoch: 1 | remaining: 21s    
step 00825 (93.0%) | loss: 2.817808 | lrm: 0.14 | dt: 330ms | tok/sec: 1,587,910 | mfu: 38.4% | epoch: 1 | remaining: 21s    
step 00826 (93.1%) | loss: 2.820864 | lrm: 0.14 | dt: 331ms | tok/sec: 1,584,532 | mfu: 38.3% | epoch: 1 | remaining: 20s    
step 00827 (93.2%) | loss: 2.821797 | lrm: 0.14 | dt: 345ms | tok/sec: 1,520,134 | mfu: 36.7% | epoch: 1 | remaining: 20s    
step 00828 (93.3%) | loss: 2.819203 | lrm: 0.13 | dt: 342ms | tok/sec: 1,534,789 | mfu: 37.1% | epoch: 1 | remaining: 20s    
step 00829 (93.5%) | loss: 2.823594 | lrm: 0.13 | dt: 329ms | tok/sec: 1,592,122 | mfu: 38.5% | epoch: 1 | remaining: 19s    
step 00830 (93.6%) | loss: 2.822714 | lrm: 0.13 | dt: 461ms | tok/sec: 1,136,221 | mfu: 27.5% | epoch: 1 | remaining: 19s    
step 00831 (93.7%) | loss: 2.817688 | lrm: 0.13 | dt: 385ms | tok/sec: 1,362,153 | mfu: 32.9% | epoch: 1 | remaining: 18s    
step 00832 (93.9%) | loss: 2.814836 | lrm: 0.12 | dt: 329ms | tok/sec: 1,593,151 | mfu: 38.5% | epoch: 1 | remaining: 18s    
step 00833 (94.0%) | loss: 2.814947 | lrm: 0.12 | dt: 323ms | tok/sec: 1,624,654 | mfu: 39.3% | epoch: 1 | remaining: 18s    
step 00834 (94.1%) | loss: 2.815375 | lrm: 0.12 | dt: 353ms | tok/sec: 1,485,071 | mfu: 35.9% | epoch: 1 | remaining: 17s    
step 00835 (94.2%) | loss: 2.810165 | lrm: 0.12 | dt: 324ms | tok/sec: 1,616,198 | mfu: 39.0% | epoch: 1 | remaining: 17s    
step 00836 (94.3%) | loss: 2.815677 | lrm: 0.11 | dt: 327ms | tok/sec: 1,604,965 | mfu: 38.8% | epoch: 1 | remaining: 17s    
step 00837 (94.4%) | loss: 2.811471 | lrm: 0.11 | dt: 337ms | tok/sec: 1,553,655 | mfu: 37.5% | epoch: 1 | remaining: 16s    
step 00838 (94.5%) | loss: 2.809383 | lrm: 0.11 | dt: 329ms | tok/sec: 1,595,709 | mfu: 38.6% | epoch: 1 | remaining: 16s    
step 00839 (94.6%) | loss: 2.818018 | lrm: 0.11 | dt: 325ms | tok/sec: 1,613,123 | mfu: 39.0% | epoch: 1 | remaining: 16s    
step 00840 (94.7%) | loss: 2.821909 | lrm: 0.11 | dt: 333ms | tok/sec: 1,576,133 | mfu: 38.1% | epoch: 1 | remaining: 15s    
step 00841 (94.8%) | loss: 2.816818 | lrm: 0.10 | dt: 339ms | tok/sec: 1,548,730 | mfu: 37.4% | epoch: 1 | remaining: 15s    
step 00842 (95.0%) | loss: 2.820046 | lrm: 0.10 | dt: 342ms | tok/sec: 1,534,923 | mfu: 37.1% | epoch: 1 | remaining: 15s    
step 00843 (95.1%) | loss: 2.816978 | lrm: 0.10 | dt: 370ms | tok/sec: 1,417,135 | mfu: 34.2% | epoch: 1 | remaining: 14s    
step 00844 (95.2%) | loss: 2.817798 | lrm: 0.10 | dt: 320ms | tok/sec: 1,637,595 | mfu: 39.6% | epoch: 1 | remaining: 14s    
step 00845 (95.3%) | loss: 2.818193 | lrm: 0.09 | dt: 328ms | tok/sec: 1,600,115 | mfu: 38.7% | epoch: 1 | remaining: 14s    
step 00846 (95.4%) | loss: 2.816016 | lrm: 0.09 | dt: 339ms | tok/sec: 1,545,421 | mfu: 37.3% | epoch: 1 | remaining: 13s    
step 00847 (95.5%) | loss: 2.818685 | lrm: 0.09 | dt: 325ms | tok/sec: 1,612,822 | mfu: 39.0% | epoch: 1 | remaining: 13s    
step 00848 (95.6%) | loss: 2.815374 | lrm: 0.09 | dt: 324ms | tok/sec: 1,619,190 | mfu: 39.1% | epoch: 1 | remaining: 13s    
step 00849 (95.7%) | loss: 2.813727 | lrm: 0.09 | dt: 338ms | tok/sec: 1,550,672 | mfu: 37.5% | epoch: 1 | remaining: 12s    
step 00850 (95.9%) | loss: 2.818055 | lrm: 0.08 | dt: 322ms | tok/sec: 1,630,311 | mfu: 39.4% | epoch: 1 | remaining: 12s    
step 00851 (96.0%) | loss: 2.816541 | lrm: 0.08 | dt: 329ms | tok/sec: 1,591,465 | mfu: 38.5% | epoch: 1 | remaining: 12s    
step 00852 (96.1%) | loss: 2.812009 | lrm: 0.08 | dt: 335ms | tok/sec: 1,566,405 | mfu: 37.8% | epoch: 1 | remaining: 11s    
step 00853 (96.2%) | loss: 2.812139 | lrm: 0.08 | dt: 359ms | tok/sec: 1,458,933 | mfu: 35.3% | epoch: 1 | remaining: 11s    
step 00854 (96.3%) | loss: 2.807154 | lrm: 0.07 | dt: 321ms | tok/sec: 1,635,337 | mfu: 39.5% | epoch: 1 | remaining: 11s    
step 00855 (96.4%) | loss: 2.806927 | lrm: 0.07 | dt: 335ms | tok/sec: 1,565,060 | mfu: 37.8% | epoch: 1 | remaining: 10s    
step 00856 (96.5%) | loss: 2.812173 | lrm: 0.07 | dt: 329ms | tok/sec: 1,593,164 | mfu: 38.5% | epoch: 1 | remaining: 10s    
step 00857 (96.6%) | loss: 2.815518 | lrm: 0.07 | dt: 326ms | tok/sec: 1,607,484 | mfu: 38.8% | epoch: 1 | remaining: 10s    
step 00858 (96.7%) | loss: 2.814277 | lrm: 0.07 | dt: 329ms | tok/sec: 1,594,106 | mfu: 38.5% | epoch: 1 | remaining: 9s    
step 00859 (96.8%) | loss: 2.816965 | lrm: 0.06 | dt: 349ms | tok/sec: 1,501,723 | mfu: 36.3% | epoch: 1 | remaining: 9s    
step 00860 (97.0%) | loss: 2.816841 | lrm: 0.06 | dt: 329ms | tok/sec: 1,595,171 | mfu: 38.5% | epoch: 1 | remaining: 9s    
step 00861 (97.1%) | loss: 2.818693 | lrm: 0.06 | dt: 329ms | tok/sec: 1,592,591 | mfu: 38.5% | epoch: 1 | remaining: 8s    
step 00862 (97.2%) | loss: 2.817896 | lrm: 0.06 | dt: 345ms | tok/sec: 1,521,196 | mfu: 36.8% | epoch: 1 | remaining: 8s    
step 00863 (97.3%) | loss: 2.817252 | lrm: 0.05 | dt: 326ms | tok/sec: 1,608,190 | mfu: 38.9% | epoch: 1 | remaining: 8s    
step 00864 (97.4%) | loss: 2.815560 | lrm: 0.05 | dt: 329ms | tok/sec: 1,594,329 | mfu: 38.5% | epoch: 1 | remaining: 7s    
step 00865 (97.5%) | loss: 2.813252 | lrm: 0.05 | dt: 333ms | tok/sec: 1,573,629 | mfu: 38.0% | epoch: 1 | remaining: 7s    
step 00866 (97.6%) | loss: 2.812332 | lrm: 0.05 | dt: 329ms | tok/sec: 1,595,826 | mfu: 38.6% | epoch: 1 | remaining: 7s    
step 00867 (97.7%) | loss: 2.813180 | lrm: 0.05 | dt: 329ms | tok/sec: 1,592,230 | mfu: 38.5% | epoch: 1 | remaining: 6s    
step 00868 (97.8%) | loss: 2.812906 | lrm: 0.04 | dt: 333ms | tok/sec: 1,574,938 | mfu: 38.1% | epoch: 1 | remaining: 6s    
step 00869 (98.0%) | loss: 2.812275 | lrm: 0.04 | dt: 363ms | tok/sec: 1,442,481 | mfu: 34.9% | epoch: 1 | remaining: 6s    
step 00870 (98.1%) | loss: 2.807895 | lrm: 0.04 | dt: 385ms | tok/sec: 1,361,422 | mfu: 32.9% | epoch: 1 | remaining: 5s    
step 00871 (98.2%) | loss: 2.806296 | lrm: 0.04 | dt: 372ms | tok/sec: 1,409,428 | mfu: 34.1% | epoch: 1 | remaining: 5s    
step 00872 (98.3%) | loss: 2.803566 | lrm: 0.03 | dt: 322ms | tok/sec: 1,629,207 | mfu: 39.4% | epoch: 1 | remaining: 5s    
step 00873 (98.4%) | loss: 2.797146 | lrm: 0.03 | dt: 350ms | tok/sec: 1,496,454 | mfu: 36.2% | epoch: 1 | remaining: 4s    
step 00874 (98.6%) | loss: 2.796989 | lrm: 0.03 | dt: 329ms | tok/sec: 1,592,684 | mfu: 38.5% | epoch: 1 | remaining: 4s    
step 00875 (98.7%) | loss: 2.800750 | lrm: 0.03 | dt: 327ms | tok/sec: 1,604,968 | mfu: 38.8% | epoch: 1 | remaining: 4s    
step 00876 (98.8%) | loss: 2.804387 | lrm: 0.02 | dt: 336ms | tok/sec: 1,558,080 | mfu: 37.6% | epoch: 1 | remaining: 3s    
step 00877 (98.9%) | loss: 2.804036 | lrm: 0.02 | dt: 329ms | tok/sec: 1,592,682 | mfu: 38.5% | epoch: 1 | remaining: 3s    
step 00878 (99.0%) | loss: 2.805591 | lrm: 0.02 | dt: 393ms | tok/sec: 1,334,003 | mfu: 32.2% | epoch: 1 | remaining: 3s    
step 00879 (99.1%) | loss: 2.804172 | lrm: 0.02 | dt: 319ms | tok/sec: 1,642,888 | mfu: 39.7% | epoch: 1 | remaining: 2s    
step 00880 (99.2%) | loss: 2.805954 | lrm: 0.02 | dt: 319ms | tok/sec: 1,645,298 | mfu: 39.8% | epoch: 1 | remaining: 2s    
step 00881 (99.3%) | loss: 2.803450 | lrm: 0.01 | dt: 339ms | tok/sec: 1,546,223 | mfu: 37.4% | epoch: 1 | remaining: 2s    
step 00882 (99.5%) | loss: 2.806923 | lrm: 0.01 | dt: 329ms | tok/sec: 1,595,271 | mfu: 38.5% | epoch: 1 | remaining: 1s    
step 00883 (99.6%) | loss: 2.806235 | lrm: 0.01 | dt: 322ms | tok/sec: 1,629,694 | mfu: 39.4% | epoch: 1 | remaining: 1s    
step 00884 (99.7%) | loss: 2.802123 | lrm: 0.01 | dt: 333ms | tok/sec: 1,572,164 | mfu: 38.0% | epoch: 1 | remaining: 1s    
step 00885 (99.8%) | loss: 2.803715 | lrm: 0.00 | dt: 333ms | tok/sec: 1,576,586 | mfu: 38.1% | epoch: 1 | remaining: 0s    
step 00886 (99.9%) | loss: 2.804032 | lrm: 0.00 | dt: 332ms | tok/sec: 1,578,122 | mfu: 38.1% | epoch: 1 | remaining: 0s    
---
val_bpb:          0.999791
holdout_bpb:      0.998995
training_seconds: 300.0
total_seconds:    385.7
peak_vram_mb:     45060.2
mfu_percent:      37.03
total_tokens_M:   465.0
num_steps:        887
num_params_M:     50.3
depth:            8
