Vocab size: 8,192
Model config: {'sequence_len': 2048, 'vocab_size': 8192, 'n_layer': 8, 'n_head': 4, 'n_kv_head': 4, 'n_embd': 512, 'window_pattern': 'SSSL'}
Parameter counts:
  wte                     : 4,194,304
  value_embeds            : 16,777,216
  lm_head                 : 4,194,304
  transformer_matrices    : 25,166,336
  scalars                 : 16
  total                   : 50,332,176
Estimated FLOPs per token: 2.390784e+08
Scaling AdamW LRs by 1/sqrt(512/768) = 1.224745
Time budget: 300s
Gradient accumulation steps: 1

step 00000 (0.0%) | loss: 9.011262 | lrm: 1.00 | dt: 26581ms | tok/sec: 9,862 | mfu: 0.2% | epoch: 1 | remaining: 300s    
step 00001 (0.0%) | loss: 8.867333 | lrm: 1.00 | dt: 163ms | tok/sec: 1,612,033 | mfu: 38.9% | epoch: 1 | remaining: 300s    
step 00002 (0.0%) | loss: 8.486182 | lrm: 1.00 | dt: 159ms | tok/sec: 1,647,176 | mfu: 39.8% | epoch: 1 | remaining: 300s    
step 00003 (0.0%) | loss: 8.034195 | lrm: 1.00 | dt: 163ms | tok/sec: 1,607,922 | mfu: 38.8% | epoch: 1 | remaining: 300s    
step 00004 (0.0%) | loss: 7.655216 | lrm: 1.00 | dt: 161ms | tok/sec: 1,629,934 | mfu: 39.4% | epoch: 1 | remaining: 300s    
step 00005 (0.0%) | loss: 7.322774 | lrm: 1.00 | dt: 170ms | tok/sec: 1,541,994 | mfu: 37.3% | epoch: 1 | remaining: 300s    
step 00006 (0.0%) | loss: 7.069892 | lrm: 1.00 | dt: 206ms | tok/sec: 1,271,711 | mfu: 30.7% | epoch: 1 | remaining: 300s    
step 00007 (0.0%) | loss: 6.865043 | lrm: 1.00 | dt: 193ms | tok/sec: 1,356,621 | mfu: 32.8% | epoch: 1 | remaining: 300s    
step 00008 (0.0%) | loss: 6.690683 | lrm: 1.00 | dt: 201ms | tok/sec: 1,301,275 | mfu: 31.4% | epoch: 1 | remaining: 300s    
step 00009 (0.0%) | loss: 6.542507 | lrm: 1.00 | dt: 200ms | tok/sec: 1,310,204 | mfu: 31.7% | epoch: 1 | remaining: 300s    
step 00010 (0.0%) | loss: 6.419364 | lrm: 1.00 | dt: 177ms | tok/sec: 1,479,970 | mfu: 35.8% | epoch: 1 | remaining: 300s    
step 00011 (0.0%) | loss: 6.310454 | lrm: 1.00 | dt: 160ms | tok/sec: 1,639,965 | mfu: 39.6% | epoch: 1 | remaining: 300s    
step 00012 (0.1%) | loss: 6.212922 | lrm: 1.00 | dt: 172ms | tok/sec: 1,520,784 | mfu: 36.7% | epoch: 1 | remaining: 300s    
step 00013 (0.1%) | loss: 6.130892 | lrm: 1.00 | dt: 184ms | tok/sec: 1,427,051 | mfu: 34.5% | epoch: 1 | remaining: 299s    
step 00014 (0.2%) | loss: 6.058156 | lrm: 1.00 | dt: 159ms | tok/sec: 1,653,361 | mfu: 39.9% | epoch: 1 | remaining: 299s    
step 00015 (0.2%) | loss: 5.991156 | lrm: 1.00 | dt: 202ms | tok/sec: 1,296,645 | mfu: 31.3% | epoch: 1 | remaining: 299s    
step 00016 (0.3%) | loss: 5.931974 | lrm: 1.00 | dt: 157ms | tok/sec: 1,665,116 | mfu: 40.2% | epoch: 1 | remaining: 299s    
step 00017 (0.3%) | loss: 5.874975 | lrm: 1.00 | dt: 175ms | tok/sec: 1,500,439 | mfu: 36.3% | epoch: 1 | remaining: 299s    
step 00018 (0.4%) | loss: 5.824912 | lrm: 1.00 | dt: 164ms | tok/sec: 1,595,532 | mfu: 38.6% | epoch: 1 | remaining: 299s    
step 00019 (0.5%) | loss: 5.777764 | lrm: 1.00 | dt: 192ms | tok/sec: 1,363,217 | mfu: 32.9% | epoch: 1 | remaining: 298s    
step 00020 (0.5%) | loss: 5.733406 | lrm: 1.00 | dt: 160ms | tok/sec: 1,641,767 | mfu: 39.7% | epoch: 1 | remaining: 298s    
step 00021 (0.6%) | loss: 5.693321 | lrm: 1.00 | dt: 181ms | tok/sec: 1,444,684 | mfu: 34.9% | epoch: 1 | remaining: 298s    
step 00022 (0.6%) | loss: 5.658341 | lrm: 1.00 | dt: 168ms | tok/sec: 1,559,004 | mfu: 37.7% | epoch: 1 | remaining: 298s    
step 00023 (0.7%) | loss: 5.624357 | lrm: 1.00 | dt: 185ms | tok/sec: 1,414,537 | mfu: 34.2% | epoch: 1 | remaining: 298s    
step 00024 (0.8%) | loss: 5.592673 | lrm: 1.00 | dt: 161ms | tok/sec: 1,628,334 | mfu: 39.3% | epoch: 1 | remaining: 298s    
step 00025 (0.8%) | loss: 5.560576 | lrm: 1.00 | dt: 166ms | tok/sec: 1,575,897 | mfu: 38.1% | epoch: 1 | remaining: 297s    
step 00026 (0.9%) | loss: 5.529568 | lrm: 1.00 | dt: 175ms | tok/sec: 1,494,283 | mfu: 36.1% | epoch: 1 | remaining: 297s    
step 00027 (0.9%) | loss: 5.499402 | lrm: 1.00 | dt: 204ms | tok/sec: 1,286,369 | mfu: 31.1% | epoch: 1 | remaining: 297s    
step 00028 (1.0%) | loss: 5.472954 | lrm: 1.00 | dt: 170ms | tok/sec: 1,538,372 | mfu: 37.2% | epoch: 1 | remaining: 297s    
step 00029 (1.0%) | loss: 5.446350 | lrm: 1.00 | dt: 185ms | tok/sec: 1,420,671 | mfu: 34.3% | epoch: 1 | remaining: 297s    
step 00030 (1.1%) | loss: 5.416591 | lrm: 1.00 | dt: 172ms | tok/sec: 1,522,437 | mfu: 36.8% | epoch: 1 | remaining: 297s    
step 00031 (1.2%) | loss: 5.390313 | lrm: 1.00 | dt: 189ms | tok/sec: 1,388,389 | mfu: 33.5% | epoch: 1 | remaining: 296s    
step 00032 (1.2%) | loss: 5.365228 | lrm: 1.00 | dt: 161ms | tok/sec: 1,627,156 | mfu: 39.3% | epoch: 1 | remaining: 296s    
step 00033 (1.3%) | loss: 5.340566 | lrm: 1.00 | dt: 167ms | tok/sec: 1,565,490 | mfu: 37.8% | epoch: 1 | remaining: 296s    
step 00034 (1.3%) | loss: 5.314773 | lrm: 1.00 | dt: 185ms | tok/sec: 1,413,399 | mfu: 34.1% | epoch: 1 | remaining: 296s    
step 00035 (1.4%) | loss: 5.287974 | lrm: 1.00 | dt: 160ms | tok/sec: 1,643,431 | mfu: 39.7% | epoch: 1 | remaining: 296s    
step 00036 (1.5%) | loss: 5.261779 | lrm: 1.00 | dt: 177ms | tok/sec: 1,480,269 | mfu: 35.8% | epoch: 1 | remaining: 295s    
step 00037 (1.5%) | loss: 5.236701 | lrm: 1.00 | dt: 168ms | tok/sec: 1,563,667 | mfu: 37.8% | epoch: 1 | remaining: 295s    
step 00038 (1.6%) | loss: 5.210084 | lrm: 1.00 | dt: 232ms | tok/sec: 1,130,068 | mfu: 27.3% | epoch: 1 | remaining: 295s    
step 00039 (1.6%) | loss: 5.184204 | lrm: 1.00 | dt: 159ms | tok/sec: 1,647,171 | mfu: 39.8% | epoch: 1 | remaining: 295s    
step 00040 (1.7%) | loss: 5.162174 | lrm: 1.00 | dt: 180ms | tok/sec: 1,458,176 | mfu: 35.2% | epoch: 1 | remaining: 295s    
step 00041 (1.8%) | loss: 5.136535 | lrm: 1.00 | dt: 159ms | tok/sec: 1,649,682 | mfu: 39.9% | epoch: 1 | remaining: 295s    
step 00042 (1.8%) | loss: 5.113738 | lrm: 1.00 | dt: 168ms | tok/sec: 1,560,161 | mfu: 37.7% | epoch: 1 | remaining: 294s    
step 00043 (1.9%) | loss: 5.087085 | lrm: 1.00 | dt: 225ms | tok/sec: 1,167,285 | mfu: 28.2% | epoch: 1 | remaining: 294s    
step 00044 (1.9%) | loss: 5.063000 | lrm: 1.00 | dt: 186ms | tok/sec: 1,406,433 | mfu: 34.0% | epoch: 1 | remaining: 294s    
step 00045 (2.0%) | loss: 5.041141 | lrm: 1.00 | dt: 165ms | tok/sec: 1,590,365 | mfu: 38.4% | epoch: 1 | remaining: 294s    
step 00046 (2.1%) | loss: 5.016506 | lrm: 1.00 | dt: 199ms | tok/sec: 1,319,542 | mfu: 31.9% | epoch: 1 | remaining: 294s    
step 00047 (2.1%) | loss: 4.990547 | lrm: 1.00 | dt: 158ms | tok/sec: 1,658,803 | mfu: 40.1% | epoch: 1 | remaining: 293s    
step 00048 (2.2%) | loss: 4.966182 | lrm: 1.00 | dt: 178ms | tok/sec: 1,473,204 | mfu: 35.6% | epoch: 1 | remaining: 293s    
step 00049 (2.2%) | loss: 4.938315 | lrm: 1.00 | dt: 160ms | tok/sec: 1,639,525 | mfu: 39.6% | epoch: 1 | remaining: 293s    
step 00050 (2.3%) | loss: 4.916812 | lrm: 1.00 | dt: 169ms | tok/sec: 1,549,050 | mfu: 37.4% | epoch: 1 | remaining: 293s    
step 00051 (2.3%) | loss: 4.891929 | lrm: 1.00 | dt: 181ms | tok/sec: 1,452,171 | mfu: 35.1% | epoch: 1 | remaining: 293s    
step 00052 (2.4%) | loss: 4.869214 | lrm: 1.00 | dt: 163ms | tok/sec: 1,611,074 | mfu: 38.9% | epoch: 1 | remaining: 293s    
step 00053 (2.5%) | loss: 4.845858 | lrm: 1.00 | dt: 163ms | tok/sec: 1,609,692 | mfu: 38.9% | epoch: 1 | remaining: 292s    
step 00054 (2.5%) | loss: 4.818624 | lrm: 1.00 | dt: 166ms | tok/sec: 1,577,156 | mfu: 38.1% | epoch: 1 | remaining: 292s    
step 00055 (2.6%) | loss: 4.796194 | lrm: 1.00 | dt: 193ms | tok/sec: 1,356,422 | mfu: 32.8% | epoch: 1 | remaining: 292s    
step 00056 (2.6%) | loss: 4.773917 | lrm: 1.00 | dt: 159ms | tok/sec: 1,647,015 | mfu: 39.8% | epoch: 1 | remaining: 292s    
step 00057 (2.7%) | loss: 4.751964 | lrm: 1.00 | dt: 168ms | tok/sec: 1,559,701 | mfu: 37.7% | epoch: 1 | remaining: 292s    
step 00058 (2.7%) | loss: 4.729523 | lrm: 1.00 | dt: 215ms | tok/sec: 1,220,372 | mfu: 29.5% | epoch: 1 | remaining: 292s    
step 00059 (2.8%) | loss: 4.708088 | lrm: 1.00 | dt: 159ms | tok/sec: 1,649,947 | mfu: 39.9% | epoch: 1 | remaining: 291s    
step 00060 (2.9%) | loss: 4.688910 | lrm: 1.00 | dt: 183ms | tok/sec: 1,428,792 | mfu: 34.5% | epoch: 1 | remaining: 291s    
step 00061 (2.9%) | loss: 4.664917 | lrm: 1.00 | dt: 203ms | tok/sec: 1,291,032 | mfu: 31.2% | epoch: 1 | remaining: 291s    
step 00062 (3.0%) | loss: 4.641668 | lrm: 1.00 | dt: 170ms | tok/sec: 1,542,503 | mfu: 37.3% | epoch: 1 | remaining: 291s    
step 00063 (3.1%) | loss: 4.618889 | lrm: 1.00 | dt: 236ms | tok/sec: 1,111,850 | mfu: 26.9% | epoch: 1 | remaining: 291s    
step 00064 (3.1%) | loss: 4.595299 | lrm: 1.00 | dt: 159ms | tok/sec: 1,648,364 | mfu: 39.8% | epoch: 1 | remaining: 290s    
step 00065 (3.2%) | loss: 4.570038 | lrm: 1.00 | dt: 181ms | tok/sec: 1,449,439 | mfu: 35.0% | epoch: 1 | remaining: 290s    
step 00066 (3.2%) | loss: 4.548906 | lrm: 1.00 | dt: 160ms | tok/sec: 1,643,070 | mfu: 39.7% | epoch: 1 | remaining: 290s    
step 00067 (3.3%) | loss: 4.527937 | lrm: 1.00 | dt: 209ms | tok/sec: 1,257,076 | mfu: 30.4% | epoch: 1 | remaining: 290s    
step 00068 (3.4%) | loss: 4.502916 | lrm: 1.00 | dt: 160ms | tok/sec: 1,634,152 | mfu: 39.5% | epoch: 1 | remaining: 290s    
step 00069 (3.4%) | loss: 4.477704 | lrm: 1.00 | dt: 169ms | tok/sec: 1,555,667 | mfu: 37.6% | epoch: 1 | remaining: 290s    
step 00070 (3.5%) | loss: 4.453524 | lrm: 1.00 | dt: 170ms | tok/sec: 1,540,933 | mfu: 37.2% | epoch: 1 | remaining: 289s    
step 00071 (3.5%) | loss: 4.433301 | lrm: 1.00 | dt: 217ms | tok/sec: 1,207,864 | mfu: 29.2% | epoch: 1 | remaining: 289s    
step 00072 (3.6%) | loss: 4.412309 | lrm: 1.00 | dt: 250ms | tok/sec: 1,047,046 | mfu: 25.3% | epoch: 1 | remaining: 289s    
step 00073 (3.7%) | loss: 4.391523 | lrm: 1.00 | dt: 177ms | tok/sec: 1,477,054 | mfu: 35.7% | epoch: 1 | remaining: 289s    
step 00074 (3.7%) | loss: 4.374102 | lrm: 1.00 | dt: 197ms | tok/sec: 1,330,404 | mfu: 32.1% | epoch: 1 | remaining: 289s    
step 00075 (3.8%) | loss: 4.354386 | lrm: 1.00 | dt: 159ms | tok/sec: 1,648,505 | mfu: 39.8% | epoch: 1 | remaining: 288s    
step 00076 (3.9%) | loss: 4.334259 | lrm: 1.00 | dt: 192ms | tok/sec: 1,364,334 | mfu: 33.0% | epoch: 1 | remaining: 288s    
step 00077 (3.9%) | loss: 4.315031 | lrm: 1.00 | dt: 160ms | tok/sec: 1,637,923 | mfu: 39.6% | epoch: 1 | remaining: 288s    
step 00078 (4.0%) | loss: 4.298625 | lrm: 1.00 | dt: 162ms | tok/sec: 1,614,324 | mfu: 39.0% | epoch: 1 | remaining: 288s    
step 00079 (4.0%) | loss: 4.281306 | lrm: 1.00 | dt: 180ms | tok/sec: 1,453,995 | mfu: 35.1% | epoch: 1 | remaining: 288s    
step 00080 (4.1%) | loss: 4.258844 | lrm: 1.00 | dt: 166ms | tok/sec: 1,583,183 | mfu: 38.3% | epoch: 1 | remaining: 288s    
step 00081 (4.2%) | loss: 4.238077 | lrm: 1.00 | dt: 170ms | tok/sec: 1,541,622 | mfu: 37.2% | epoch: 1 | remaining: 287s    
step 00082 (4.2%) | loss: 4.214701 | lrm: 1.00 | dt: 166ms | tok/sec: 1,580,255 | mfu: 38.2% | epoch: 1 | remaining: 287s    
step 00083 (4.3%) | loss: 4.195767 | lrm: 1.00 | dt: 184ms | tok/sec: 1,421,442 | mfu: 34.3% | epoch: 1 | remaining: 287s    
step 00084 (4.3%) | loss: 4.178394 | lrm: 1.00 | dt: 172ms | tok/sec: 1,522,276 | mfu: 36.8% | epoch: 1 | remaining: 287s    
step 00085 (4.4%) | loss: 4.161918 | lrm: 1.00 | dt: 198ms | tok/sec: 1,321,226 | mfu: 31.9% | epoch: 1 | remaining: 287s    
step 00086 (4.5%) | loss: 4.146582 | lrm: 1.00 | dt: 301ms | tok/sec: 870,234 | mfu: 21.0% | epoch: 1 | remaining: 286s    
step 00087 (4.6%) | loss: 4.129051 | lrm: 1.00 | dt: 172ms | tok/sec: 1,525,711 | mfu: 36.9% | epoch: 1 | remaining: 286s    
step 00088 (4.6%) | loss: 4.108376 | lrm: 1.00 | dt: 219ms | tok/sec: 1,196,551 | mfu: 28.9% | epoch: 1 | remaining: 286s    
step 00089 (4.7%) | loss: 4.093081 | lrm: 1.00 | dt: 236ms | tok/sec: 1,112,470 | mfu: 26.9% | epoch: 1 | remaining: 286s    
step 00090 (4.8%) | loss: 4.075693 | lrm: 1.00 | dt: 248ms | tok/sec: 1,055,374 | mfu: 25.5% | epoch: 1 | remaining: 285s    
step 00091 (4.8%) | loss: 4.062375 | lrm: 1.00 | dt: 159ms | tok/sec: 1,652,369 | mfu: 39.9% | epoch: 1 | remaining: 285s    
step 00092 (4.9%) | loss: 4.044192 | lrm: 1.00 | dt: 182ms | tok/sec: 1,443,453 | mfu: 34.9% | epoch: 1 | remaining: 285s    
step 00093 (5.0%) | loss: 4.029488 | lrm: 1.00 | dt: 177ms | tok/sec: 1,477,387 | mfu: 35.7% | epoch: 1 | remaining: 285s    
step 00094 (5.0%) | loss: 4.011592 | lrm: 1.00 | dt: 183ms | tok/sec: 1,434,042 | mfu: 34.6% | epoch: 1 | remaining: 285s    
step 00095 (5.1%) | loss: 3.986897 | lrm: 1.00 | dt: 195ms | tok/sec: 1,343,553 | mfu: 32.5% | epoch: 1 | remaining: 285s    
step 00096 (5.1%) | loss: 3.970338 | lrm: 1.00 | dt: 204ms | tok/sec: 1,285,213 | mfu: 31.1% | epoch: 1 | remaining: 284s    
step 00097 (5.2%) | loss: 3.961268 | lrm: 1.00 | dt: 181ms | tok/sec: 1,448,572 | mfu: 35.0% | epoch: 1 | remaining: 284s    
step 00098 (5.3%) | loss: 3.949960 | lrm: 1.00 | dt: 159ms | tok/sec: 1,652,431 | mfu: 39.9% | epoch: 1 | remaining: 284s    
step 00099 (5.3%) | loss: 3.938252 | lrm: 1.00 | dt: 178ms | tok/sec: 1,476,145 | mfu: 35.7% | epoch: 1 | remaining: 284s    
step 00100 (5.4%) | loss: 3.925008 | lrm: 1.00 | dt: 167ms | tok/sec: 1,565,395 | mfu: 37.8% | epoch: 1 | remaining: 284s    
step 00101 (5.4%) | loss: 3.909960 | lrm: 1.00 | dt: 170ms | tok/sec: 1,541,378 | mfu: 37.2% | epoch: 1 | remaining: 284s    
step 00102 (5.5%) | loss: 3.896531 | lrm: 1.00 | dt: 208ms | tok/sec: 1,257,802 | mfu: 30.4% | epoch: 1 | remaining: 283s    
step 00103 (5.6%) | loss: 3.885951 | lrm: 1.00 | dt: 177ms | tok/sec: 1,482,890 | mfu: 35.8% | epoch: 1 | remaining: 283s    
step 00104 (5.6%) | loss: 3.873446 | lrm: 1.00 | dt: 186ms | tok/sec: 1,411,166 | mfu: 34.1% | epoch: 1 | remaining: 283s    
step 00105 (5.7%) | loss: 3.860589 | lrm: 1.00 | dt: 160ms | tok/sec: 1,640,034 | mfu: 39.6% | epoch: 1 | remaining: 283s    
step 00106 (5.7%) | loss: 3.849439 | lrm: 1.00 | dt: 161ms | tok/sec: 1,626,217 | mfu: 39.3% | epoch: 1 | remaining: 283s    
step 00107 (5.8%) | loss: 3.840428 | lrm: 1.00 | dt: 162ms | tok/sec: 1,616,909 | mfu: 39.1% | epoch: 1 | remaining: 282s    
step 00108 (5.8%) | loss: 3.832562 | lrm: 1.00 | dt: 174ms | tok/sec: 1,508,447 | mfu: 36.4% | epoch: 1 | remaining: 282s    
step 00109 (5.9%) | loss: 3.823396 | lrm: 1.00 | dt: 173ms | tok/sec: 1,517,176 | mfu: 36.7% | epoch: 1 | remaining: 282s    
step 00110 (6.0%) | loss: 3.816582 | lrm: 1.00 | dt: 183ms | tok/sec: 1,433,374 | mfu: 34.6% | epoch: 1 | remaining: 282s    
step 00111 (6.0%) | loss: 3.807114 | lrm: 1.00 | dt: 183ms | tok/sec: 1,435,056 | mfu: 34.7% | epoch: 1 | remaining: 282s    
step 00112 (6.1%) | loss: 3.795764 | lrm: 1.00 | dt: 160ms | tok/sec: 1,636,577 | mfu: 39.5% | epoch: 1 | remaining: 282s    
step 00113 (6.1%) | loss: 3.790794 | lrm: 1.00 | dt: 199ms | tok/sec: 1,315,956 | mfu: 31.8% | epoch: 1 | remaining: 281s    
step 00114 (6.2%) | loss: 3.781686 | lrm: 1.00 | dt: 177ms | tok/sec: 1,479,624 | mfu: 35.7% | epoch: 1 | remaining: 281s    
step 00115 (6.3%) | loss: 3.773962 | lrm: 1.00 | dt: 161ms | tok/sec: 1,631,492 | mfu: 39.4% | epoch: 1 | remaining: 281s    
step 00116 (6.3%) | loss: 3.764484 | lrm: 1.00 | dt: 177ms | tok/sec: 1,481,560 | mfu: 35.8% | epoch: 1 | remaining: 281s    
step 00117 (6.4%) | loss: 3.754397 | lrm: 1.00 | dt: 168ms | tok/sec: 1,556,511 | mfu: 37.6% | epoch: 1 | remaining: 281s    
step 00118 (6.4%) | loss: 3.748769 | lrm: 1.00 | dt: 172ms | tok/sec: 1,524,514 | mfu: 36.8% | epoch: 1 | remaining: 281s    
step 00119 (6.5%) | loss: 3.744545 | lrm: 1.00 | dt: 164ms | tok/sec: 1,599,389 | mfu: 38.6% | epoch: 1 | remaining: 280s    
step 00120 (6.5%) | loss: 3.735638 | lrm: 1.00 | dt: 166ms | tok/sec: 1,576,344 | mfu: 38.1% | epoch: 1 | remaining: 280s    
step 00121 (6.6%) | loss: 3.729589 | lrm: 1.00 | dt: 166ms | tok/sec: 1,579,873 | mfu: 38.2% | epoch: 1 | remaining: 280s    
step 00122 (6.7%) | loss: 3.721827 | lrm: 1.00 | dt: 179ms | tok/sec: 1,464,636 | mfu: 35.4% | epoch: 1 | remaining: 280s    
step 00123 (6.7%) | loss: 3.712603 | lrm: 1.00 | dt: 197ms | tok/sec: 1,330,158 | mfu: 32.1% | epoch: 1 | remaining: 280s    
step 00124 (6.8%) | loss: 3.709739 | lrm: 1.00 | dt: 160ms | tok/sec: 1,638,428 | mfu: 39.6% | epoch: 1 | remaining: 280s    
step 00125 (6.8%) | loss: 3.706896 | lrm: 1.00 | dt: 172ms | tok/sec: 1,524,304 | mfu: 36.8% | epoch: 1 | remaining: 279s    
step 00126 (6.9%) | loss: 3.699832 | lrm: 1.00 | dt: 161ms | tok/sec: 1,627,514 | mfu: 39.3% | epoch: 1 | remaining: 279s    
step 00127 (6.9%) | loss: 3.695099 | lrm: 1.00 | dt: 191ms | tok/sec: 1,373,955 | mfu: 33.2% | epoch: 1 | remaining: 279s    
step 00128 (7.0%) | loss: 3.685427 | lrm: 1.00 | dt: 159ms | tok/sec: 1,645,662 | mfu: 39.8% | epoch: 1 | remaining: 279s    
step 00129 (7.1%) | loss: 3.679614 | lrm: 1.00 | dt: 170ms | tok/sec: 1,543,375 | mfu: 37.3% | epoch: 1 | remaining: 279s    
step 00130 (7.1%) | loss: 3.672973 | lrm: 1.00 | dt: 194ms | tok/sec: 1,348,415 | mfu: 32.6% | epoch: 1 | remaining: 278s    
step 00131 (7.2%) | loss: 3.662106 | lrm: 1.00 | dt: 164ms | tok/sec: 1,603,319 | mfu: 38.7% | epoch: 1 | remaining: 278s    
step 00132 (7.2%) | loss: 3.659581 | lrm: 1.00 | dt: 172ms | tok/sec: 1,526,688 | mfu: 36.9% | epoch: 1 | remaining: 278s    
step 00133 (7.3%) | loss: 3.656623 | lrm: 1.00 | dt: 177ms | tok/sec: 1,479,108 | mfu: 35.7% | epoch: 1 | remaining: 278s    
step 00134 (7.4%) | loss: 3.656496 | lrm: 1.00 | dt: 165ms | tok/sec: 1,587,013 | mfu: 38.3% | epoch: 1 | remaining: 278s    
step 00135 (7.4%) | loss: 3.653041 | lrm: 1.00 | dt: 188ms | tok/sec: 1,390,873 | mfu: 33.6% | epoch: 1 | remaining: 278s    
step 00136 (7.5%) | loss: 3.650528 | lrm: 1.00 | dt: 158ms | tok/sec: 1,659,913 | mfu: 40.1% | epoch: 1 | remaining: 277s    
step 00137 (7.5%) | loss: 3.648293 | lrm: 1.00 | dt: 230ms | tok/sec: 1,139,984 | mfu: 27.5% | epoch: 1 | remaining: 277s    
step 00138 (7.6%) | loss: 3.644269 | lrm: 1.00 | dt: 162ms | tok/sec: 1,619,243 | mfu: 39.1% | epoch: 1 | remaining: 277s    
step 00139 (7.7%) | loss: 3.640941 | lrm: 1.00 | dt: 181ms | tok/sec: 1,449,013 | mfu: 35.0% | epoch: 1 | remaining: 277s    
step 00140 (7.7%) | loss: 3.634369 | lrm: 1.00 | dt: 159ms | tok/sec: 1,650,192 | mfu: 39.9% | epoch: 1 | remaining: 277s    
step 00141 (7.8%) | loss: 3.628939 | lrm: 1.00 | dt: 188ms | tok/sec: 1,395,774 | mfu: 33.7% | epoch: 1 | remaining: 277s    
step 00142 (7.8%) | loss: 3.620980 | lrm: 1.00 | dt: 185ms | tok/sec: 1,414,723 | mfu: 34.2% | epoch: 1 | remaining: 276s    
step 00143 (7.9%) | loss: 3.621227 | lrm: 1.00 | dt: 175ms | tok/sec: 1,497,521 | mfu: 36.2% | epoch: 1 | remaining: 276s    
step 00144 (8.0%) | loss: 3.609130 | lrm: 1.00 | dt: 188ms | tok/sec: 1,391,001 | mfu: 33.6% | epoch: 1 | remaining: 276s    
step 00145 (8.0%) | loss: 3.604021 | lrm: 1.00 | dt: 168ms | tok/sec: 1,558,017 | mfu: 37.6% | epoch: 1 | remaining: 276s    
step 00146 (8.1%) | loss: 3.605046 | lrm: 1.00 | dt: 176ms | tok/sec: 1,488,652 | mfu: 36.0% | epoch: 1 | remaining: 276s    
step 00147 (8.1%) | loss: 3.594498 | lrm: 1.00 | dt: 183ms | tok/sec: 1,428,839 | mfu: 34.5% | epoch: 1 | remaining: 275s    
step 00148 (8.2%) | loss: 3.593251 | lrm: 1.00 | dt: 167ms | tok/sec: 1,571,637 | mfu: 38.0% | epoch: 1 | remaining: 275s    
step 00149 (8.2%) | loss: 3.586543 | lrm: 1.00 | dt: 170ms | tok/sec: 1,539,535 | mfu: 37.2% | epoch: 1 | remaining: 275s    
step 00150 (8.3%) | loss: 3.582733 | lrm: 1.00 | dt: 179ms | tok/sec: 1,462,892 | mfu: 35.3% | epoch: 1 | remaining: 275s    
step 00151 (8.4%) | loss: 3.582268 | lrm: 1.00 | dt: 178ms | tok/sec: 1,469,399 | mfu: 35.5% | epoch: 1 | remaining: 275s    
step 00152 (8.4%) | loss: 3.578984 | lrm: 1.00 | dt: 239ms | tok/sec: 1,096,961 | mfu: 26.5% | epoch: 1 | remaining: 274s    
step 00153 (8.5%) | loss: 3.577198 | lrm: 1.00 | dt: 188ms | tok/sec: 1,392,918 | mfu: 33.7% | epoch: 1 | remaining: 274s    
step 00154 (8.6%) | loss: 3.576274 | lrm: 1.00 | dt: 159ms | tok/sec: 1,646,009 | mfu: 39.8% | epoch: 1 | remaining: 274s    
step 00155 (8.6%) | loss: 3.577657 | lrm: 1.00 | dt: 175ms | tok/sec: 1,496,437 | mfu: 36.2% | epoch: 1 | remaining: 274s    
step 00156 (8.7%) | loss: 3.578748 | lrm: 1.00 | dt: 160ms | tok/sec: 1,638,765 | mfu: 39.6% | epoch: 1 | remaining: 274s    
step 00157 (8.7%) | loss: 3.569519 | lrm: 1.00 | dt: 189ms | tok/sec: 1,386,526 | mfu: 33.5% | epoch: 1 | remaining: 274s    
step 00158 (8.8%) | loss: 3.563193 | lrm: 1.00 | dt: 177ms | tok/sec: 1,478,362 | mfu: 35.7% | epoch: 1 | remaining: 273s    
step 00159 (8.8%) | loss: 3.559848 | lrm: 1.00 | dt: 180ms | tok/sec: 1,455,500 | mfu: 35.2% | epoch: 1 | remaining: 273s    
step 00160 (8.9%) | loss: 3.555612 | lrm: 1.00 | dt: 184ms | tok/sec: 1,424,062 | mfu: 34.4% | epoch: 1 | remaining: 273s    
step 00161 (9.0%) | loss: 3.550611 | lrm: 1.00 | dt: 160ms | tok/sec: 1,641,133 | mfu: 39.7% | epoch: 1 | remaining: 273s    
step 00162 (9.0%) | loss: 3.548335 | lrm: 1.00 | dt: 161ms | tok/sec: 1,628,985 | mfu: 39.4% | epoch: 1 | remaining: 273s    
step 00163 (9.1%) | loss: 3.543756 | lrm: 1.00 | dt: 181ms | tok/sec: 1,448,509 | mfu: 35.0% | epoch: 1 | remaining: 273s    
step 00164 (9.1%) | loss: 3.543389 | lrm: 1.00 | dt: 163ms | tok/sec: 1,612,177 | mfu: 39.0% | epoch: 1 | remaining: 272s    
step 00165 (9.2%) | loss: 3.539913 | lrm: 1.00 | dt: 197ms | tok/sec: 1,327,766 | mfu: 32.1% | epoch: 1 | remaining: 272s    
step 00166 (9.3%) | loss: 3.539914 | lrm: 1.00 | dt: 183ms | tok/sec: 1,433,021 | mfu: 34.6% | epoch: 1 | remaining: 272s    
step 00167 (9.3%) | loss: 3.536289 | lrm: 1.00 | dt: 160ms | tok/sec: 1,636,073 | mfu: 39.5% | epoch: 1 | remaining: 272s    
step 00168 (9.4%) | loss: 3.531167 | lrm: 1.00 | dt: 193ms | tok/sec: 1,356,877 | mfu: 32.8% | epoch: 1 | remaining: 272s    
step 00169 (9.4%) | loss: 3.527913 | lrm: 1.00 | dt: 160ms | tok/sec: 1,639,679 | mfu: 39.6% | epoch: 1 | remaining: 272s    
step 00170 (9.5%) | loss: 3.521394 | lrm: 1.00 | dt: 236ms | tok/sec: 1,109,365 | mfu: 26.8% | epoch: 1 | remaining: 271s    
step 00171 (9.6%) | loss: 3.524616 | lrm: 1.00 | dt: 157ms | tok/sec: 1,667,508 | mfu: 40.3% | epoch: 1 | remaining: 271s    
step 00172 (9.6%) | loss: 3.524546 | lrm: 1.00 | dt: 203ms | tok/sec: 1,290,262 | mfu: 31.2% | epoch: 1 | remaining: 271s    
step 00173 (9.7%) | loss: 3.523019 | lrm: 1.00 | dt: 158ms | tok/sec: 1,661,099 | mfu: 40.1% | epoch: 1 | remaining: 271s    
step 00174 (9.7%) | loss: 3.520724 | lrm: 1.00 | dt: 161ms | tok/sec: 1,624,228 | mfu: 39.2% | epoch: 1 | remaining: 271s    
step 00175 (9.8%) | loss: 3.518399 | lrm: 1.00 | dt: 188ms | tok/sec: 1,393,861 | mfu: 33.7% | epoch: 1 | remaining: 270s    
step 00176 (9.9%) | loss: 3.517916 | lrm: 1.00 | dt: 167ms | tok/sec: 1,565,199 | mfu: 37.8% | epoch: 1 | remaining: 270s    
step 00177 (9.9%) | loss: 3.510700 | lrm: 1.00 | dt: 257ms | tok/sec: 1,018,212 | mfu: 24.6% | epoch: 1 | remaining: 270s    
step 00178 (10.0%) | loss: 3.511304 | lrm: 1.00 | dt: 160ms | tok/sec: 1,635,012 | mfu: 39.5% | epoch: 1 | remaining: 270s    
step 00179 (10.1%) | loss: 3.504460 | lrm: 1.00 | dt: 241ms | tok/sec: 1,087,760 | mfu: 26.3% | epoch: 1 | remaining: 270s    
step 00180 (10.1%) | loss: 3.498969 | lrm: 1.00 | dt: 185ms | tok/sec: 1,413,801 | mfu: 34.2% | epoch: 1 | remaining: 269s    
step 00181 (10.2%) | loss: 3.498074 | lrm: 1.00 | dt: 199ms | tok/sec: 1,320,401 | mfu: 31.9% | epoch: 1 | remaining: 269s    
step 00182 (10.3%) | loss: 3.497776 | lrm: 1.00 | dt: 179ms | tok/sec: 1,462,178 | mfu: 35.3% | epoch: 1 | remaining: 269s    
step 00183 (10.3%) | loss: 3.494530 | lrm: 1.00 | dt: 161ms | tok/sec: 1,625,529 | mfu: 39.3% | epoch: 1 | remaining: 269s    
step 00184 (10.4%) | loss: 3.489851 | lrm: 1.00 | dt: 178ms | tok/sec: 1,469,110 | mfu: 35.5% | epoch: 1 | remaining: 269s    
step 00185 (10.4%) | loss: 3.484611 | lrm: 1.00 | dt: 164ms | tok/sec: 1,595,046 | mfu: 38.5% | epoch: 1 | remaining: 269s    
step 00186 (10.5%) | loss: 3.484271 | lrm: 1.00 | dt: 201ms | tok/sec: 1,305,423 | mfu: 31.5% | epoch: 1 | remaining: 268s    
step 00187 (10.6%) | loss: 3.484624 | lrm: 1.00 | dt: 160ms | tok/sec: 1,635,812 | mfu: 39.5% | epoch: 1 | remaining: 268s    
step 00188 (10.6%) | loss: 3.482048 | lrm: 1.00 | dt: 162ms | tok/sec: 1,618,437 | mfu: 39.1% | epoch: 1 | remaining: 268s    
step 00189 (10.7%) | loss: 3.480692 | lrm: 1.00 | dt: 192ms | tok/sec: 1,362,135 | mfu: 32.9% | epoch: 1 | remaining: 268s    
step 00190 (10.7%) | loss: 3.481817 | lrm: 1.00 | dt: 168ms | tok/sec: 1,558,284 | mfu: 37.7% | epoch: 1 | remaining: 268s    
step 00191 (10.8%) | loss: 3.481990 | lrm: 1.00 | dt: 177ms | tok/sec: 1,485,126 | mfu: 35.9% | epoch: 1 | remaining: 267s    
step 00192 (10.8%) | loss: 3.482257 | lrm: 1.00 | dt: 169ms | tok/sec: 1,554,460 | mfu: 37.6% | epoch: 1 | remaining: 267s    
step 00193 (10.9%) | loss: 3.484303 | lrm: 1.00 | dt: 182ms | tok/sec: 1,441,196 | mfu: 34.8% | epoch: 1 | remaining: 267s    
step 00194 (11.0%) | loss: 3.479133 | lrm: 1.00 | dt: 160ms | tok/sec: 1,638,357 | mfu: 39.6% | epoch: 1 | remaining: 267s    
step 00195 (11.0%) | loss: 3.473840 | lrm: 1.00 | dt: 174ms | tok/sec: 1,510,116 | mfu: 36.5% | epoch: 1 | remaining: 267s    
step 00196 (11.1%) | loss: 3.471827 | lrm: 1.00 | dt: 191ms | tok/sec: 1,368,975 | mfu: 33.1% | epoch: 1 | remaining: 267s    
step 00197 (11.1%) | loss: 3.472494 | lrm: 1.00 | dt: 189ms | tok/sec: 1,383,478 | mfu: 33.4% | epoch: 1 | remaining: 266s    
step 00198 (11.2%) | loss: 3.468122 | lrm: 1.00 | dt: 192ms | tok/sec: 1,364,752 | mfu: 33.0% | epoch: 1 | remaining: 266s    
step 00199 (11.3%) | loss: 3.465001 | lrm: 1.00 | dt: 173ms | tok/sec: 1,519,182 | mfu: 36.7% | epoch: 1 | remaining: 266s    
step 00200 (11.3%) | loss: 3.463193 | lrm: 1.00 | dt: 196ms | tok/sec: 1,339,884 | mfu: 32.4% | epoch: 1 | remaining: 266s    
step 00201 (11.4%) | loss: 3.461695 | lrm: 1.00 | dt: 166ms | tok/sec: 1,574,845 | mfu: 38.1% | epoch: 1 | remaining: 266s    
step 00202 (11.4%) | loss: 3.459674 | lrm: 1.00 | dt: 196ms | tok/sec: 1,338,587 | mfu: 32.3% | epoch: 1 | remaining: 265s    
step 00203 (11.5%) | loss: 3.453639 | lrm: 1.00 | dt: 161ms | tok/sec: 1,626,215 | mfu: 39.3% | epoch: 1 | remaining: 265s    
step 00204 (11.6%) | loss: 3.449343 | lrm: 1.00 | dt: 171ms | tok/sec: 1,531,688 | mfu: 37.0% | epoch: 1 | remaining: 265s    
step 00205 (11.6%) | loss: 3.447292 | lrm: 1.00 | dt: 166ms | tok/sec: 1,578,456 | mfu: 38.1% | epoch: 1 | remaining: 265s    
step 00206 (11.7%) | loss: 3.443084 | lrm: 1.00 | dt: 166ms | tok/sec: 1,581,116 | mfu: 38.2% | epoch: 1 | remaining: 265s    
step 00207 (11.7%) | loss: 3.442519 | lrm: 1.00 | dt: 195ms | tok/sec: 1,344,400 | mfu: 32.5% | epoch: 1 | remaining: 265s    
step 00208 (11.8%) | loss: 3.431009 | lrm: 1.00 | dt: 198ms | tok/sec: 1,323,730 | mfu: 32.0% | epoch: 1 | remaining: 264s    
step 00209 (11.9%) | loss: 3.423030 | lrm: 1.00 | dt: 189ms | tok/sec: 1,389,767 | mfu: 33.6% | epoch: 1 | remaining: 264s    
step 00210 (11.9%) | loss: 3.419355 | lrm: 1.00 | dt: 170ms | tok/sec: 1,540,976 | mfu: 37.2% | epoch: 1 | remaining: 264s    
step 00211 (12.0%) | loss: 3.421127 | lrm: 1.00 | dt: 188ms | tok/sec: 1,393,222 | mfu: 33.7% | epoch: 1 | remaining: 264s    
step 00212 (12.0%) | loss: 3.418294 | lrm: 1.00 | dt: 187ms | tok/sec: 1,405,097 | mfu: 33.9% | epoch: 1 | remaining: 264s    
step 00213 (12.1%) | loss: 3.420767 | lrm: 1.00 | dt: 161ms | tok/sec: 1,627,030 | mfu: 39.3% | epoch: 1 | remaining: 264s    
step 00214 (12.2%) | loss: 3.418656 | lrm: 1.00 | dt: 178ms | tok/sec: 1,473,479 | mfu: 35.6% | epoch: 1 | remaining: 263s    
step 00215 (12.2%) | loss: 3.415191 | lrm: 1.00 | dt: 277ms | tok/sec: 946,965 | mfu: 22.9% | epoch: 1 | remaining: 263s    
step 00216 (12.3%) | loss: 3.416347 | lrm: 1.00 | dt: 226ms | tok/sec: 1,160,438 | mfu: 28.0% | epoch: 1 | remaining: 263s    
step 00217 (12.4%) | loss: 3.417837 | lrm: 1.00 | dt: 159ms | tok/sec: 1,651,218 | mfu: 39.9% | epoch: 1 | remaining: 263s    
step 00218 (12.4%) | loss: 3.418327 | lrm: 1.00 | dt: 221ms | tok/sec: 1,185,700 | mfu: 28.6% | epoch: 1 | remaining: 262s    
step 00219 (12.5%) | loss: 3.413033 | lrm: 1.00 | dt: 177ms | tok/sec: 1,481,208 | mfu: 35.8% | epoch: 1 | remaining: 262s    
step 00220 (12.6%) | loss: 3.413646 | lrm: 1.00 | dt: 160ms | tok/sec: 1,636,613 | mfu: 39.5% | epoch: 1 | remaining: 262s    
step 00221 (12.6%) | loss: 3.413550 | lrm: 1.00 | dt: 171ms | tok/sec: 1,537,077 | mfu: 37.1% | epoch: 1 | remaining: 262s    
step 00222 (12.7%) | loss: 3.410459 | lrm: 1.00 | dt: 160ms | tok/sec: 1,637,033 | mfu: 39.6% | epoch: 1 | remaining: 262s    
step 00223 (12.7%) | loss: 3.412419 | lrm: 1.00 | dt: 160ms | tok/sec: 1,641,402 | mfu: 39.7% | epoch: 1 | remaining: 262s    
step 00224 (12.8%) | loss: 3.416009 | lrm: 1.00 | dt: 177ms | tok/sec: 1,478,227 | mfu: 35.7% | epoch: 1 | remaining: 261s    
step 00225 (12.8%) | loss: 3.416261 | lrm: 1.00 | dt: 194ms | tok/sec: 1,352,524 | mfu: 32.7% | epoch: 1 | remaining: 261s    
step 00226 (12.9%) | loss: 3.416095 | lrm: 1.00 | dt: 180ms | tok/sec: 1,457,208 | mfu: 35.2% | epoch: 1 | remaining: 261s    
step 00227 (13.0%) | loss: 3.412078 | lrm: 1.00 | dt: 178ms | tok/sec: 1,474,645 | mfu: 35.6% | epoch: 1 | remaining: 261s    
step 00228 (13.0%) | loss: 3.414808 | lrm: 1.00 | dt: 209ms | tok/sec: 1,254,557 | mfu: 30.3% | epoch: 1 | remaining: 261s    
step 00229 (13.1%) | loss: 3.409199 | lrm: 1.00 | dt: 164ms | tok/sec: 1,598,722 | mfu: 38.6% | epoch: 1 | remaining: 261s    
step 00230 (13.2%) | loss: 3.414663 | lrm: 1.00 | dt: 186ms | tok/sec: 1,406,472 | mfu: 34.0% | epoch: 1 | remaining: 260s    
step 00231 (13.2%) | loss: 3.414990 | lrm: 1.00 | dt: 159ms | tok/sec: 1,645,211 | mfu: 39.8% | epoch: 1 | remaining: 260s    
step 00232 (13.3%) | loss: 3.413383 | lrm: 1.00 | dt: 165ms | tok/sec: 1,590,852 | mfu: 38.4% | epoch: 1 | remaining: 260s    
step 00233 (13.3%) | loss: 3.409886 | lrm: 1.00 | dt: 173ms | tok/sec: 1,513,734 | mfu: 36.6% | epoch: 1 | remaining: 260s    
step 00234 (13.4%) | loss: 3.404761 | lrm: 1.00 | dt: 278ms | tok/sec: 944,619 | mfu: 22.8% | epoch: 1 | remaining: 260s    
step 00235 (13.5%) | loss: 3.407339 | lrm: 1.00 | dt: 185ms | tok/sec: 1,420,788 | mfu: 34.3% | epoch: 1 | remaining: 259s    
step 00236 (13.5%) | loss: 3.411712 | lrm: 1.00 | dt: 167ms | tok/sec: 1,566,760 | mfu: 37.9% | epoch: 1 | remaining: 259s    
step 00237 (13.6%) | loss: 3.411931 | lrm: 1.00 | dt: 172ms | tok/sec: 1,527,585 | mfu: 36.9% | epoch: 1 | remaining: 259s    
step 00238 (13.6%) | loss: 3.406908 | lrm: 1.00 | dt: 187ms | tok/sec: 1,401,848 | mfu: 33.9% | epoch: 1 | remaining: 259s    
step 00239 (13.7%) | loss: 3.403670 | lrm: 1.00 | dt: 161ms | tok/sec: 1,626,768 | mfu: 39.3% | epoch: 1 | remaining: 259s    
step 00240 (13.8%) | loss: 3.403714 | lrm: 1.00 | dt: 185ms | tok/sec: 1,414,353 | mfu: 34.2% | epoch: 1 | remaining: 259s    
step 00241 (13.8%) | loss: 3.403143 | lrm: 1.00 | dt: 162ms | tok/sec: 1,618,881 | mfu: 39.1% | epoch: 1 | remaining: 258s    
step 00242 (13.9%) | loss: 3.404653 | lrm: 1.00 | dt: 172ms | tok/sec: 1,522,144 | mfu: 36.8% | epoch: 1 | remaining: 258s    
step 00243 (13.9%) | loss: 3.400224 | lrm: 1.00 | dt: 160ms | tok/sec: 1,640,807 | mfu: 39.6% | epoch: 1 | remaining: 258s    
step 00244 (14.0%) | loss: 3.390140 | lrm: 1.00 | dt: 185ms | tok/sec: 1,414,204 | mfu: 34.2% | epoch: 1 | remaining: 258s    
step 00245 (14.1%) | loss: 3.383289 | lrm: 1.00 | dt: 169ms | tok/sec: 1,554,934 | mfu: 37.6% | epoch: 1 | remaining: 258s    
step 00246 (14.1%) | loss: 3.380393 | lrm: 1.00 | dt: 165ms | tok/sec: 1,584,861 | mfu: 38.3% | epoch: 1 | remaining: 258s    
step 00247 (14.2%) | loss: 3.379582 | lrm: 1.00 | dt: 229ms | tok/sec: 1,145,705 | mfu: 27.7% | epoch: 1 | remaining: 257s    
step 00248 (14.2%) | loss: 3.378634 | lrm: 1.00 | dt: 175ms | tok/sec: 1,498,547 | mfu: 36.2% | epoch: 1 | remaining: 257s    
step 00249 (14.3%) | loss: 3.381687 | lrm: 1.00 | dt: 172ms | tok/sec: 1,524,662 | mfu: 36.8% | epoch: 1 | remaining: 257s    
step 00250 (14.4%) | loss: 3.382344 | lrm: 1.00 | dt: 165ms | tok/sec: 1,592,269 | mfu: 38.5% | epoch: 1 | remaining: 257s    
step 00251 (14.4%) | loss: 3.383071 | lrm: 1.00 | dt: 194ms | tok/sec: 1,350,490 | mfu: 32.6% | epoch: 1 | remaining: 257s    
step 00252 (14.5%) | loss: 3.377720 | lrm: 1.00 | dt: 193ms | tok/sec: 1,361,772 | mfu: 32.9% | epoch: 1 | remaining: 256s    
step 00253 (14.5%) | loss: 3.376363 | lrm: 1.00 | dt: 160ms | tok/sec: 1,639,491 | mfu: 39.6% | epoch: 1 | remaining: 256s    
step 00254 (14.6%) | loss: 3.372858 | lrm: 1.00 | dt: 163ms | tok/sec: 1,610,227 | mfu: 38.9% | epoch: 1 | remaining: 256s    
step 00255 (14.6%) | loss: 3.375451 | lrm: 1.00 | dt: 165ms | tok/sec: 1,590,061 | mfu: 38.4% | epoch: 1 | remaining: 256s    
step 00256 (14.7%) | loss: 3.370070 | lrm: 1.00 | dt: 206ms | tok/sec: 1,273,839 | mfu: 30.8% | epoch: 1 | remaining: 256s    
step 00257 (14.8%) | loss: 3.368052 | lrm: 1.00 | dt: 171ms | tok/sec: 1,530,911 | mfu: 37.0% | epoch: 1 | remaining: 256s    
step 00258 (14.8%) | loss: 3.369307 | lrm: 1.00 | dt: 183ms | tok/sec: 1,432,433 | mfu: 34.6% | epoch: 1 | remaining: 255s    
step 00259 (14.9%) | loss: 3.365598 | lrm: 1.00 | dt: 159ms | tok/sec: 1,645,216 | mfu: 39.8% | epoch: 1 | remaining: 255s    
step 00260 (14.9%) | loss: 3.363156 | lrm: 1.00 | dt: 163ms | tok/sec: 1,604,414 | mfu: 38.8% | epoch: 1 | remaining: 255s    
step 00261 (15.0%) | loss: 3.362457 | lrm: 1.00 | dt: 184ms | tok/sec: 1,424,906 | mfu: 34.4% | epoch: 1 | remaining: 255s    
step 00262 (15.1%) | loss: 3.363155 | lrm: 1.00 | dt: 169ms | tok/sec: 1,550,099 | mfu: 37.5% | epoch: 1 | remaining: 255s    
step 00263 (15.1%) | loss: 3.361618 | lrm: 1.00 | dt: 182ms | tok/sec: 1,440,714 | mfu: 34.8% | epoch: 1 | remaining: 254s    
step 00264 (15.2%) | loss: 3.359849 | lrm: 1.00 | dt: 163ms | tok/sec: 1,610,692 | mfu: 38.9% | epoch: 1 | remaining: 254s    
step 00265 (15.2%) | loss: 3.359104 | lrm: 1.00 | dt: 254ms | tok/sec: 1,033,719 | mfu: 25.0% | epoch: 1 | remaining: 254s    
step 00266 (15.3%) | loss: 3.356633 | lrm: 1.00 | dt: 159ms | tok/sec: 1,651,575 | mfu: 39.9% | epoch: 1 | remaining: 254s    
step 00267 (15.4%) | loss: 3.354364 | lrm: 1.00 | dt: 171ms | tok/sec: 1,533,664 | mfu: 37.1% | epoch: 1 | remaining: 254s    
step 00268 (15.4%) | loss: 3.357283 | lrm: 1.00 | dt: 213ms | tok/sec: 1,233,095 | mfu: 29.8% | epoch: 1 | remaining: 254s    
step 00269 (15.5%) | loss: 3.355818 | lrm: 1.00 | dt: 159ms | tok/sec: 1,647,151 | mfu: 39.8% | epoch: 1 | remaining: 253s    
step 00270 (15.5%) | loss: 3.350549 | lrm: 1.00 | dt: 186ms | tok/sec: 1,406,264 | mfu: 34.0% | epoch: 1 | remaining: 253s    
step 00271 (15.6%) | loss: 3.352376 | lrm: 1.00 | dt: 160ms | tok/sec: 1,636,007 | mfu: 39.5% | epoch: 1 | remaining: 253s    
step 00272 (15.7%) | loss: 3.348785 | lrm: 1.00 | dt: 195ms | tok/sec: 1,342,441 | mfu: 32.4% | epoch: 1 | remaining: 253s    
step 00273 (15.7%) | loss: 3.345280 | lrm: 1.00 | dt: 159ms | tok/sec: 1,648,613 | mfu: 39.8% | epoch: 1 | remaining: 253s    
step 00274 (15.8%) | loss: 3.340079 | lrm: 1.00 | dt: 165ms | tok/sec: 1,587,400 | mfu: 38.4% | epoch: 1 | remaining: 252s    
step 00275 (15.8%) | loss: 3.341242 | lrm: 1.00 | dt: 229ms | tok/sec: 1,144,404 | mfu: 27.7% | epoch: 1 | remaining: 252s    
step 00276 (15.9%) | loss: 3.339401 | lrm: 1.00 | dt: 166ms | tok/sec: 1,580,298 | mfu: 38.2% | epoch: 1 | remaining: 252s    
step 00277 (16.0%) | loss: 3.333850 | lrm: 1.00 | dt: 208ms | tok/sec: 1,258,647 | mfu: 30.4% | epoch: 1 | remaining: 252s    
step 00278 (16.0%) | loss: 3.337990 | lrm: 1.00 | dt: 191ms | tok/sec: 1,373,652 | mfu: 33.2% | epoch: 1 | remaining: 252s    
step 00279 (16.1%) | loss: 3.332812 | lrm: 1.00 | dt: 204ms | tok/sec: 1,286,779 | mfu: 31.1% | epoch: 1 | remaining: 251s    
step 00280 (16.2%) | loss: 3.326694 | lrm: 1.00 | dt: 174ms | tok/sec: 1,504,109 | mfu: 36.3% | epoch: 1 | remaining: 251s    
step 00281 (16.2%) | loss: 3.325808 | lrm: 1.00 | dt: 164ms | tok/sec: 1,598,515 | mfu: 38.6% | epoch: 1 | remaining: 251s    
step 00282 (16.3%) | loss: 3.322267 | lrm: 1.00 | dt: 194ms | tok/sec: 1,354,568 | mfu: 32.7% | epoch: 1 | remaining: 251s    
step 00283 (16.3%) | loss: 3.321306 | lrm: 1.00 | dt: 226ms | tok/sec: 1,162,017 | mfu: 28.1% | epoch: 1 | remaining: 251s    
step 00284 (16.4%) | loss: 3.321508 | lrm: 1.00 | dt: 192ms | tok/sec: 1,362,152 | mfu: 32.9% | epoch: 1 | remaining: 251s    
step 00285 (16.5%) | loss: 3.322779 | lrm: 1.00 | dt: 256ms | tok/sec: 1,023,684 | mfu: 24.7% | epoch: 1 | remaining: 250s    
step 00286 (16.6%) | loss: 3.322787 | lrm: 1.00 | dt: 173ms | tok/sec: 1,515,585 | mfu: 36.6% | epoch: 1 | remaining: 250s    
step 00287 (16.6%) | loss: 3.324377 | lrm: 1.00 | dt: 163ms | tok/sec: 1,604,899 | mfu: 38.8% | epoch: 1 | remaining: 250s    
step 00288 (16.7%) | loss: 3.321870 | lrm: 1.00 | dt: 164ms | tok/sec: 1,598,889 | mfu: 38.6% | epoch: 1 | remaining: 250s    
step 00289 (16.7%) | loss: 3.319962 | lrm: 1.00 | dt: 249ms | tok/sec: 1,051,740 | mfu: 25.4% | epoch: 1 | remaining: 250s    
step 00290 (16.8%) | loss: 3.326065 | lrm: 1.00 | dt: 216ms | tok/sec: 1,212,891 | mfu: 29.3% | epoch: 1 | remaining: 249s    
step 00291 (16.9%) | loss: 3.326044 | lrm: 1.00 | dt: 179ms | tok/sec: 1,466,913 | mfu: 35.4% | epoch: 1 | remaining: 249s    
step 00292 (17.0%) | loss: 3.323695 | lrm: 1.00 | dt: 167ms | tok/sec: 1,573,770 | mfu: 38.0% | epoch: 1 | remaining: 249s    
step 00293 (17.0%) | loss: 3.324372 | lrm: 1.00 | dt: 207ms | tok/sec: 1,263,992 | mfu: 30.5% | epoch: 1 | remaining: 249s    
step 00294 (17.1%) | loss: 3.322360 | lrm: 1.00 | dt: 193ms | tok/sec: 1,355,026 | mfu: 32.7% | epoch: 1 | remaining: 249s    
step 00295 (17.1%) | loss: 3.324939 | lrm: 1.00 | dt: 159ms | tok/sec: 1,645,054 | mfu: 39.7% | epoch: 1 | remaining: 248s    
step 00296 (17.2%) | loss: 3.326785 | lrm: 1.00 | dt: 191ms | tok/sec: 1,372,296 | mfu: 33.2% | epoch: 1 | remaining: 248s    
step 00297 (17.3%) | loss: 3.329605 | lrm: 1.00 | dt: 158ms | tok/sec: 1,657,593 | mfu: 40.1% | epoch: 1 | remaining: 248s    
step 00298 (17.3%) | loss: 3.325135 | lrm: 1.00 | dt: 185ms | tok/sec: 1,415,091 | mfu: 34.2% | epoch: 1 | remaining: 248s    
step 00299 (17.4%) | loss: 3.325600 | lrm: 1.00 | dt: 173ms | tok/sec: 1,516,653 | mfu: 36.6% | epoch: 1 | remaining: 248s    
step 00300 (17.4%) | loss: 3.317854 | lrm: 1.00 | dt: 177ms | tok/sec: 1,477,188 | mfu: 35.7% | epoch: 1 | remaining: 248s    
step 00301 (17.5%) | loss: 3.313700 | lrm: 1.00 | dt: 178ms | tok/sec: 1,475,680 | mfu: 35.7% | epoch: 1 | remaining: 247s    
step 00302 (17.5%) | loss: 3.313039 | lrm: 1.00 | dt: 162ms | tok/sec: 1,615,864 | mfu: 39.0% | epoch: 1 | remaining: 247s    
step 00303 (17.6%) | loss: 3.314193 | lrm: 1.00 | dt: 167ms | tok/sec: 1,566,682 | mfu: 37.9% | epoch: 1 | remaining: 247s    
step 00304 (17.7%) | loss: 3.315960 | lrm: 1.00 | dt: 196ms | tok/sec: 1,334,974 | mfu: 32.3% | epoch: 1 | remaining: 247s    
step 00305 (17.7%) | loss: 3.314697 | lrm: 1.00 | dt: 175ms | tok/sec: 1,496,915 | mfu: 36.2% | epoch: 1 | remaining: 247s    
step 00306 (17.8%) | loss: 3.311515 | lrm: 1.00 | dt: 180ms | tok/sec: 1,458,530 | mfu: 35.2% | epoch: 1 | remaining: 246s    
step 00307 (17.8%) | loss: 3.312216 | lrm: 1.00 | dt: 199ms | tok/sec: 1,317,812 | mfu: 31.8% | epoch: 1 | remaining: 246s    
step 00308 (17.9%) | loss: 3.316964 | lrm: 1.00 | dt: 161ms | tok/sec: 1,633,193 | mfu: 39.5% | epoch: 1 | remaining: 246s    
step 00309 (18.0%) | loss: 3.317589 | lrm: 1.00 | dt: 161ms | tok/sec: 1,626,318 | mfu: 39.3% | epoch: 1 | remaining: 246s    
step 00310 (18.0%) | loss: 3.318479 | lrm: 1.00 | dt: 172ms | tok/sec: 1,520,647 | mfu: 36.7% | epoch: 1 | remaining: 246s    
step 00311 (18.1%) | loss: 3.315391 | lrm: 1.00 | dt: 163ms | tok/sec: 1,609,303 | mfu: 38.9% | epoch: 1 | remaining: 246s    
step 00312 (18.1%) | loss: 3.312879 | lrm: 1.00 | dt: 169ms | tok/sec: 1,552,388 | mfu: 37.5% | epoch: 1 | remaining: 245s    
step 00313 (18.2%) | loss: 3.310043 | lrm: 1.00 | dt: 178ms | tok/sec: 1,476,706 | mfu: 35.7% | epoch: 1 | remaining: 245s    
step 00314 (18.2%) | loss: 3.305917 | lrm: 1.00 | dt: 164ms | tok/sec: 1,593,880 | mfu: 38.5% | epoch: 1 | remaining: 245s    
step 00315 (18.3%) | loss: 3.305410 | lrm: 1.00 | dt: 164ms | tok/sec: 1,595,881 | mfu: 38.6% | epoch: 1 | remaining: 245s    
step 00316 (18.4%) | loss: 3.302387 | lrm: 1.00 | dt: 169ms | tok/sec: 1,551,873 | mfu: 37.5% | epoch: 1 | remaining: 245s    
step 00317 (18.4%) | loss: 3.301568 | lrm: 1.00 | dt: 187ms | tok/sec: 1,401,342 | mfu: 33.9% | epoch: 1 | remaining: 245s    
step 00318 (18.5%) | loss: 3.302074 | lrm: 1.00 | dt: 162ms | tok/sec: 1,617,290 | mfu: 39.1% | epoch: 1 | remaining: 244s    
step 00319 (18.5%) | loss: 3.299354 | lrm: 1.00 | dt: 167ms | tok/sec: 1,572,033 | mfu: 38.0% | epoch: 1 | remaining: 244s    
step 00320 (18.6%) | loss: 3.294550 | lrm: 1.00 | dt: 170ms | tok/sec: 1,541,739 | mfu: 37.3% | epoch: 1 | remaining: 244s    
step 00321 (18.6%) | loss: 3.290727 | lrm: 1.00 | dt: 162ms | tok/sec: 1,614,149 | mfu: 39.0% | epoch: 1 | remaining: 244s    
step 00322 (18.7%) | loss: 3.291912 | lrm: 1.00 | dt: 172ms | tok/sec: 1,520,037 | mfu: 36.7% | epoch: 1 | remaining: 244s    
step 00323 (18.7%) | loss: 3.289694 | lrm: 1.00 | dt: 170ms | tok/sec: 1,545,282 | mfu: 37.3% | epoch: 1 | remaining: 244s    
step 00324 (18.8%) | loss: 3.289421 | lrm: 1.00 | dt: 173ms | tok/sec: 1,515,359 | mfu: 36.6% | epoch: 1 | remaining: 243s    
step 00325 (18.9%) | loss: 3.287284 | lrm: 1.00 | dt: 183ms | tok/sec: 1,429,180 | mfu: 34.5% | epoch: 1 | remaining: 243s    
step 00326 (18.9%) | loss: 3.290410 | lrm: 1.00 | dt: 177ms | tok/sec: 1,477,742 | mfu: 35.7% | epoch: 1 | remaining: 243s    
step 00327 (19.0%) | loss: 3.287561 | lrm: 1.00 | dt: 161ms | tok/sec: 1,630,887 | mfu: 39.4% | epoch: 1 | remaining: 243s    
step 00328 (19.0%) | loss: 3.284672 | lrm: 1.00 | dt: 164ms | tok/sec: 1,600,365 | mfu: 38.7% | epoch: 1 | remaining: 243s    
step 00329 (19.1%) | loss: 3.285075 | lrm: 1.00 | dt: 167ms | tok/sec: 1,573,070 | mfu: 38.0% | epoch: 1 | remaining: 243s    
step 00330 (19.1%) | loss: 3.286928 | lrm: 1.00 | dt: 167ms | tok/sec: 1,565,310 | mfu: 37.8% | epoch: 1 | remaining: 242s    
step 00331 (19.2%) | loss: 3.284071 | lrm: 1.00 | dt: 175ms | tok/sec: 1,494,604 | mfu: 36.1% | epoch: 1 | remaining: 242s    
step 00332 (19.3%) | loss: 3.284918 | lrm: 1.00 | dt: 181ms | tok/sec: 1,444,386 | mfu: 34.9% | epoch: 1 | remaining: 242s    
step 00333 (19.3%) | loss: 3.283429 | lrm: 1.00 | dt: 171ms | tok/sec: 1,536,953 | mfu: 37.1% | epoch: 1 | remaining: 242s    
step 00334 (19.4%) | loss: 3.282220 | lrm: 1.00 | dt: 160ms | tok/sec: 1,642,638 | mfu: 39.7% | epoch: 1 | remaining: 242s    
step 00335 (19.4%) | loss: 3.281780 | lrm: 1.00 | dt: 161ms | tok/sec: 1,631,640 | mfu: 39.4% | epoch: 1 | remaining: 242s    
step 00336 (19.5%) | loss: 3.280508 | lrm: 1.00 | dt: 168ms | tok/sec: 1,564,766 | mfu: 37.8% | epoch: 1 | remaining: 241s    
step 00337 (19.5%) | loss: 3.281935 | lrm: 1.00 | dt: 168ms | tok/sec: 1,559,540 | mfu: 37.7% | epoch: 1 | remaining: 241s    
step 00338 (19.6%) | loss: 3.281336 | lrm: 1.00 | dt: 169ms | tok/sec: 1,553,599 | mfu: 37.5% | epoch: 1 | remaining: 241s    
step 00339 (19.7%) | loss: 3.286410 | lrm: 1.00 | dt: 169ms | tok/sec: 1,547,487 | mfu: 37.4% | epoch: 1 | remaining: 241s    
step 00340 (19.7%) | loss: 3.282874 | lrm: 1.00 | dt: 163ms | tok/sec: 1,606,808 | mfu: 38.8% | epoch: 1 | remaining: 241s    
step 00341 (19.8%) | loss: 3.286114 | lrm: 1.00 | dt: 160ms | tok/sec: 1,640,638 | mfu: 39.6% | epoch: 1 | remaining: 241s    
step 00342 (19.8%) | loss: 3.280401 | lrm: 1.00 | dt: 166ms | tok/sec: 1,581,619 | mfu: 38.2% | epoch: 1 | remaining: 240s    
step 00343 (19.9%) | loss: 3.276715 | lrm: 1.00 | dt: 178ms | tok/sec: 1,469,161 | mfu: 35.5% | epoch: 1 | remaining: 240s    
step 00344 (19.9%) | loss: 3.276888 | lrm: 1.00 | dt: 163ms | tok/sec: 1,609,595 | mfu: 38.9% | epoch: 1 | remaining: 240s    
step 00345 (20.0%) | loss: 3.279610 | lrm: 1.00 | dt: 236ms | tok/sec: 1,111,033 | mfu: 26.8% | epoch: 1 | remaining: 240s    
step 00346 (20.1%) | loss: 3.280116 | lrm: 1.00 | dt: 174ms | tok/sec: 1,509,310 | mfu: 36.5% | epoch: 1 | remaining: 240s    
step 00347 (20.1%) | loss: 3.279370 | lrm: 1.00 | dt: 185ms | tok/sec: 1,413,383 | mfu: 34.1% | epoch: 1 | remaining: 239s    
step 00348 (20.2%) | loss: 3.276777 | lrm: 1.00 | dt: 178ms | tok/sec: 1,471,637 | mfu: 35.6% | epoch: 1 | remaining: 239s    
step 00349 (20.2%) | loss: 3.274699 | lrm: 1.00 | dt: 160ms | tok/sec: 1,641,030 | mfu: 39.6% | epoch: 1 | remaining: 239s    
step 00350 (20.3%) | loss: 3.275223 | lrm: 1.00 | dt: 164ms | tok/sec: 1,593,677 | mfu: 38.5% | epoch: 1 | remaining: 239s    
step 00351 (20.4%) | loss: 3.268795 | lrm: 1.00 | dt: 179ms | tok/sec: 1,468,466 | mfu: 35.5% | epoch: 1 | remaining: 239s    
step 00352 (20.4%) | loss: 3.266789 | lrm: 1.00 | dt: 169ms | tok/sec: 1,551,501 | mfu: 37.5% | epoch: 1 | remaining: 239s    
step 00353 (20.5%) | loss: 3.271767 | lrm: 1.00 | dt: 165ms | tok/sec: 1,584,431 | mfu: 38.3% | epoch: 1 | remaining: 238s    
step 00354 (20.5%) | loss: 3.271394 | lrm: 1.00 | dt: 188ms | tok/sec: 1,397,946 | mfu: 33.8% | epoch: 1 | remaining: 238s    
step 00355 (20.6%) | loss: 3.263083 | lrm: 1.00 | dt: 180ms | tok/sec: 1,458,276 | mfu: 35.2% | epoch: 1 | remaining: 238s    
step 00356 (20.6%) | loss: 3.262624 | lrm: 1.00 | dt: 163ms | tok/sec: 1,612,648 | mfu: 39.0% | epoch: 1 | remaining: 238s    
step 00357 (20.7%) | loss: 3.261247 | lrm: 1.00 | dt: 181ms | tok/sec: 1,448,286 | mfu: 35.0% | epoch: 1 | remaining: 238s    
step 00358 (20.8%) | loss: 3.263270 | lrm: 1.00 | dt: 159ms | tok/sec: 1,651,119 | mfu: 39.9% | epoch: 1 | remaining: 238s    
step 00359 (20.8%) | loss: 3.262112 | lrm: 1.00 | dt: 162ms | tok/sec: 1,613,694 | mfu: 39.0% | epoch: 1 | remaining: 237s    
step 00360 (20.9%) | loss: 3.260381 | lrm: 1.00 | dt: 169ms | tok/sec: 1,554,923 | mfu: 37.6% | epoch: 1 | remaining: 237s    
step 00361 (20.9%) | loss: 3.253254 | lrm: 1.00 | dt: 173ms | tok/sec: 1,513,942 | mfu: 36.6% | epoch: 1 | remaining: 237s    
step 00362 (21.0%) | loss: 3.254286 | lrm: 1.00 | dt: 163ms | tok/sec: 1,606,613 | mfu: 38.8% | epoch: 1 | remaining: 237s    
step 00363 (21.0%) | loss: 3.250877 | lrm: 1.00 | dt: 169ms | tok/sec: 1,551,435 | mfu: 37.5% | epoch: 1 | remaining: 237s    
step 00364 (21.1%) | loss: 3.248711 | lrm: 1.00 | dt: 171ms | tok/sec: 1,530,215 | mfu: 37.0% | epoch: 1 | remaining: 237s    
step 00365 (21.1%) | loss: 3.250060 | lrm: 1.00 | dt: 163ms | tok/sec: 1,610,600 | mfu: 38.9% | epoch: 1 | remaining: 236s    
step 00366 (21.2%) | loss: 3.244068 | lrm: 1.00 | dt: 167ms | tok/sec: 1,573,261 | mfu: 38.0% | epoch: 1 | remaining: 236s    
step 00367 (21.3%) | loss: 3.244664 | lrm: 1.00 | dt: 169ms | tok/sec: 1,554,080 | mfu: 37.5% | epoch: 1 | remaining: 236s    
step 00368 (21.3%) | loss: 3.239642 | lrm: 1.00 | dt: 273ms | tok/sec: 958,596 | mfu: 23.2% | epoch: 1 | remaining: 236s    
step 00369 (21.4%) | loss: 3.233629 | lrm: 1.00 | dt: 160ms | tok/sec: 1,637,154 | mfu: 39.6% | epoch: 1 | remaining: 236s    
step 00370 (21.5%) | loss: 3.235002 | lrm: 1.00 | dt: 172ms | tok/sec: 1,525,030 | mfu: 36.8% | epoch: 1 | remaining: 235s    
step 00371 (21.5%) | loss: 3.238661 | lrm: 1.00 | dt: 162ms | tok/sec: 1,622,047 | mfu: 39.2% | epoch: 1 | remaining: 235s    
step 00372 (21.6%) | loss: 3.236520 | lrm: 1.00 | dt: 162ms | tok/sec: 1,623,163 | mfu: 39.2% | epoch: 1 | remaining: 235s    
step 00373 (21.6%) | loss: 3.235680 | lrm: 1.00 | dt: 191ms | tok/sec: 1,370,142 | mfu: 33.1% | epoch: 1 | remaining: 235s    
step 00374 (21.7%) | loss: 3.231673 | lrm: 1.00 | dt: 175ms | tok/sec: 1,499,520 | mfu: 36.2% | epoch: 1 | remaining: 235s    
step 00375 (21.7%) | loss: 3.228598 | lrm: 1.00 | dt: 219ms | tok/sec: 1,195,136 | mfu: 28.9% | epoch: 1 | remaining: 235s    
step 00376 (21.8%) | loss: 3.227268 | lrm: 1.00 | dt: 160ms | tok/sec: 1,643,109 | mfu: 39.7% | epoch: 1 | remaining: 234s    
step 00377 (21.9%) | loss: 3.224058 | lrm: 1.00 | dt: 170ms | tok/sec: 1,539,837 | mfu: 37.2% | epoch: 1 | remaining: 234s    
step 00378 (21.9%) | loss: 3.226369 | lrm: 1.00 | dt: 220ms | tok/sec: 1,189,013 | mfu: 28.7% | epoch: 1 | remaining: 234s    
step 00379 (22.0%) | loss: 3.232858 | lrm: 1.00 | dt: 159ms | tok/sec: 1,650,856 | mfu: 39.9% | epoch: 1 | remaining: 234s    
step 00380 (22.1%) | loss: 3.232010 | lrm: 1.00 | dt: 161ms | tok/sec: 1,631,710 | mfu: 39.4% | epoch: 1 | remaining: 234s    
step 00381 (22.1%) | loss: 3.234867 | lrm: 1.00 | dt: 166ms | tok/sec: 1,578,130 | mfu: 38.1% | epoch: 1 | remaining: 234s    
step 00382 (22.2%) | loss: 3.235881 | lrm: 1.00 | dt: 161ms | tok/sec: 1,627,982 | mfu: 39.3% | epoch: 1 | remaining: 233s    
step 00383 (22.2%) | loss: 3.236864 | lrm: 1.00 | dt: 180ms | tok/sec: 1,459,283 | mfu: 35.3% | epoch: 1 | remaining: 233s    
step 00384 (22.3%) | loss: 3.237818 | lrm: 1.00 | dt: 172ms | tok/sec: 1,527,464 | mfu: 36.9% | epoch: 1 | remaining: 233s    
step 00385 (22.3%) | loss: 3.237146 | lrm: 1.00 | dt: 168ms | tok/sec: 1,559,489 | mfu: 37.7% | epoch: 1 | remaining: 233s    
step 00386 (22.4%) | loss: 3.231664 | lrm: 1.00 | dt: 166ms | tok/sec: 1,579,560 | mfu: 38.2% | epoch: 1 | remaining: 233s    
step 00387 (22.4%) | loss: 3.231983 | lrm: 1.00 | dt: 164ms | tok/sec: 1,602,426 | mfu: 38.7% | epoch: 1 | remaining: 232s    
step 00388 (22.5%) | loss: 3.228398 | lrm: 1.00 | dt: 164ms | tok/sec: 1,596,078 | mfu: 38.6% | epoch: 1 | remaining: 232s    
step 00389 (22.6%) | loss: 3.223505 | lrm: 1.00 | dt: 178ms | tok/sec: 1,471,135 | mfu: 35.5% | epoch: 1 | remaining: 232s    
step 00390 (22.6%) | loss: 3.225680 | lrm: 1.00 | dt: 168ms | tok/sec: 1,563,289 | mfu: 37.8% | epoch: 1 | remaining: 232s    
step 00391 (22.7%) | loss: 3.226341 | lrm: 1.00 | dt: 167ms | tok/sec: 1,574,241 | mfu: 38.0% | epoch: 1 | remaining: 232s    
step 00392 (22.7%) | loss: 3.224929 | lrm: 1.00 | dt: 167ms | tok/sec: 1,566,867 | mfu: 37.9% | epoch: 1 | remaining: 232s    
step 00393 (22.8%) | loss: 3.226892 | lrm: 1.00 | dt: 162ms | tok/sec: 1,622,596 | mfu: 39.2% | epoch: 1 | remaining: 231s    
step 00394 (22.8%) | loss: 3.225995 | lrm: 1.00 | dt: 164ms | tok/sec: 1,601,043 | mfu: 38.7% | epoch: 1 | remaining: 231s    
step 00395 (22.9%) | loss: 3.225676 | lrm: 1.00 | dt: 170ms | tok/sec: 1,542,847 | mfu: 37.3% | epoch: 1 | remaining: 231s    
step 00396 (22.9%) | loss: 3.227784 | lrm: 1.00 | dt: 175ms | tok/sec: 1,500,277 | mfu: 36.2% | epoch: 1 | remaining: 231s    
step 00397 (23.0%) | loss: 3.218940 | lrm: 1.00 | dt: 163ms | tok/sec: 1,610,720 | mfu: 38.9% | epoch: 1 | remaining: 231s    
step 00398 (23.1%) | loss: 3.215724 | lrm: 1.00 | dt: 168ms | tok/sec: 1,563,376 | mfu: 37.8% | epoch: 1 | remaining: 231s    
step 00399 (23.1%) | loss: 3.214128 | lrm: 1.00 | dt: 190ms | tok/sec: 1,382,859 | mfu: 33.4% | epoch: 1 | remaining: 230s    
step 00400 (23.2%) | loss: 3.212069 | lrm: 1.00 | dt: 169ms | tok/sec: 1,555,223 | mfu: 37.6% | epoch: 1 | remaining: 230s    
step 00401 (23.2%) | loss: 3.211141 | lrm: 1.00 | dt: 235ms | tok/sec: 1,114,124 | mfu: 26.9% | epoch: 1 | remaining: 230s    
step 00402 (23.3%) | loss: 3.213240 | lrm: 1.00 | dt: 161ms | tok/sec: 1,631,468 | mfu: 39.4% | epoch: 1 | remaining: 230s    
step 00403 (23.4%) | loss: 3.213625 | lrm: 1.00 | dt: 216ms | tok/sec: 1,213,929 | mfu: 29.3% | epoch: 1 | remaining: 230s    
step 00404 (23.4%) | loss: 3.213181 | lrm: 1.00 | dt: 159ms | tok/sec: 1,647,386 | mfu: 39.8% | epoch: 1 | remaining: 230s    
step 00405 (23.5%) | loss: 3.214908 | lrm: 1.00 | dt: 161ms | tok/sec: 1,629,693 | mfu: 39.4% | epoch: 1 | remaining: 229s    
step 00406 (23.5%) | loss: 3.213252 | lrm: 1.00 | dt: 206ms | tok/sec: 1,274,722 | mfu: 30.8% | epoch: 1 | remaining: 229s    
step 00407 (23.6%) | loss: 3.211931 | lrm: 1.00 | dt: 160ms | tok/sec: 1,640,312 | mfu: 39.6% | epoch: 1 | remaining: 229s    
step 00408 (23.7%) | loss: 3.211011 | lrm: 1.00 | dt: 189ms | tok/sec: 1,385,965 | mfu: 33.5% | epoch: 1 | remaining: 229s    
step 00409 (23.7%) | loss: 3.208191 | lrm: 1.00 | dt: 161ms | tok/sec: 1,628,874 | mfu: 39.4% | epoch: 1 | remaining: 229s    
step 00410 (23.8%) | loss: 3.207579 | lrm: 1.00 | dt: 206ms | tok/sec: 1,274,977 | mfu: 30.8% | epoch: 1 | remaining: 228s    
step 00411 (23.9%) | loss: 3.198635 | lrm: 1.00 | dt: 160ms | tok/sec: 1,633,402 | mfu: 39.5% | epoch: 1 | remaining: 228s    
step 00412 (23.9%) | loss: 3.201064 | lrm: 1.00 | dt: 164ms | tok/sec: 1,595,972 | mfu: 38.6% | epoch: 1 | remaining: 228s    
step 00413 (24.0%) | loss: 3.200530 | lrm: 1.00 | dt: 189ms | tok/sec: 1,385,136 | mfu: 33.5% | epoch: 1 | remaining: 228s    
step 00414 (24.0%) | loss: 3.199224 | lrm: 1.00 | dt: 160ms | tok/sec: 1,636,070 | mfu: 39.5% | epoch: 1 | remaining: 228s    
step 00415 (24.1%) | loss: 3.198245 | lrm: 1.00 | dt: 185ms | tok/sec: 1,418,970 | mfu: 34.3% | epoch: 1 | remaining: 228s    
step 00416 (24.1%) | loss: 3.197280 | lrm: 1.00 | dt: 174ms | tok/sec: 1,505,926 | mfu: 36.4% | epoch: 1 | remaining: 227s    
step 00417 (24.2%) | loss: 3.198806 | lrm: 1.00 | dt: 211ms | tok/sec: 1,241,100 | mfu: 30.0% | epoch: 1 | remaining: 227s    
step 00418 (24.3%) | loss: 3.199264 | lrm: 1.00 | dt: 173ms | tok/sec: 1,512,678 | mfu: 36.5% | epoch: 1 | remaining: 227s    
step 00419 (24.3%) | loss: 3.197510 | lrm: 1.00 | dt: 160ms | tok/sec: 1,639,870 | mfu: 39.6% | epoch: 1 | remaining: 227s    
step 00420 (24.4%) | loss: 3.199060 | lrm: 1.00 | dt: 198ms | tok/sec: 1,325,698 | mfu: 32.0% | epoch: 1 | remaining: 227s    
step 00421 (24.4%) | loss: 3.194090 | lrm: 1.00 | dt: 160ms | tok/sec: 1,639,012 | mfu: 39.6% | epoch: 1 | remaining: 227s    
step 00422 (24.5%) | loss: 3.193101 | lrm: 1.00 | dt: 231ms | tok/sec: 1,133,104 | mfu: 27.4% | epoch: 1 | remaining: 226s    
step 00423 (24.6%) | loss: 3.198935 | lrm: 1.00 | dt: 205ms | tok/sec: 1,278,717 | mfu: 30.9% | epoch: 1 | remaining: 226s    
step 00424 (24.6%) | loss: 3.201473 | lrm: 1.00 | dt: 231ms | tok/sec: 1,134,890 | mfu: 27.4% | epoch: 1 | remaining: 226s    
step 00425 (24.7%) | loss: 3.196606 | lrm: 1.00 | dt: 160ms | tok/sec: 1,638,018 | mfu: 39.6% | epoch: 1 | remaining: 226s    
step 00426 (24.8%) | loss: 3.196077 | lrm: 1.00 | dt: 161ms | tok/sec: 1,625,774 | mfu: 39.3% | epoch: 1 | remaining: 226s    
step 00427 (24.8%) | loss: 3.191851 | lrm: 1.00 | dt: 186ms | tok/sec: 1,406,769 | mfu: 34.0% | epoch: 1 | remaining: 225s    
step 00428 (24.9%) | loss: 3.188480 | lrm: 1.00 | dt: 160ms | tok/sec: 1,638,286 | mfu: 39.6% | epoch: 1 | remaining: 225s    
step 00429 (24.9%) | loss: 3.186329 | lrm: 1.00 | dt: 234ms | tok/sec: 1,121,841 | mfu: 27.1% | epoch: 1 | remaining: 225s    
step 00430 (25.0%) | loss: 3.188829 | lrm: 1.00 | dt: 187ms | tok/sec: 1,398,289 | mfu: 33.8% | epoch: 1 | remaining: 225s    
step 00431 (25.1%) | loss: 3.187079 | lrm: 1.00 | dt: 204ms | tok/sec: 1,282,901 | mfu: 31.0% | epoch: 1 | remaining: 225s    
step 00432 (25.2%) | loss: 3.183289 | lrm: 1.00 | dt: 189ms | tok/sec: 1,386,691 | mfu: 33.5% | epoch: 1 | remaining: 224s    
step 00433 (25.2%) | loss: 3.186026 | lrm: 1.00 | dt: 186ms | tok/sec: 1,408,911 | mfu: 34.0% | epoch: 1 | remaining: 224s    
step 00434 (25.3%) | loss: 3.189623 | lrm: 1.00 | dt: 165ms | tok/sec: 1,585,452 | mfu: 38.3% | epoch: 1 | remaining: 224s    
step 00435 (25.3%) | loss: 3.191623 | lrm: 1.00 | dt: 159ms | tok/sec: 1,649,759 | mfu: 39.9% | epoch: 1 | remaining: 224s    
step 00436 (25.4%) | loss: 3.190390 | lrm: 1.00 | dt: 196ms | tok/sec: 1,340,217 | mfu: 32.4% | epoch: 1 | remaining: 224s    
step 00437 (25.5%) | loss: 3.189652 | lrm: 1.00 | dt: 160ms | tok/sec: 1,640,533 | mfu: 39.6% | epoch: 1 | remaining: 223s    
step 00438 (25.5%) | loss: 3.190290 | lrm: 1.00 | dt: 203ms | tok/sec: 1,290,288 | mfu: 31.2% | epoch: 1 | remaining: 223s    
step 00439 (25.6%) | loss: 3.190915 | lrm: 1.00 | dt: 167ms | tok/sec: 1,565,067 | mfu: 37.8% | epoch: 1 | remaining: 223s    
step 00440 (25.6%) | loss: 3.191586 | lrm: 1.00 | dt: 266ms | tok/sec: 983,969 | mfu: 23.8% | epoch: 1 | remaining: 223s    
step 00441 (25.7%) | loss: 3.194957 | lrm: 1.00 | dt: 170ms | tok/sec: 1,542,931 | mfu: 37.3% | epoch: 1 | remaining: 223s    
step 00442 (25.8%) | loss: 3.196200 | lrm: 1.00 | dt: 161ms | tok/sec: 1,625,791 | mfu: 39.3% | epoch: 1 | remaining: 223s    
step 00443 (25.8%) | loss: 3.199310 | lrm: 1.00 | dt: 175ms | tok/sec: 1,498,217 | mfu: 36.2% | epoch: 1 | remaining: 222s    
step 00444 (25.9%) | loss: 3.188844 | lrm: 1.00 | dt: 169ms | tok/sec: 1,553,309 | mfu: 37.5% | epoch: 1 | remaining: 222s    
step 00445 (25.9%) | loss: 3.186825 | lrm: 1.00 | dt: 186ms | tok/sec: 1,406,048 | mfu: 34.0% | epoch: 1 | remaining: 222s    
step 00446 (26.0%) | loss: 3.184586 | lrm: 1.00 | dt: 168ms | tok/sec: 1,563,551 | mfu: 37.8% | epoch: 1 | remaining: 222s    
step 00447 (26.1%) | loss: 3.186611 | lrm: 1.00 | dt: 180ms | tok/sec: 1,460,009 | mfu: 35.3% | epoch: 1 | remaining: 222s    
step 00448 (26.1%) | loss: 3.185478 | lrm: 1.00 | dt: 161ms | tok/sec: 1,623,959 | mfu: 39.2% | epoch: 1 | remaining: 221s    
step 00449 (26.2%) | loss: 3.185689 | lrm: 1.00 | dt: 167ms | tok/sec: 1,573,763 | mfu: 38.0% | epoch: 1 | remaining: 221s    
step 00450 (26.2%) | loss: 3.186837 | lrm: 1.00 | dt: 164ms | tok/sec: 1,600,572 | mfu: 38.7% | epoch: 1 | remaining: 221s    
step 00451 (26.3%) | loss: 3.188512 | lrm: 1.00 | dt: 169ms | tok/sec: 1,551,262 | mfu: 37.5% | epoch: 1 | remaining: 221s    
step 00452 (26.3%) | loss: 3.191859 | lrm: 1.00 | dt: 202ms | tok/sec: 1,297,293 | mfu: 31.3% | epoch: 1 | remaining: 221s    
step 00453 (26.4%) | loss: 3.194209 | lrm: 1.00 | dt: 233ms | tok/sec: 1,123,876 | mfu: 27.2% | epoch: 1 | remaining: 221s    
step 00454 (26.5%) | loss: 3.191013 | lrm: 1.00 | dt: 161ms | tok/sec: 1,624,799 | mfu: 39.3% | epoch: 1 | remaining: 220s    
step 00455 (26.5%) | loss: 3.191015 | lrm: 1.00 | dt: 195ms | tok/sec: 1,345,593 | mfu: 32.5% | epoch: 1 | remaining: 220s    
step 00456 (26.6%) | loss: 3.193068 | lrm: 1.00 | dt: 163ms | tok/sec: 1,609,499 | mfu: 38.9% | epoch: 1 | remaining: 220s    
step 00457 (26.7%) | loss: 3.192117 | lrm: 1.00 | dt: 181ms | tok/sec: 1,449,495 | mfu: 35.0% | epoch: 1 | remaining: 220s    
step 00458 (26.7%) | loss: 3.192685 | lrm: 1.00 | dt: 177ms | tok/sec: 1,479,717 | mfu: 35.8% | epoch: 1 | remaining: 220s    
step 00459 (26.8%) | loss: 3.191891 | lrm: 1.00 | dt: 193ms | tok/sec: 1,358,451 | mfu: 32.8% | epoch: 1 | remaining: 219s    
step 00460 (26.8%) | loss: 3.192419 | lrm: 1.00 | dt: 193ms | tok/sec: 1,357,272 | mfu: 32.8% | epoch: 1 | remaining: 219s    
step 00461 (26.9%) | loss: 3.194980 | lrm: 1.00 | dt: 184ms | tok/sec: 1,428,126 | mfu: 34.5% | epoch: 1 | remaining: 219s    
step 00462 (27.0%) | loss: 3.196687 | lrm: 1.00 | dt: 175ms | tok/sec: 1,497,015 | mfu: 36.2% | epoch: 1 | remaining: 219s    
step 00463 (27.0%) | loss: 3.197494 | lrm: 1.00 | dt: 200ms | tok/sec: 1,307,717 | mfu: 31.6% | epoch: 1 | remaining: 219s    
step 00464 (27.1%) | loss: 3.191755 | lrm: 1.00 | dt: 188ms | tok/sec: 1,392,693 | mfu: 33.6% | epoch: 1 | remaining: 219s    
step 00465 (27.2%) | loss: 3.189300 | lrm: 1.00 | dt: 172ms | tok/sec: 1,525,072 | mfu: 36.8% | epoch: 1 | remaining: 218s    
step 00466 (27.2%) | loss: 3.187890 | lrm: 1.00 | dt: 198ms | tok/sec: 1,325,640 | mfu: 32.0% | epoch: 1 | remaining: 218s    
step 00467 (27.3%) | loss: 3.185303 | lrm: 1.00 | dt: 171ms | tok/sec: 1,536,270 | mfu: 37.1% | epoch: 1 | remaining: 218s    
step 00468 (27.3%) | loss: 3.189932 | lrm: 1.00 | dt: 160ms | tok/sec: 1,638,653 | mfu: 39.6% | epoch: 1 | remaining: 218s    
step 00469 (27.4%) | loss: 3.188163 | lrm: 1.00 | dt: 164ms | tok/sec: 1,602,373 | mfu: 38.7% | epoch: 1 | remaining: 218s    
step 00470 (27.4%) | loss: 3.187130 | lrm: 1.00 | dt: 166ms | tok/sec: 1,583,667 | mfu: 38.3% | epoch: 1 | remaining: 218s    
step 00471 (27.5%) | loss: 3.184693 | lrm: 1.00 | dt: 189ms | tok/sec: 1,384,716 | mfu: 33.5% | epoch: 1 | remaining: 217s    
step 00472 (27.6%) | loss: 3.182180 | lrm: 1.00 | dt: 164ms | tok/sec: 1,602,508 | mfu: 38.7% | epoch: 1 | remaining: 217s    
step 00473 (27.6%) | loss: 3.179863 | lrm: 1.00 | dt: 241ms | tok/sec: 1,086,772 | mfu: 26.3% | epoch: 1 | remaining: 217s    
step 00474 (27.7%) | loss: 3.184868 | lrm: 1.00 | dt: 159ms | tok/sec: 1,648,097 | mfu: 39.8% | epoch: 1 | remaining: 217s    
step 00475 (27.7%) | loss: 3.179492 | lrm: 1.00 | dt: 160ms | tok/sec: 1,640,956 | mfu: 39.6% | epoch: 1 | remaining: 217s    
step 00476 (27.8%) | loss: 3.180932 | lrm: 1.00 | dt: 170ms | tok/sec: 1,541,510 | mfu: 37.2% | epoch: 1 | remaining: 216s    
step 00477 (27.9%) | loss: 3.182839 | lrm: 1.00 | dt: 207ms | tok/sec: 1,263,462 | mfu: 30.5% | epoch: 1 | remaining: 216s    
step 00478 (27.9%) | loss: 3.185899 | lrm: 1.00 | dt: 233ms | tok/sec: 1,122,687 | mfu: 27.1% | epoch: 1 | remaining: 216s    
step 00479 (28.0%) | loss: 3.183309 | lrm: 1.00 | dt: 183ms | tok/sec: 1,428,692 | mfu: 34.5% | epoch: 1 | remaining: 216s    
step 00480 (28.1%) | loss: 3.178947 | lrm: 1.00 | dt: 160ms | tok/sec: 1,640,709 | mfu: 39.6% | epoch: 1 | remaining: 216s    
step 00481 (28.1%) | loss: 3.174266 | lrm: 1.00 | dt: 223ms | tok/sec: 1,173,062 | mfu: 28.3% | epoch: 1 | remaining: 215s    
step 00482 (28.2%) | loss: 3.166726 | lrm: 1.00 | dt: 159ms | tok/sec: 1,644,835 | mfu: 39.7% | epoch: 1 | remaining: 215s    
step 00483 (28.2%) | loss: 3.167652 | lrm: 1.00 | dt: 196ms | tok/sec: 1,334,938 | mfu: 32.3% | epoch: 1 | remaining: 215s    
step 00484 (28.3%) | loss: 3.165371 | lrm: 1.00 | dt: 159ms | tok/sec: 1,646,653 | mfu: 39.8% | epoch: 1 | remaining: 215s    
step 00485 (28.4%) | loss: 3.167759 | lrm: 1.00 | dt: 170ms | tok/sec: 1,543,681 | mfu: 37.3% | epoch: 1 | remaining: 215s    
step 00486 (28.4%) | loss: 3.170737 | lrm: 1.00 | dt: 160ms | tok/sec: 1,643,421 | mfu: 39.7% | epoch: 1 | remaining: 215s    
step 00487 (28.5%) | loss: 3.170920 | lrm: 1.00 | dt: 187ms | tok/sec: 1,405,133 | mfu: 34.0% | epoch: 1 | remaining: 214s    
step 00488 (28.5%) | loss: 3.174482 | lrm: 1.00 | dt: 161ms | tok/sec: 1,631,528 | mfu: 39.4% | epoch: 1 | remaining: 214s    
step 00489 (28.6%) | loss: 3.174950 | lrm: 1.00 | dt: 172ms | tok/sec: 1,524,560 | mfu: 36.8% | epoch: 1 | remaining: 214s    
step 00490 (28.6%) | loss: 3.176809 | lrm: 1.00 | dt: 161ms | tok/sec: 1,632,900 | mfu: 39.5% | epoch: 1 | remaining: 214s    
step 00491 (28.7%) | loss: 3.170314 | lrm: 1.00 | dt: 163ms | tok/sec: 1,604,906 | mfu: 38.8% | epoch: 1 | remaining: 214s    
step 00492 (28.8%) | loss: 3.166735 | lrm: 1.00 | dt: 167ms | tok/sec: 1,574,149 | mfu: 38.0% | epoch: 1 | remaining: 214s    
step 00493 (28.8%) | loss: 3.163145 | lrm: 1.00 | dt: 172ms | tok/sec: 1,528,167 | mfu: 36.9% | epoch: 1 | remaining: 213s    
step 00494 (28.9%) | loss: 3.166991 | lrm: 1.00 | dt: 167ms | tok/sec: 1,570,562 | mfu: 37.9% | epoch: 1 | remaining: 213s    
step 00495 (28.9%) | loss: 3.158594 | lrm: 1.00 | dt: 168ms | tok/sec: 1,557,366 | mfu: 37.6% | epoch: 1 | remaining: 213s    
step 00496 (29.0%) | loss: 3.157600 | lrm: 1.00 | dt: 162ms | tok/sec: 1,613,599 | mfu: 39.0% | epoch: 1 | remaining: 213s    
step 00497 (29.0%) | loss: 3.159825 | lrm: 1.00 | dt: 168ms | tok/sec: 1,562,987 | mfu: 37.8% | epoch: 1 | remaining: 213s    
step 00498 (29.1%) | loss: 3.162574 | lrm: 1.00 | dt: 166ms | tok/sec: 1,579,227 | mfu: 38.2% | epoch: 1 | remaining: 213s    
step 00499 (29.1%) | loss: 3.163392 | lrm: 1.00 | dt: 167ms | tok/sec: 1,569,896 | mfu: 37.9% | epoch: 1 | remaining: 212s    
step 00500 (29.2%) | loss: 3.157860 | lrm: 1.00 | dt: 166ms | tok/sec: 1,577,672 | mfu: 38.1% | epoch: 1 | remaining: 212s    
step 00501 (29.3%) | loss: 3.158858 | lrm: 1.00 | dt: 182ms | tok/sec: 1,436,900 | mfu: 34.7% | epoch: 1 | remaining: 212s    
step 00502 (29.3%) | loss: 3.157394 | lrm: 1.00 | dt: 161ms | tok/sec: 1,627,861 | mfu: 39.3% | epoch: 1 | remaining: 212s    
step 00503 (29.4%) | loss: 3.160626 | lrm: 1.00 | dt: 165ms | tok/sec: 1,591,191 | mfu: 38.4% | epoch: 1 | remaining: 212s    
step 00504 (29.4%) | loss: 3.159818 | lrm: 1.00 | dt: 180ms | tok/sec: 1,459,132 | mfu: 35.3% | epoch: 1 | remaining: 212s    
step 00505 (29.5%) | loss: 3.162342 | lrm: 1.00 | dt: 166ms | tok/sec: 1,579,669 | mfu: 38.2% | epoch: 1 | remaining: 211s    
step 00506 (29.5%) | loss: 3.161357 | lrm: 1.00 | dt: 179ms | tok/sec: 1,468,460 | mfu: 35.5% | epoch: 1 | remaining: 211s    
step 00507 (29.6%) | loss: 3.165217 | lrm: 1.00 | dt: 161ms | tok/sec: 1,630,106 | mfu: 39.4% | epoch: 1 | remaining: 211s    
step 00508 (29.7%) | loss: 3.156089 | lrm: 1.00 | dt: 171ms | tok/sec: 1,534,154 | mfu: 37.1% | epoch: 1 | remaining: 211s    
step 00509 (29.7%) | loss: 3.160786 | lrm: 1.00 | dt: 162ms | tok/sec: 1,618,604 | mfu: 39.1% | epoch: 1 | remaining: 211s    
step 00510 (29.8%) | loss: 3.156820 | lrm: 1.00 | dt: 167ms | tok/sec: 1,571,968 | mfu: 38.0% | epoch: 1 | remaining: 211s    
step 00511 (29.8%) | loss: 3.158004 | lrm: 1.00 | dt: 235ms | tok/sec: 1,114,392 | mfu: 26.9% | epoch: 1 | remaining: 210s    
step 00512 (29.9%) | loss: 3.157211 | lrm: 1.00 | dt: 162ms | tok/sec: 1,615,890 | mfu: 39.0% | epoch: 1 | remaining: 210s    
step 00513 (30.0%) | loss: 3.153663 | lrm: 1.00 | dt: 167ms | tok/sec: 1,570,567 | mfu: 37.9% | epoch: 1 | remaining: 210s    
step 00514 (30.0%) | loss: 3.150436 | lrm: 1.00 | dt: 180ms | tok/sec: 1,457,221 | mfu: 35.2% | epoch: 1 | remaining: 210s    
step 00515 (30.1%) | loss: 3.152986 | lrm: 1.00 | dt: 210ms | tok/sec: 1,250,879 | mfu: 30.2% | epoch: 1 | remaining: 210s    
step 00516 (30.1%) | loss: 3.153051 | lrm: 1.00 | dt: 178ms | tok/sec: 1,469,338 | mfu: 35.5% | epoch: 1 | remaining: 209s    
step 00517 (30.2%) | loss: 3.148315 | lrm: 1.00 | dt: 160ms | tok/sec: 1,638,440 | mfu: 39.6% | epoch: 1 | remaining: 209s    
step 00518 (30.3%) | loss: 3.151129 | lrm: 1.00 | dt: 172ms | tok/sec: 1,525,804 | mfu: 36.9% | epoch: 1 | remaining: 209s    
step 00519 (30.3%) | loss: 3.152620 | lrm: 1.00 | dt: 164ms | tok/sec: 1,596,417 | mfu: 38.6% | epoch: 1 | remaining: 209s    
step 00520 (30.4%) | loss: 3.154066 | lrm: 1.00 | dt: 164ms | tok/sec: 1,601,278 | mfu: 38.7% | epoch: 1 | remaining: 209s    
step 00521 (30.4%) | loss: 3.153442 | lrm: 1.00 | dt: 173ms | tok/sec: 1,512,293 | mfu: 36.5% | epoch: 1 | remaining: 209s    
step 00522 (30.5%) | loss: 3.152128 | lrm: 1.00 | dt: 201ms | tok/sec: 1,304,846 | mfu: 31.5% | epoch: 1 | remaining: 208s    
step 00523 (30.5%) | loss: 3.150222 | lrm: 1.00 | dt: 170ms | tok/sec: 1,541,925 | mfu: 37.3% | epoch: 1 | remaining: 208s    
step 00524 (30.6%) | loss: 3.152903 | lrm: 1.00 | dt: 159ms | tok/sec: 1,651,987 | mfu: 39.9% | epoch: 1 | remaining: 208s    
step 00525 (30.7%) | loss: 3.153856 | lrm: 1.00 | dt: 197ms | tok/sec: 1,333,944 | mfu: 32.2% | epoch: 1 | remaining: 208s    
step 00526 (30.7%) | loss: 3.150382 | lrm: 1.00 | dt: 205ms | tok/sec: 1,276,244 | mfu: 30.8% | epoch: 1 | remaining: 208s    
step 00527 (30.8%) | loss: 3.150356 | lrm: 1.00 | dt: 197ms | tok/sec: 1,329,667 | mfu: 32.1% | epoch: 1 | remaining: 207s    
step 00528 (30.9%) | loss: 3.148036 | lrm: 1.00 | dt: 166ms | tok/sec: 1,580,627 | mfu: 38.2% | epoch: 1 | remaining: 207s    
step 00529 (30.9%) | loss: 3.149833 | lrm: 1.00 | dt: 177ms | tok/sec: 1,478,026 | mfu: 35.7% | epoch: 1 | remaining: 207s    
step 00530 (31.0%) | loss: 3.148122 | lrm: 1.00 | dt: 160ms | tok/sec: 1,639,400 | mfu: 39.6% | epoch: 1 | remaining: 207s    
step 00531 (31.0%) | loss: 3.148004 | lrm: 1.00 | dt: 182ms | tok/sec: 1,443,493 | mfu: 34.9% | epoch: 1 | remaining: 207s    
step 00532 (31.1%) | loss: 3.148544 | lrm: 1.00 | dt: 171ms | tok/sec: 1,529,712 | mfu: 37.0% | epoch: 1 | remaining: 207s    
step 00533 (31.1%) | loss: 3.144982 | lrm: 1.00 | dt: 168ms | tok/sec: 1,556,517 | mfu: 37.6% | epoch: 1 | remaining: 206s    
step 00534 (31.2%) | loss: 3.142858 | lrm: 1.00 | dt: 182ms | tok/sec: 1,438,213 | mfu: 34.7% | epoch: 1 | remaining: 206s    
step 00535 (31.3%) | loss: 3.141246 | lrm: 1.00 | dt: 162ms | tok/sec: 1,618,032 | mfu: 39.1% | epoch: 1 | remaining: 206s    
step 00536 (31.3%) | loss: 3.137030 | lrm: 1.00 | dt: 190ms | tok/sec: 1,381,327 | mfu: 33.4% | epoch: 1 | remaining: 206s    
step 00537 (31.4%) | loss: 3.138098 | lrm: 1.00 | dt: 219ms | tok/sec: 1,198,991 | mfu: 29.0% | epoch: 1 | remaining: 206s    
step 00538 (31.4%) | loss: 3.140908 | lrm: 1.00 | dt: 159ms | tok/sec: 1,643,564 | mfu: 39.7% | epoch: 1 | remaining: 206s    
step 00539 (31.5%) | loss: 3.138085 | lrm: 1.00 | dt: 165ms | tok/sec: 1,586,111 | mfu: 38.3% | epoch: 1 | remaining: 205s    
step 00540 (31.6%) | loss: 3.139239 | lrm: 1.00 | dt: 220ms | tok/sec: 1,193,306 | mfu: 28.8% | epoch: 1 | remaining: 205s    
step 00541 (31.6%) | loss: 3.140939 | lrm: 1.00 | dt: 184ms | tok/sec: 1,425,345 | mfu: 34.4% | epoch: 1 | remaining: 205s    
step 00542 (31.7%) | loss: 3.138129 | lrm: 1.00 | dt: 164ms | tok/sec: 1,595,560 | mfu: 38.6% | epoch: 1 | remaining: 205s    
step 00543 (31.7%) | loss: 3.139863 | lrm: 1.00 | dt: 168ms | tok/sec: 1,559,898 | mfu: 37.7% | epoch: 1 | remaining: 205s    
step 00544 (31.8%) | loss: 3.142535 | lrm: 1.00 | dt: 161ms | tok/sec: 1,626,749 | mfu: 39.3% | epoch: 1 | remaining: 204s    
step 00545 (31.9%) | loss: 3.144947 | lrm: 1.00 | dt: 170ms | tok/sec: 1,545,881 | mfu: 37.4% | epoch: 1 | remaining: 204s    
step 00546 (31.9%) | loss: 3.144561 | lrm: 1.00 | dt: 174ms | tok/sec: 1,508,999 | mfu: 36.5% | epoch: 1 | remaining: 204s    
step 00547 (32.0%) | loss: 3.141393 | lrm: 1.00 | dt: 172ms | tok/sec: 1,525,800 | mfu: 36.9% | epoch: 1 | remaining: 204s    
step 00548 (32.0%) | loss: 3.141193 | lrm: 1.00 | dt: 164ms | tok/sec: 1,600,826 | mfu: 38.7% | epoch: 1 | remaining: 204s    
step 00549 (32.1%) | loss: 3.140252 | lrm: 1.00 | dt: 162ms | tok/sec: 1,617,792 | mfu: 39.1% | epoch: 1 | remaining: 204s    
step 00550 (32.1%) | loss: 3.141259 | lrm: 1.00 | dt: 207ms | tok/sec: 1,268,482 | mfu: 30.6% | epoch: 1 | remaining: 203s    
step 00551 (32.2%) | loss: 3.137563 | lrm: 1.00 | dt: 172ms | tok/sec: 1,523,227 | mfu: 36.8% | epoch: 1 | remaining: 203s    
step 00552 (32.3%) | loss: 3.136777 | lrm: 1.00 | dt: 160ms | tok/sec: 1,638,799 | mfu: 39.6% | epoch: 1 | remaining: 203s    
step 00553 (32.3%) | loss: 3.143052 | lrm: 1.00 | dt: 165ms | tok/sec: 1,589,785 | mfu: 38.4% | epoch: 1 | remaining: 203s    
step 00554 (32.4%) | loss: 3.141203 | lrm: 1.00 | dt: 164ms | tok/sec: 1,598,694 | mfu: 38.6% | epoch: 1 | remaining: 203s    
step 00555 (32.4%) | loss: 3.139747 | lrm: 1.00 | dt: 176ms | tok/sec: 1,492,180 | mfu: 36.1% | epoch: 1 | remaining: 203s    
step 00556 (32.5%) | loss: 3.142178 | lrm: 1.00 | dt: 169ms | tok/sec: 1,550,488 | mfu: 37.5% | epoch: 1 | remaining: 202s    
step 00557 (32.5%) | loss: 3.139303 | lrm: 1.00 | dt: 169ms | tok/sec: 1,554,930 | mfu: 37.6% | epoch: 1 | remaining: 202s    
step 00558 (32.6%) | loss: 3.139956 | lrm: 1.00 | dt: 179ms | tok/sec: 1,467,968 | mfu: 35.5% | epoch: 1 | remaining: 202s    
step 00559 (32.7%) | loss: 3.141923 | lrm: 1.00 | dt: 160ms | tok/sec: 1,638,220 | mfu: 39.6% | epoch: 1 | remaining: 202s    
step 00560 (32.7%) | loss: 3.140581 | lrm: 1.00 | dt: 208ms | tok/sec: 1,262,664 | mfu: 30.5% | epoch: 1 | remaining: 202s    
step 00561 (32.8%) | loss: 3.140529 | lrm: 1.00 | dt: 163ms | tok/sec: 1,604,323 | mfu: 38.8% | epoch: 1 | remaining: 202s    
step 00562 (32.8%) | loss: 3.142324 | lrm: 1.00 | dt: 191ms | tok/sec: 1,371,997 | mfu: 33.1% | epoch: 1 | remaining: 201s    
step 00563 (32.9%) | loss: 3.143754 | lrm: 1.00 | dt: 163ms | tok/sec: 1,605,503 | mfu: 38.8% | epoch: 1 | remaining: 201s    
step 00564 (32.9%) | loss: 3.146774 | lrm: 1.00 | dt: 208ms | tok/sec: 1,262,646 | mfu: 30.5% | epoch: 1 | remaining: 201s    
step 00565 (33.0%) | loss: 3.145231 | lrm: 1.00 | dt: 194ms | tok/sec: 1,352,692 | mfu: 32.7% | epoch: 1 | remaining: 201s    
step 00566 (33.1%) | loss: 3.143439 | lrm: 1.00 | dt: 166ms | tok/sec: 1,575,524 | mfu: 38.1% | epoch: 1 | remaining: 201s    
step 00567 (33.1%) | loss: 3.144036 | lrm: 1.00 | dt: 198ms | tok/sec: 1,325,126 | mfu: 32.0% | epoch: 1 | remaining: 200s    
step 00568 (33.2%) | loss: 3.144161 | lrm: 1.00 | dt: 162ms | tok/sec: 1,620,804 | mfu: 39.2% | epoch: 1 | remaining: 200s    
step 00569 (33.3%) | loss: 3.141408 | lrm: 1.00 | dt: 169ms | tok/sec: 1,551,595 | mfu: 37.5% | epoch: 1 | remaining: 200s    
step 00570 (33.3%) | loss: 3.140325 | lrm: 1.00 | dt: 162ms | tok/sec: 1,614,689 | mfu: 39.0% | epoch: 1 | remaining: 200s    
step 00571 (33.4%) | loss: 3.139196 | lrm: 1.00 | dt: 172ms | tok/sec: 1,523,158 | mfu: 36.8% | epoch: 1 | remaining: 200s    
step 00572 (33.4%) | loss: 3.140878 | lrm: 1.00 | dt: 181ms | tok/sec: 1,446,921 | mfu: 35.0% | epoch: 1 | remaining: 200s    
step 00573 (33.5%) | loss: 3.140318 | lrm: 1.00 | dt: 164ms | tok/sec: 1,597,377 | mfu: 38.6% | epoch: 1 | remaining: 199s    
step 00574 (33.5%) | loss: 3.137422 | lrm: 1.00 | dt: 177ms | tok/sec: 1,483,078 | mfu: 35.8% | epoch: 1 | remaining: 199s    
step 00575 (33.6%) | loss: 3.136896 | lrm: 1.00 | dt: 160ms | tok/sec: 1,640,689 | mfu: 39.6% | epoch: 1 | remaining: 199s    
step 00576 (33.7%) | loss: 3.136127 | lrm: 1.00 | dt: 167ms | tok/sec: 1,571,723 | mfu: 38.0% | epoch: 1 | remaining: 199s    
step 00577 (33.7%) | loss: 3.141109 | lrm: 1.00 | dt: 166ms | tok/sec: 1,580,303 | mfu: 38.2% | epoch: 1 | remaining: 199s    
step 00578 (33.8%) | loss: 3.144328 | lrm: 1.00 | dt: 169ms | tok/sec: 1,554,622 | mfu: 37.6% | epoch: 1 | remaining: 199s    
step 00579 (33.8%) | loss: 3.141369 | lrm: 1.00 | dt: 240ms | tok/sec: 1,094,153 | mfu: 26.4% | epoch: 1 | remaining: 198s    
step 00580 (33.9%) | loss: 3.138933 | lrm: 1.00 | dt: 159ms | tok/sec: 1,646,673 | mfu: 39.8% | epoch: 1 | remaining: 198s    
step 00581 (34.0%) | loss: 3.136425 | lrm: 1.00 | dt: 161ms | tok/sec: 1,623,976 | mfu: 39.2% | epoch: 1 | remaining: 198s    
step 00582 (34.0%) | loss: 3.139942 | lrm: 1.00 | dt: 166ms | tok/sec: 1,575,035 | mfu: 38.1% | epoch: 1 | remaining: 198s    
step 00583 (34.1%) | loss: 3.138301 | lrm: 1.00 | dt: 166ms | tok/sec: 1,580,684 | mfu: 38.2% | epoch: 1 | remaining: 198s    
step 00584 (34.1%) | loss: 3.131317 | lrm: 1.00 | dt: 162ms | tok/sec: 1,615,759 | mfu: 39.0% | epoch: 1 | remaining: 197s    
step 00585 (34.2%) | loss: 3.130544 | lrm: 1.00 | dt: 182ms | tok/sec: 1,441,904 | mfu: 34.8% | epoch: 1 | remaining: 197s    
step 00586 (34.2%) | loss: 3.125218 | lrm: 1.00 | dt: 166ms | tok/sec: 1,576,439 | mfu: 38.1% | epoch: 1 | remaining: 197s    
step 00587 (34.3%) | loss: 3.124252 | lrm: 1.00 | dt: 163ms | tok/sec: 1,611,423 | mfu: 38.9% | epoch: 1 | remaining: 197s    
step 00588 (34.3%) | loss: 3.125470 | lrm: 1.00 | dt: 188ms | tok/sec: 1,394,510 | mfu: 33.7% | epoch: 1 | remaining: 197s    
step 00589 (34.4%) | loss: 3.125008 | lrm: 1.00 | dt: 164ms | tok/sec: 1,600,185 | mfu: 38.7% | epoch: 1 | remaining: 197s    
step 00590 (34.5%) | loss: 3.125834 | lrm: 1.00 | dt: 188ms | tok/sec: 1,396,971 | mfu: 33.8% | epoch: 1 | remaining: 196s    
step 00591 (34.5%) | loss: 3.130385 | lrm: 1.00 | dt: 167ms | tok/sec: 1,568,076 | mfu: 37.9% | epoch: 1 | remaining: 196s    
step 00592 (34.6%) | loss: 3.131546 | lrm: 1.00 | dt: 268ms | tok/sec: 977,487 | mfu: 23.6% | epoch: 1 | remaining: 196s    
step 00593 (34.7%) | loss: 3.133725 | lrm: 1.00 | dt: 192ms | tok/sec: 1,368,636 | mfu: 33.1% | epoch: 1 | remaining: 196s    
step 00594 (34.7%) | loss: 3.128629 | lrm: 1.00 | dt: 161ms | tok/sec: 1,633,268 | mfu: 39.5% | epoch: 1 | remaining: 196s    
step 00595 (34.8%) | loss: 3.134128 | lrm: 1.00 | dt: 187ms | tok/sec: 1,399,692 | mfu: 33.8% | epoch: 1 | remaining: 195s    
step 00596 (34.8%) | loss: 3.134891 | lrm: 1.00 | dt: 255ms | tok/sec: 1,029,491 | mfu: 24.9% | epoch: 1 | remaining: 195s    
step 00597 (34.9%) | loss: 3.131308 | lrm: 1.00 | dt: 170ms | tok/sec: 1,539,356 | mfu: 37.2% | epoch: 1 | remaining: 195s    
step 00598 (35.0%) | loss: 3.128896 | lrm: 1.00 | dt: 171ms | tok/sec: 1,534,428 | mfu: 37.1% | epoch: 1 | remaining: 195s    
step 00599 (35.0%) | loss: 3.120939 | lrm: 1.00 | dt: 160ms | tok/sec: 1,641,113 | mfu: 39.7% | epoch: 1 | remaining: 195s    
step 00600 (35.1%) | loss: 3.122094 | lrm: 1.00 | dt: 172ms | tok/sec: 1,524,926 | mfu: 36.8% | epoch: 1 | remaining: 195s    
step 00601 (35.2%) | loss: 3.122588 | lrm: 1.00 | dt: 160ms | tok/sec: 1,635,503 | mfu: 39.5% | epoch: 1 | remaining: 194s    
step 00602 (35.2%) | loss: 3.121634 | lrm: 1.00 | dt: 176ms | tok/sec: 1,492,976 | mfu: 36.1% | epoch: 1 | remaining: 194s    
step 00603 (35.3%) | loss: 3.124269 | lrm: 1.00 | dt: 168ms | tok/sec: 1,559,956 | mfu: 37.7% | epoch: 1 | remaining: 194s    
step 00604 (35.3%) | loss: 3.122107 | lrm: 1.00 | dt: 165ms | tok/sec: 1,586,015 | mfu: 38.3% | epoch: 1 | remaining: 194s    
step 00605 (35.4%) | loss: 3.122286 | lrm: 1.00 | dt: 162ms | tok/sec: 1,614,175 | mfu: 39.0% | epoch: 1 | remaining: 194s    
step 00606 (35.4%) | loss: 3.124164 | lrm: 1.00 | dt: 212ms | tok/sec: 1,236,530 | mfu: 29.9% | epoch: 1 | remaining: 193s    
step 00607 (35.5%) | loss: 3.124508 | lrm: 1.00 | dt: 181ms | tok/sec: 1,445,835 | mfu: 34.9% | epoch: 1 | remaining: 193s    
step 00608 (35.6%) | loss: 3.123705 | lrm: 1.00 | dt: 168ms | tok/sec: 1,557,774 | mfu: 37.6% | epoch: 1 | remaining: 193s    
step 00609 (35.6%) | loss: 3.121793 | lrm: 1.00 | dt: 199ms | tok/sec: 1,314,581 | mfu: 31.8% | epoch: 1 | remaining: 193s    
step 00610 (35.7%) | loss: 3.122372 | lrm: 1.00 | dt: 159ms | tok/sec: 1,645,433 | mfu: 39.8% | epoch: 1 | remaining: 193s    
step 00611 (35.7%) | loss: 3.121805 | lrm: 1.00 | dt: 160ms | tok/sec: 1,637,354 | mfu: 39.6% | epoch: 1 | remaining: 193s    
step 00612 (35.8%) | loss: 3.119674 | lrm: 1.00 | dt: 252ms | tok/sec: 1,042,126 | mfu: 25.2% | epoch: 1 | remaining: 192s    
step 00613 (35.9%) | loss: 3.116365 | lrm: 1.00 | dt: 168ms | tok/sec: 1,564,559 | mfu: 37.8% | epoch: 1 | remaining: 192s    
step 00614 (35.9%) | loss: 3.112854 | lrm: 1.00 | dt: 180ms | tok/sec: 1,456,015 | mfu: 35.2% | epoch: 1 | remaining: 192s    
step 00615 (36.0%) | loss: 3.109178 | lrm: 1.00 | dt: 158ms | tok/sec: 1,654,973 | mfu: 40.0% | epoch: 1 | remaining: 192s    
step 00616 (36.0%) | loss: 3.107381 | lrm: 1.00 | dt: 201ms | tok/sec: 1,305,844 | mfu: 31.6% | epoch: 1 | remaining: 192s    
step 00617 (36.1%) | loss: 3.105879 | lrm: 1.00 | dt: 159ms | tok/sec: 1,651,543 | mfu: 39.9% | epoch: 1 | remaining: 192s    
step 00618 (36.2%) | loss: 3.100987 | lrm: 1.00 | dt: 165ms | tok/sec: 1,588,256 | mfu: 38.4% | epoch: 1 | remaining: 191s    
step 00619 (36.2%) | loss: 3.099478 | lrm: 1.00 | dt: 165ms | tok/sec: 1,593,328 | mfu: 38.5% | epoch: 1 | remaining: 191s    
step 00620 (36.3%) | loss: 3.096643 | lrm: 1.00 | dt: 167ms | tok/sec: 1,569,347 | mfu: 37.9% | epoch: 1 | remaining: 191s    
step 00621 (36.3%) | loss: 3.100445 | lrm: 1.00 | dt: 162ms | tok/sec: 1,619,858 | mfu: 39.1% | epoch: 1 | remaining: 191s    
step 00622 (36.4%) | loss: 3.097748 | lrm: 1.00 | dt: 172ms | tok/sec: 1,526,058 | mfu: 36.9% | epoch: 1 | remaining: 191s    
step 00623 (36.4%) | loss: 3.100617 | lrm: 1.00 | dt: 165ms | tok/sec: 1,588,591 | mfu: 38.4% | epoch: 1 | remaining: 191s    
step 00624 (36.5%) | loss: 3.101171 | lrm: 1.00 | dt: 165ms | tok/sec: 1,587,886 | mfu: 38.4% | epoch: 1 | remaining: 190s    
step 00625 (36.6%) | loss: 3.102219 | lrm: 1.00 | dt: 164ms | tok/sec: 1,602,658 | mfu: 38.7% | epoch: 1 | remaining: 190s    
step 00626 (36.6%) | loss: 3.104610 | lrm: 1.00 | dt: 172ms | tok/sec: 1,527,793 | mfu: 36.9% | epoch: 1 | remaining: 190s    
step 00627 (36.7%) | loss: 3.104464 | lrm: 1.00 | dt: 169ms | tok/sec: 1,555,234 | mfu: 37.6% | epoch: 1 | remaining: 190s    
step 00628 (36.7%) | loss: 3.098545 | lrm: 1.00 | dt: 166ms | tok/sec: 1,574,976 | mfu: 38.1% | epoch: 1 | remaining: 190s    
step 00629 (36.8%) | loss: 3.096539 | lrm: 1.00 | dt: 166ms | tok/sec: 1,579,801 | mfu: 38.2% | epoch: 1 | remaining: 190s    
step 00630 (36.8%) | loss: 3.096833 | lrm: 1.00 | dt: 166ms | tok/sec: 1,581,439 | mfu: 38.2% | epoch: 1 | remaining: 189s    
step 00631 (36.9%) | loss: 3.096568 | lrm: 1.00 | dt: 165ms | tok/sec: 1,583,952 | mfu: 38.3% | epoch: 1 | remaining: 189s    
step 00632 (36.9%) | loss: 3.103750 | lrm: 1.00 | dt: 165ms | tok/sec: 1,584,991 | mfu: 38.3% | epoch: 1 | remaining: 189s    
step 00633 (37.0%) | loss: 3.106165 | lrm: 1.00 | dt: 184ms | tok/sec: 1,425,816 | mfu: 34.4% | epoch: 1 | remaining: 189s    
step 00634 (37.1%) | loss: 3.105130 | lrm: 1.00 | dt: 161ms | tok/sec: 1,626,017 | mfu: 39.3% | epoch: 1 | remaining: 189s    
step 00635 (37.1%) | loss: 3.100853 | lrm: 1.00 | dt: 211ms | tok/sec: 1,244,548 | mfu: 30.1% | epoch: 1 | remaining: 188s    
step 00636 (37.2%) | loss: 3.103566 | lrm: 1.00 | dt: 159ms | tok/sec: 1,647,282 | mfu: 39.8% | epoch: 1 | remaining: 188s    
step 00637 (37.2%) | loss: 3.101820 | lrm: 1.00 | dt: 179ms | tok/sec: 1,467,189 | mfu: 35.4% | epoch: 1 | remaining: 188s    
step 00638 (37.3%) | loss: 3.104062 | lrm: 1.00 | dt: 172ms | tok/sec: 1,526,399 | mfu: 36.9% | epoch: 1 | remaining: 188s    
step 00639 (37.4%) | loss: 3.104934 | lrm: 1.00 | dt: 193ms | tok/sec: 1,355,129 | mfu: 32.7% | epoch: 1 | remaining: 188s    
step 00640 (37.4%) | loss: 3.102638 | lrm: 1.00 | dt: 175ms | tok/sec: 1,498,721 | mfu: 36.2% | epoch: 1 | remaining: 188s    
step 00641 (37.5%) | loss: 3.102196 | lrm: 1.00 | dt: 217ms | tok/sec: 1,208,440 | mfu: 29.2% | epoch: 1 | remaining: 187s    
step 00642 (37.5%) | loss: 3.104294 | lrm: 1.00 | dt: 188ms | tok/sec: 1,391,165 | mfu: 33.6% | epoch: 1 | remaining: 187s    
step 00643 (37.6%) | loss: 3.109124 | lrm: 1.00 | dt: 160ms | tok/sec: 1,638,513 | mfu: 39.6% | epoch: 1 | remaining: 187s    
step 00644 (37.7%) | loss: 3.106249 | lrm: 1.00 | dt: 192ms | tok/sec: 1,366,306 | mfu: 33.0% | epoch: 1 | remaining: 187s    
step 00645 (37.7%) | loss: 3.103348 | lrm: 1.00 | dt: 160ms | tok/sec: 1,637,981 | mfu: 39.6% | epoch: 1 | remaining: 187s    
step 00646 (37.8%) | loss: 3.104968 | lrm: 1.00 | dt: 162ms | tok/sec: 1,617,616 | mfu: 39.1% | epoch: 1 | remaining: 187s    
step 00647 (37.8%) | loss: 3.102344 | lrm: 1.00 | dt: 176ms | tok/sec: 1,491,724 | mfu: 36.0% | epoch: 1 | remaining: 186s    
step 00648 (37.9%) | loss: 3.099619 | lrm: 1.00 | dt: 165ms | tok/sec: 1,592,278 | mfu: 38.5% | epoch: 1 | remaining: 186s    
step 00649 (37.9%) | loss: 3.099954 | lrm: 1.00 | dt: 178ms | tok/sec: 1,474,890 | mfu: 35.6% | epoch: 1 | remaining: 186s    
step 00650 (38.0%) | loss: 3.096092 | lrm: 1.00 | dt: 164ms | tok/sec: 1,600,875 | mfu: 38.7% | epoch: 1 | remaining: 186s    
step 00651 (38.1%) | loss: 3.094849 | lrm: 1.00 | dt: 205ms | tok/sec: 1,276,013 | mfu: 30.8% | epoch: 1 | remaining: 186s    
step 00652 (38.1%) | loss: 3.090684 | lrm: 1.00 | dt: 164ms | tok/sec: 1,598,506 | mfu: 38.6% | epoch: 1 | remaining: 185s    
step 00653 (38.2%) | loss: 3.095640 | lrm: 1.00 | dt: 162ms | tok/sec: 1,617,209 | mfu: 39.1% | epoch: 1 | remaining: 185s    
step 00654 (38.2%) | loss: 3.098186 | lrm: 1.00 | dt: 171ms | tok/sec: 1,534,518 | mfu: 37.1% | epoch: 1 | remaining: 185s    
step 00655 (38.3%) | loss: 3.102958 | lrm: 1.00 | dt: 165ms | tok/sec: 1,587,893 | mfu: 38.4% | epoch: 1 | remaining: 185s    
step 00656 (38.3%) | loss: 3.098530 | lrm: 1.00 | dt: 163ms | tok/sec: 1,604,957 | mfu: 38.8% | epoch: 1 | remaining: 185s    
step 00657 (38.4%) | loss: 3.094872 | lrm: 1.00 | dt: 180ms | tok/sec: 1,452,714 | mfu: 35.1% | epoch: 1 | remaining: 185s    
step 00658 (38.5%) | loss: 3.095237 | lrm: 1.00 | dt: 172ms | tok/sec: 1,521,162 | mfu: 36.8% | epoch: 1 | remaining: 184s    
step 00659 (38.5%) | loss: 3.097912 | lrm: 1.00 | dt: 162ms | tok/sec: 1,620,162 | mfu: 39.1% | epoch: 1 | remaining: 184s    
step 00660 (38.6%) | loss: 3.100630 | lrm: 1.00 | dt: 188ms | tok/sec: 1,397,971 | mfu: 33.8% | epoch: 1 | remaining: 184s    
step 00661 (38.6%) | loss: 3.098974 | lrm: 1.00 | dt: 159ms | tok/sec: 1,650,628 | mfu: 39.9% | epoch: 1 | remaining: 184s    
step 00662 (38.7%) | loss: 3.099094 | lrm: 1.00 | dt: 163ms | tok/sec: 1,607,158 | mfu: 38.8% | epoch: 1 | remaining: 184s    
step 00663 (38.7%) | loss: 3.101829 | lrm: 1.00 | dt: 170ms | tok/sec: 1,542,747 | mfu: 37.3% | epoch: 1 | remaining: 184s    
step 00664 (38.8%) | loss: 3.105366 | lrm: 1.00 | dt: 166ms | tok/sec: 1,583,033 | mfu: 38.2% | epoch: 1 | remaining: 183s    
step 00665 (38.9%) | loss: 3.104491 | lrm: 1.00 | dt: 178ms | tok/sec: 1,476,104 | mfu: 35.7% | epoch: 1 | remaining: 183s    
step 00666 (38.9%) | loss: 3.106576 | lrm: 1.00 | dt: 169ms | tok/sec: 1,550,879 | mfu: 37.5% | epoch: 1 | remaining: 183s    
step 00667 (39.0%) | loss: 3.105035 | lrm: 1.00 | dt: 164ms | tok/sec: 1,601,728 | mfu: 38.7% | epoch: 1 | remaining: 183s    
step 00668 (39.0%) | loss: 3.104492 | lrm: 1.00 | dt: 177ms | tok/sec: 1,483,897 | mfu: 35.9% | epoch: 1 | remaining: 183s    
step 00669 (39.1%) | loss: 3.103325 | lrm: 1.00 | dt: 169ms | tok/sec: 1,552,105 | mfu: 37.5% | epoch: 1 | remaining: 183s    
step 00670 (39.1%) | loss: 3.104694 | lrm: 1.00 | dt: 171ms | tok/sec: 1,530,413 | mfu: 37.0% | epoch: 1 | remaining: 182s    
step 00671 (39.2%) | loss: 3.102670 | lrm: 1.00 | dt: 166ms | tok/sec: 1,583,783 | mfu: 38.3% | epoch: 1 | remaining: 182s    
step 00672 (39.3%) | loss: 3.094016 | lrm: 1.00 | dt: 171ms | tok/sec: 1,531,854 | mfu: 37.0% | epoch: 1 | remaining: 182s    
step 00673 (39.3%) | loss: 3.097067 | lrm: 1.00 | dt: 160ms | tok/sec: 1,639,564 | mfu: 39.6% | epoch: 1 | remaining: 182s    
step 00674 (39.4%) | loss: 3.097866 | lrm: 1.00 | dt: 168ms | tok/sec: 1,561,502 | mfu: 37.7% | epoch: 1 | remaining: 182s    
step 00675 (39.4%) | loss: 3.102976 | lrm: 1.00 | dt: 166ms | tok/sec: 1,575,978 | mfu: 38.1% | epoch: 1 | remaining: 182s    
step 00676 (39.5%) | loss: 3.099928 | lrm: 1.00 | dt: 164ms | tok/sec: 1,602,630 | mfu: 38.7% | epoch: 1 | remaining: 181s    
step 00677 (39.5%) | loss: 3.098604 | lrm: 1.00 | dt: 166ms | tok/sec: 1,579,297 | mfu: 38.2% | epoch: 1 | remaining: 181s    
step 00678 (39.6%) | loss: 3.098680 | lrm: 1.00 | dt: 168ms | tok/sec: 1,558,372 | mfu: 37.7% | epoch: 1 | remaining: 181s    
step 00679 (39.6%) | loss: 3.099411 | lrm: 1.00 | dt: 167ms | tok/sec: 1,573,831 | mfu: 38.0% | epoch: 1 | remaining: 181s    
step 00680 (39.7%) | loss: 3.092868 | lrm: 1.00 | dt: 164ms | tok/sec: 1,594,877 | mfu: 38.5% | epoch: 1 | remaining: 181s    
step 00681 (39.8%) | loss: 3.096492 | lrm: 1.00 | dt: 168ms | tok/sec: 1,564,974 | mfu: 37.8% | epoch: 1 | remaining: 181s    
step 00682 (39.8%) | loss: 3.099635 | lrm: 1.00 | dt: 176ms | tok/sec: 1,491,538 | mfu: 36.0% | epoch: 1 | remaining: 180s    
step 00683 (39.9%) | loss: 3.104326 | lrm: 1.00 | dt: 165ms | tok/sec: 1,586,983 | mfu: 38.3% | epoch: 1 | remaining: 180s    
step 00684 (39.9%) | loss: 3.101366 | lrm: 1.00 | dt: 164ms | tok/sec: 1,594,440 | mfu: 38.5% | epoch: 1 | remaining: 180s    
step 00685 (40.0%) | loss: 3.102697 | lrm: 1.00 | dt: 165ms | tok/sec: 1,589,243 | mfu: 38.4% | epoch: 1 | remaining: 180s    
step 00686 (40.0%) | loss: 3.105913 | lrm: 1.00 | dt: 212ms | tok/sec: 1,237,700 | mfu: 29.9% | epoch: 1 | remaining: 180s    
step 00687 (40.1%) | loss: 3.101963 | lrm: 1.00 | dt: 187ms | tok/sec: 1,401,819 | mfu: 33.9% | epoch: 1 | remaining: 180s    
step 00688 (40.2%) | loss: 3.106364 | lrm: 1.00 | dt: 159ms | tok/sec: 1,646,369 | mfu: 39.8% | epoch: 1 | remaining: 179s    
step 00689 (40.2%) | loss: 3.106151 | lrm: 1.00 | dt: 188ms | tok/sec: 1,396,481 | mfu: 33.7% | epoch: 1 | remaining: 179s    
step 00690 (40.3%) | loss: 3.105667 | lrm: 1.00 | dt: 159ms | tok/sec: 1,644,085 | mfu: 39.7% | epoch: 1 | remaining: 179s    
step 00691 (40.3%) | loss: 3.109899 | lrm: 1.00 | dt: 181ms | tok/sec: 1,449,275 | mfu: 35.0% | epoch: 1 | remaining: 179s    
step 00692 (40.4%) | loss: 3.107661 | lrm: 1.00 | dt: 187ms | tok/sec: 1,403,714 | mfu: 33.9% | epoch: 1 | remaining: 179s    
step 00693 (40.5%) | loss: 3.103879 | lrm: 1.00 | dt: 178ms | tok/sec: 1,469,346 | mfu: 35.5% | epoch: 1 | remaining: 178s    
step 00694 (40.5%) | loss: 3.104146 | lrm: 1.00 | dt: 160ms | tok/sec: 1,638,545 | mfu: 39.6% | epoch: 1 | remaining: 178s    
step 00695 (40.6%) | loss: 3.099463 | lrm: 1.00 | dt: 164ms | tok/sec: 1,601,703 | mfu: 38.7% | epoch: 1 | remaining: 178s    
step 00696 (40.6%) | loss: 3.099301 | lrm: 1.00 | dt: 183ms | tok/sec: 1,432,047 | mfu: 34.6% | epoch: 1 | remaining: 178s    
step 00697 (40.7%) | loss: 3.097371 | lrm: 1.00 | dt: 159ms | tok/sec: 1,651,352 | mfu: 39.9% | epoch: 1 | remaining: 178s    
step 00698 (40.7%) | loss: 3.093792 | lrm: 1.00 | dt: 169ms | tok/sec: 1,548,357 | mfu: 37.4% | epoch: 1 | remaining: 178s    
step 00699 (40.8%) | loss: 3.093905 | lrm: 1.00 | dt: 169ms | tok/sec: 1,549,762 | mfu: 37.4% | epoch: 1 | remaining: 177s    
step 00700 (40.9%) | loss: 3.093276 | lrm: 1.00 | dt: 177ms | tok/sec: 1,477,812 | mfu: 35.7% | epoch: 1 | remaining: 177s    
step 00701 (40.9%) | loss: 3.092794 | lrm: 1.00 | dt: 159ms | tok/sec: 1,648,482 | mfu: 39.8% | epoch: 1 | remaining: 177s    
step 00702 (41.0%) | loss: 3.092903 | lrm: 1.00 | dt: 166ms | tok/sec: 1,580,507 | mfu: 38.2% | epoch: 1 | remaining: 177s    
step 00703 (41.0%) | loss: 3.093274 | lrm: 1.00 | dt: 189ms | tok/sec: 1,385,906 | mfu: 33.5% | epoch: 1 | remaining: 177s    
step 00704 (41.1%) | loss: 3.091403 | lrm: 1.00 | dt: 160ms | tok/sec: 1,636,689 | mfu: 39.5% | epoch: 1 | remaining: 177s    
step 00705 (41.1%) | loss: 3.090197 | lrm: 1.00 | dt: 177ms | tok/sec: 1,477,629 | mfu: 35.7% | epoch: 1 | remaining: 176s    
step 00706 (41.2%) | loss: 3.094035 | lrm: 1.00 | dt: 167ms | tok/sec: 1,565,397 | mfu: 37.8% | epoch: 1 | remaining: 176s    
step 00707 (41.2%) | loss: 3.094889 | lrm: 1.00 | dt: 162ms | tok/sec: 1,619,584 | mfu: 39.1% | epoch: 1 | remaining: 176s    
step 00708 (41.3%) | loss: 3.091265 | lrm: 1.00 | dt: 181ms | tok/sec: 1,449,648 | mfu: 35.0% | epoch: 1 | remaining: 176s    
step 00709 (41.4%) | loss: 3.087609 | lrm: 1.00 | dt: 165ms | tok/sec: 1,591,255 | mfu: 38.4% | epoch: 1 | remaining: 176s    
step 00710 (41.4%) | loss: 3.091061 | lrm: 1.00 | dt: 168ms | tok/sec: 1,560,719 | mfu: 37.7% | epoch: 1 | remaining: 176s    
step 00711 (41.5%) | loss: 3.086296 | lrm: 1.00 | dt: 166ms | tok/sec: 1,582,518 | mfu: 38.2% | epoch: 1 | remaining: 175s    
step 00712 (41.5%) | loss: 3.087077 | lrm: 1.00 | dt: 177ms | tok/sec: 1,476,883 | mfu: 35.7% | epoch: 1 | remaining: 175s    
step 00713 (41.6%) | loss: 3.090997 | lrm: 1.00 | dt: 160ms | tok/sec: 1,636,514 | mfu: 39.5% | epoch: 1 | remaining: 175s    
step 00714 (41.6%) | loss: 3.085226 | lrm: 1.00 | dt: 186ms | tok/sec: 1,409,057 | mfu: 34.0% | epoch: 1 | remaining: 175s    
step 00715 (41.7%) | loss: 3.089908 | lrm: 1.00 | dt: 166ms | tok/sec: 1,578,868 | mfu: 38.1% | epoch: 1 | remaining: 175s    
step 00716 (41.8%) | loss: 3.085206 | lrm: 1.00 | dt: 178ms | tok/sec: 1,468,998 | mfu: 35.5% | epoch: 1 | remaining: 175s    
step 00717 (41.8%) | loss: 3.088779 | lrm: 1.00 | dt: 200ms | tok/sec: 1,307,858 | mfu: 31.6% | epoch: 1 | remaining: 174s    
step 00718 (41.9%) | loss: 3.086009 | lrm: 1.00 | dt: 162ms | tok/sec: 1,613,280 | mfu: 39.0% | epoch: 1 | remaining: 174s    
step 00719 (41.9%) | loss: 3.088695 | lrm: 1.00 | dt: 167ms | tok/sec: 1,573,025 | mfu: 38.0% | epoch: 1 | remaining: 174s    
step 00720 (42.0%) | loss: 3.087524 | lrm: 1.00 | dt: 190ms | tok/sec: 1,379,923 | mfu: 33.3% | epoch: 1 | remaining: 174s    
step 00721 (42.1%) | loss: 3.087179 | lrm: 1.00 | dt: 159ms | tok/sec: 1,653,212 | mfu: 39.9% | epoch: 1 | remaining: 174s    
step 00722 (42.1%) | loss: 3.086141 | lrm: 1.00 | dt: 180ms | tok/sec: 1,456,395 | mfu: 35.2% | epoch: 1 | remaining: 173s    
step 00723 (42.2%) | loss: 3.086876 | lrm: 1.00 | dt: 171ms | tok/sec: 1,536,330 | mfu: 37.1% | epoch: 1 | remaining: 173s    
step 00724 (42.2%) | loss: 3.080133 | lrm: 1.00 | dt: 165ms | tok/sec: 1,584,274 | mfu: 38.3% | epoch: 1 | remaining: 173s    
step 00725 (42.3%) | loss: 3.076721 | lrm: 1.00 | dt: 161ms | tok/sec: 1,623,983 | mfu: 39.2% | epoch: 1 | remaining: 173s    
step 00726 (42.3%) | loss: 3.084659 | lrm: 1.00 | dt: 176ms | tok/sec: 1,490,956 | mfu: 36.0% | epoch: 1 | remaining: 173s    
step 00727 (42.4%) | loss: 3.086603 | lrm: 1.00 | dt: 174ms | tok/sec: 1,504,340 | mfu: 36.3% | epoch: 1 | remaining: 173s    
step 00728 (42.5%) | loss: 3.086844 | lrm: 1.00 | dt: 164ms | tok/sec: 1,603,116 | mfu: 38.7% | epoch: 1 | remaining: 172s    
step 00729 (42.5%) | loss: 3.084318 | lrm: 1.00 | dt: 177ms | tok/sec: 1,477,923 | mfu: 35.7% | epoch: 1 | remaining: 172s    
step 00730 (42.6%) | loss: 3.086648 | lrm: 1.00 | dt: 173ms | tok/sec: 1,516,371 | mfu: 36.6% | epoch: 1 | remaining: 172s    
step 00731 (42.6%) | loss: 3.086753 | lrm: 1.00 | dt: 180ms | tok/sec: 1,456,192 | mfu: 35.2% | epoch: 1 | remaining: 172s    
step 00732 (42.7%) | loss: 3.080599 | lrm: 1.00 | dt: 161ms | tok/sec: 1,625,121 | mfu: 39.3% | epoch: 1 | remaining: 172s    
step 00733 (42.7%) | loss: 3.079309 | lrm: 1.00 | dt: 187ms | tok/sec: 1,399,637 | mfu: 33.8% | epoch: 1 | remaining: 172s    
step 00734 (42.8%) | loss: 3.080707 | lrm: 1.00 | dt: 160ms | tok/sec: 1,641,221 | mfu: 39.7% | epoch: 1 | remaining: 171s    
step 00735 (42.9%) | loss: 3.084228 | lrm: 1.00 | dt: 170ms | tok/sec: 1,540,989 | mfu: 37.2% | epoch: 1 | remaining: 171s    
step 00736 (42.9%) | loss: 3.083656 | lrm: 1.00 | dt: 174ms | tok/sec: 1,507,938 | mfu: 36.4% | epoch: 1 | remaining: 171s    
step 00737 (43.0%) | loss: 3.084540 | lrm: 1.00 | dt: 163ms | tok/sec: 1,612,397 | mfu: 39.0% | epoch: 1 | remaining: 171s    
step 00738 (43.0%) | loss: 3.078444 | lrm: 1.00 | dt: 184ms | tok/sec: 1,421,858 | mfu: 34.4% | epoch: 1 | remaining: 171s    
step 00739 (43.1%) | loss: 3.080453 | lrm: 1.00 | dt: 166ms | tok/sec: 1,583,477 | mfu: 38.3% | epoch: 1 | remaining: 171s    
step 00740 (43.1%) | loss: 3.079061 | lrm: 1.00 | dt: 201ms | tok/sec: 1,302,765 | mfu: 31.5% | epoch: 1 | remaining: 170s    
step 00741 (43.2%) | loss: 3.076940 | lrm: 1.00 | dt: 160ms | tok/sec: 1,640,822 | mfu: 39.6% | epoch: 1 | remaining: 170s    
step 00742 (43.3%) | loss: 3.074248 | lrm: 1.00 | dt: 163ms | tok/sec: 1,604,887 | mfu: 38.8% | epoch: 1 | remaining: 170s    
step 00743 (43.3%) | loss: 3.073623 | lrm: 1.00 | dt: 164ms | tok/sec: 1,601,829 | mfu: 38.7% | epoch: 1 | remaining: 170s    
step 00744 (43.4%) | loss: 3.071649 | lrm: 1.00 | dt: 166ms | tok/sec: 1,577,509 | mfu: 38.1% | epoch: 1 | remaining: 170s    
step 00745 (43.4%) | loss: 3.076343 | lrm: 1.00 | dt: 168ms | tok/sec: 1,557,311 | mfu: 37.6% | epoch: 1 | remaining: 170s    
step 00746 (43.5%) | loss: 3.073099 | lrm: 1.00 | dt: 173ms | tok/sec: 1,515,727 | mfu: 36.6% | epoch: 1 | remaining: 169s    
step 00747 (43.5%) | loss: 3.075123 | lrm: 1.00 | dt: 164ms | tok/sec: 1,594,611 | mfu: 38.5% | epoch: 1 | remaining: 169s    
step 00748 (43.6%) | loss: 3.080237 | lrm: 1.00 | dt: 177ms | tok/sec: 1,477,852 | mfu: 35.7% | epoch: 1 | remaining: 169s    
step 00749 (43.7%) | loss: 3.075689 | lrm: 1.00 | dt: 161ms | tok/sec: 1,628,602 | mfu: 39.3% | epoch: 1 | remaining: 169s    
step 00750 (43.7%) | loss: 3.071631 | lrm: 1.00 | dt: 171ms | tok/sec: 1,536,547 | mfu: 37.1% | epoch: 1 | remaining: 169s    
step 00751 (43.8%) | loss: 3.071783 | lrm: 1.00 | dt: 164ms | tok/sec: 1,600,740 | mfu: 38.7% | epoch: 1 | remaining: 169s    
step 00752 (43.8%) | loss: 3.068844 | lrm: 1.00 | dt: 168ms | tok/sec: 1,562,874 | mfu: 37.8% | epoch: 1 | remaining: 168s    
step 00753 (43.9%) | loss: 3.070990 | lrm: 1.00 | dt: 165ms | tok/sec: 1,585,128 | mfu: 38.3% | epoch: 1 | remaining: 168s    
step 00754 (43.9%) | loss: 3.073624 | lrm: 1.00 | dt: 172ms | tok/sec: 1,523,476 | mfu: 36.8% | epoch: 1 | remaining: 168s    
step 00755 (44.0%) | loss: 3.072994 | lrm: 1.00 | dt: 193ms | tok/sec: 1,358,446 | mfu: 32.8% | epoch: 1 | remaining: 168s    
step 00756 (44.1%) | loss: 3.076162 | lrm: 1.00 | dt: 159ms | tok/sec: 1,648,154 | mfu: 39.8% | epoch: 1 | remaining: 168s    
step 00757 (44.1%) | loss: 3.077988 | lrm: 1.00 | dt: 176ms | tok/sec: 1,491,660 | mfu: 36.0% | epoch: 1 | remaining: 168s    
step 00758 (44.2%) | loss: 3.081794 | lrm: 1.00 | dt: 161ms | tok/sec: 1,625,001 | mfu: 39.3% | epoch: 1 | remaining: 167s    
step 00759 (44.2%) | loss: 3.079989 | lrm: 1.00 | dt: 165ms | tok/sec: 1,587,524 | mfu: 38.4% | epoch: 1 | remaining: 167s    
step 00760 (44.3%) | loss: 3.075058 | lrm: 1.00 | dt: 184ms | tok/sec: 1,425,260 | mfu: 34.4% | epoch: 1 | remaining: 167s    
step 00761 (44.3%) | loss: 3.069017 | lrm: 1.00 | dt: 167ms | tok/sec: 1,569,845 | mfu: 37.9% | epoch: 1 | remaining: 167s    
step 00762 (44.4%) | loss: 3.071220 | lrm: 1.00 | dt: 198ms | tok/sec: 1,321,952 | mfu: 31.9% | epoch: 1 | remaining: 167s    
step 00763 (44.5%) | loss: 3.073753 | lrm: 1.00 | dt: 159ms | tok/sec: 1,649,714 | mfu: 39.9% | epoch: 1 | remaining: 166s    
step 00764 (44.5%) | loss: 3.072716 | lrm: 1.00 | dt: 173ms | tok/sec: 1,517,046 | mfu: 36.7% | epoch: 1 | remaining: 166s    
step 00765 (44.6%) | loss: 3.070709 | lrm: 1.00 | dt: 163ms | tok/sec: 1,604,835 | mfu: 38.8% | epoch: 1 | remaining: 166s    
step 00766 (44.6%) | loss: 3.067620 | lrm: 1.00 | dt: 168ms | tok/sec: 1,556,143 | mfu: 37.6% | epoch: 1 | remaining: 166s    
step 00767 (44.7%) | loss: 3.066966 | lrm: 1.00 | dt: 169ms | tok/sec: 1,554,719 | mfu: 37.6% | epoch: 1 | remaining: 166s    
step 00768 (44.7%) | loss: 3.070612 | lrm: 1.00 | dt: 184ms | tok/sec: 1,425,426 | mfu: 34.4% | epoch: 1 | remaining: 166s    
step 00769 (44.8%) | loss: 3.071971 | lrm: 1.00 | dt: 160ms | tok/sec: 1,642,336 | mfu: 39.7% | epoch: 1 | remaining: 165s    
step 00770 (44.8%) | loss: 3.068792 | lrm: 1.00 | dt: 170ms | tok/sec: 1,540,983 | mfu: 37.2% | epoch: 1 | remaining: 165s    
step 00771 (44.9%) | loss: 3.072206 | lrm: 1.00 | dt: 184ms | tok/sec: 1,425,327 | mfu: 34.4% | epoch: 1 | remaining: 165s    
step 00772 (45.0%) | loss: 3.072357 | lrm: 1.00 | dt: 159ms | tok/sec: 1,652,061 | mfu: 39.9% | epoch: 1 | remaining: 165s    
step 00773 (45.0%) | loss: 3.075642 | lrm: 1.00 | dt: 167ms | tok/sec: 1,573,975 | mfu: 38.0% | epoch: 1 | remaining: 165s    
step 00774 (45.1%) | loss: 3.078459 | lrm: 1.00 | dt: 168ms | tok/sec: 1,560,850 | mfu: 37.7% | epoch: 1 | remaining: 165s    
step 00775 (45.1%) | loss: 3.077796 | lrm: 1.00 | dt: 163ms | tok/sec: 1,612,312 | mfu: 39.0% | epoch: 1 | remaining: 164s    
step 00776 (45.2%) | loss: 3.072370 | lrm: 1.00 | dt: 186ms | tok/sec: 1,408,121 | mfu: 34.0% | epoch: 1 | remaining: 164s    
step 00777 (45.2%) | loss: 3.071351 | lrm: 1.00 | dt: 161ms | tok/sec: 1,625,284 | mfu: 39.3% | epoch: 1 | remaining: 164s    
step 00778 (45.3%) | loss: 3.070599 | lrm: 1.00 | dt: 194ms | tok/sec: 1,349,474 | mfu: 32.6% | epoch: 1 | remaining: 164s    
step 00779 (45.4%) | loss: 3.071878 | lrm: 1.00 | dt: 161ms | tok/sec: 1,632,994 | mfu: 39.5% | epoch: 1 | remaining: 164s    
step 00780 (45.4%) | loss: 3.069752 | lrm: 1.00 | dt: 162ms | tok/sec: 1,620,145 | mfu: 39.1% | epoch: 1 | remaining: 164s    
step 00781 (45.5%) | loss: 3.071115 | lrm: 1.00 | dt: 163ms | tok/sec: 1,604,007 | mfu: 38.8% | epoch: 1 | remaining: 163s    
step 00782 (45.5%) | loss: 3.069618 | lrm: 1.00 | dt: 171ms | tok/sec: 1,535,420 | mfu: 37.1% | epoch: 1 | remaining: 163s    
step 00783 (45.6%) | loss: 3.068355 | lrm: 1.00 | dt: 273ms | tok/sec: 961,091 | mfu: 23.2% | epoch: 1 | remaining: 163s    
step 00784 (45.7%) | loss: 3.065545 | lrm: 1.00 | dt: 159ms | tok/sec: 1,645,911 | mfu: 39.8% | epoch: 1 | remaining: 163s    
step 00785 (45.7%) | loss: 3.062398 | lrm: 1.00 | dt: 188ms | tok/sec: 1,397,378 | mfu: 33.8% | epoch: 1 | remaining: 163s    
step 00786 (45.8%) | loss: 3.060910 | lrm: 1.00 | dt: 160ms | tok/sec: 1,643,254 | mfu: 39.7% | epoch: 1 | remaining: 162s    
step 00787 (45.8%) | loss: 3.062358 | lrm: 1.00 | dt: 293ms | tok/sec: 893,929 | mfu: 21.6% | epoch: 1 | remaining: 162s    
step 00788 (45.9%) | loss: 3.065579 | lrm: 1.00 | dt: 169ms | tok/sec: 1,554,961 | mfu: 37.6% | epoch: 1 | remaining: 162s    
step 00789 (46.0%) | loss: 3.062195 | lrm: 1.00 | dt: 160ms | tok/sec: 1,635,866 | mfu: 39.5% | epoch: 1 | remaining: 162s    
step 00790 (46.0%) | loss: 3.062795 | lrm: 1.00 | dt: 162ms | tok/sec: 1,619,942 | mfu: 39.1% | epoch: 1 | remaining: 162s    
step 00791 (46.1%) | loss: 3.058121 | lrm: 1.00 | dt: 162ms | tok/sec: 1,621,686 | mfu: 39.2% | epoch: 1 | remaining: 162s    
step 00792 (46.2%) | loss: 3.063428 | lrm: 1.00 | dt: 162ms | tok/sec: 1,620,267 | mfu: 39.1% | epoch: 1 | remaining: 161s    
step 00793 (46.2%) | loss: 3.057929 | lrm: 1.00 | dt: 180ms | tok/sec: 1,460,155 | mfu: 35.3% | epoch: 1 | remaining: 161s    
step 00794 (46.3%) | loss: 3.059502 | lrm: 1.00 | dt: 176ms | tok/sec: 1,487,649 | mfu: 35.9% | epoch: 1 | remaining: 161s    
step 00795 (46.3%) | loss: 3.062220 | lrm: 1.00 | dt: 162ms | tok/sec: 1,618,623 | mfu: 39.1% | epoch: 1 | remaining: 161s    
step 00796 (46.4%) | loss: 3.061089 | lrm: 1.00 | dt: 160ms | tok/sec: 1,643,473 | mfu: 39.7% | epoch: 1 | remaining: 161s    
step 00797 (46.4%) | loss: 3.063319 | lrm: 1.00 | dt: 186ms | tok/sec: 1,410,288 | mfu: 34.1% | epoch: 1 | remaining: 161s    
step 00798 (46.5%) | loss: 3.060079 | lrm: 1.00 | dt: 161ms | tok/sec: 1,623,751 | mfu: 39.2% | epoch: 1 | remaining: 160s    
step 00799 (46.6%) | loss: 3.053227 | lrm: 1.00 | dt: 247ms | tok/sec: 1,063,096 | mfu: 25.7% | epoch: 1 | remaining: 160s    
step 00800 (46.6%) | loss: 3.055781 | lrm: 1.00 | dt: 169ms | tok/sec: 1,554,227 | mfu: 37.6% | epoch: 1 | remaining: 160s    
step 00801 (46.7%) | loss: 3.055252 | lrm: 1.00 | dt: 175ms | tok/sec: 1,500,042 | mfu: 36.2% | epoch: 1 | remaining: 160s    
step 00802 (46.7%) | loss: 3.057199 | lrm: 1.00 | dt: 161ms | tok/sec: 1,633,060 | mfu: 39.5% | epoch: 1 | remaining: 160s    
step 00803 (46.8%) | loss: 3.052182 | lrm: 1.00 | dt: 162ms | tok/sec: 1,622,591 | mfu: 39.2% | epoch: 1 | remaining: 159s    
step 00804 (46.9%) | loss: 3.051024 | lrm: 1.00 | dt: 192ms | tok/sec: 1,365,101 | mfu: 33.0% | epoch: 1 | remaining: 159s    
step 00805 (46.9%) | loss: 3.050863 | lrm: 1.00 | dt: 164ms | tok/sec: 1,597,635 | mfu: 38.6% | epoch: 1 | remaining: 159s    
step 00806 (47.0%) | loss: 3.050122 | lrm: 1.00 | dt: 178ms | tok/sec: 1,473,609 | mfu: 35.6% | epoch: 1 | remaining: 159s    
step 00807 (47.0%) | loss: 3.048939 | lrm: 1.00 | dt: 174ms | tok/sec: 1,504,858 | mfu: 36.4% | epoch: 1 | remaining: 159s    
step 00808 (47.1%) | loss: 3.050362 | lrm: 1.00 | dt: 161ms | tok/sec: 1,627,288 | mfu: 39.3% | epoch: 1 | remaining: 159s    
step 00809 (47.1%) | loss: 3.049110 | lrm: 1.00 | dt: 160ms | tok/sec: 1,634,978 | mfu: 39.5% | epoch: 1 | remaining: 158s    
step 00810 (47.2%) | loss: 3.051761 | lrm: 1.00 | dt: 170ms | tok/sec: 1,540,765 | mfu: 37.2% | epoch: 1 | remaining: 158s    
step 00811 (47.3%) | loss: 3.052295 | lrm: 1.00 | dt: 169ms | tok/sec: 1,547,592 | mfu: 37.4% | epoch: 1 | remaining: 158s    
step 00812 (47.3%) | loss: 3.048861 | lrm: 1.00 | dt: 169ms | tok/sec: 1,550,236 | mfu: 37.5% | epoch: 1 | remaining: 158s    
step 00813 (47.4%) | loss: 3.052579 | lrm: 1.00 | dt: 165ms | tok/sec: 1,589,201 | mfu: 38.4% | epoch: 1 | remaining: 158s    
step 00814 (47.4%) | loss: 3.052635 | lrm: 1.00 | dt: 166ms | tok/sec: 1,577,269 | mfu: 38.1% | epoch: 1 | remaining: 158s    
step 00815 (47.5%) | loss: 3.055448 | lrm: 1.00 | dt: 165ms | tok/sec: 1,592,507 | mfu: 38.5% | epoch: 1 | remaining: 157s    
step 00816 (47.5%) | loss: 3.057878 | lrm: 1.00 | dt: 167ms | tok/sec: 1,572,514 | mfu: 38.0% | epoch: 1 | remaining: 157s    
step 00817 (47.6%) | loss: 3.050842 | lrm: 1.00 | dt: 182ms | tok/sec: 1,443,226 | mfu: 34.9% | epoch: 1 | remaining: 157s    
step 00818 (47.7%) | loss: 3.049528 | lrm: 1.00 | dt: 169ms | tok/sec: 1,554,803 | mfu: 37.6% | epoch: 1 | remaining: 157s    
step 00819 (47.7%) | loss: 3.051482 | lrm: 1.00 | dt: 164ms | tok/sec: 1,597,519 | mfu: 38.6% | epoch: 1 | remaining: 157s    
step 00820 (47.8%) | loss: 3.052650 | lrm: 1.00 | dt: 163ms | tok/sec: 1,604,004 | mfu: 38.8% | epoch: 1 | remaining: 157s    
step 00821 (47.8%) | loss: 3.058498 | lrm: 1.00 | dt: 173ms | tok/sec: 1,514,914 | mfu: 36.6% | epoch: 1 | remaining: 156s    
step 00822 (47.9%) | loss: 3.061153 | lrm: 1.00 | dt: 164ms | tok/sec: 1,600,332 | mfu: 38.7% | epoch: 1 | remaining: 156s    
step 00823 (47.9%) | loss: 3.066612 | lrm: 1.00 | dt: 169ms | tok/sec: 1,555,627 | mfu: 37.6% | epoch: 1 | remaining: 156s    
step 00824 (48.0%) | loss: 3.065228 | lrm: 1.00 | dt: 169ms | tok/sec: 1,554,844 | mfu: 37.6% | epoch: 1 | remaining: 156s    
step 00825 (48.0%) | loss: 3.062463 | lrm: 1.00 | dt: 163ms | tok/sec: 1,603,408 | mfu: 38.7% | epoch: 1 | remaining: 156s    
step 00826 (48.1%) | loss: 3.059701 | lrm: 1.00 | dt: 164ms | tok/sec: 1,597,261 | mfu: 38.6% | epoch: 1 | remaining: 156s    
step 00827 (48.1%) | loss: 3.062887 | lrm: 1.00 | dt: 223ms | tok/sec: 1,173,368 | mfu: 28.4% | epoch: 1 | remaining: 155s    
step 00828 (48.2%) | loss: 3.064551 | lrm: 1.00 | dt: 169ms | tok/sec: 1,548,278 | mfu: 37.4% | epoch: 1 | remaining: 155s    
step 00829 (48.3%) | loss: 3.062568 | lrm: 1.00 | dt: 161ms | tok/sec: 1,623,417 | mfu: 39.2% | epoch: 1 | remaining: 155s    
step 00830 (48.3%) | loss: 3.053625 | lrm: 1.00 | dt: 168ms | tok/sec: 1,562,556 | mfu: 37.8% | epoch: 1 | remaining: 155s    
step 00831 (48.4%) | loss: 3.052452 | lrm: 1.00 | dt: 166ms | tok/sec: 1,577,767 | mfu: 38.1% | epoch: 1 | remaining: 155s    
step 00832 (48.4%) | loss: 3.054521 | lrm: 1.00 | dt: 163ms | tok/sec: 1,605,018 | mfu: 38.8% | epoch: 1 | remaining: 154s    
step 00833 (48.5%) | loss: 3.056969 | lrm: 1.00 | dt: 177ms | tok/sec: 1,483,222 | mfu: 35.8% | epoch: 1 | remaining: 154s    
step 00834 (48.6%) | loss: 3.055591 | lrm: 1.00 | dt: 168ms | tok/sec: 1,559,093 | mfu: 37.7% | epoch: 1 | remaining: 154s    
step 00835 (48.6%) | loss: 3.059306 | lrm: 1.00 | dt: 163ms | tok/sec: 1,606,629 | mfu: 38.8% | epoch: 1 | remaining: 154s    
step 00836 (48.7%) | loss: 3.061722 | lrm: 1.00 | dt: 162ms | tok/sec: 1,616,883 | mfu: 39.1% | epoch: 1 | remaining: 154s    
step 00837 (48.7%) | loss: 3.061853 | lrm: 1.00 | dt: 242ms | tok/sec: 1,082,429 | mfu: 26.2% | epoch: 1 | remaining: 154s    
step 00838 (48.8%) | loss: 3.062848 | lrm: 1.00 | dt: 160ms | tok/sec: 1,641,792 | mfu: 39.7% | epoch: 1 | remaining: 153s    
step 00839 (48.9%) | loss: 3.056435 | lrm: 1.00 | dt: 166ms | tok/sec: 1,581,905 | mfu: 38.2% | epoch: 1 | remaining: 153s    
step 00840 (48.9%) | loss: 3.055583 | lrm: 1.00 | dt: 161ms | tok/sec: 1,626,869 | mfu: 39.3% | epoch: 1 | remaining: 153s    
step 00841 (49.0%) | loss: 3.053958 | lrm: 1.00 | dt: 203ms | tok/sec: 1,293,879 | mfu: 31.3% | epoch: 1 | remaining: 153s    
step 00842 (49.0%) | loss: 3.051588 | lrm: 1.00 | dt: 159ms | tok/sec: 1,648,416 | mfu: 39.8% | epoch: 1 | remaining: 153s    
step 00843 (49.1%) | loss: 3.048209 | lrm: 1.00 | dt: 188ms | tok/sec: 1,392,645 | mfu: 33.6% | epoch: 1 | remaining: 153s    
step 00844 (49.1%) | loss: 3.050009 | lrm: 1.00 | dt: 219ms | tok/sec: 1,197,370 | mfu: 28.9% | epoch: 1 | remaining: 152s    
step 00845 (49.2%) | loss: 3.049169 | lrm: 1.00 | dt: 161ms | tok/sec: 1,630,461 | mfu: 39.4% | epoch: 1 | remaining: 152s    
step 00846 (49.3%) | loss: 3.043863 | lrm: 1.00 | dt: 179ms | tok/sec: 1,465,437 | mfu: 35.4% | epoch: 1 | remaining: 152s    
step 00847 (49.3%) | loss: 3.050832 | lrm: 1.00 | dt: 158ms | tok/sec: 1,654,117 | mfu: 40.0% | epoch: 1 | remaining: 152s    
step 00848 (49.4%) | loss: 3.048505 | lrm: 1.00 | dt: 161ms | tok/sec: 1,632,095 | mfu: 39.4% | epoch: 1 | remaining: 152s    
step 00849 (49.4%) | loss: 3.050731 | lrm: 1.00 | dt: 164ms | tok/sec: 1,598,496 | mfu: 38.6% | epoch: 1 | remaining: 152s    
step 00850 (49.5%) | loss: 3.051765 | lrm: 1.00 | dt: 176ms | tok/sec: 1,491,184 | mfu: 36.0% | epoch: 1 | remaining: 151s    
step 00851 (49.6%) | loss: 3.053572 | lrm: 1.00 | dt: 180ms | tok/sec: 1,459,775 | mfu: 35.3% | epoch: 1 | remaining: 151s    
step 00852 (49.6%) | loss: 3.051452 | lrm: 1.00 | dt: 162ms | tok/sec: 1,622,560 | mfu: 39.2% | epoch: 1 | remaining: 151s    
step 00853 (49.7%) | loss: 3.047472 | lrm: 1.00 | dt: 184ms | tok/sec: 1,422,021 | mfu: 34.4% | epoch: 1 | remaining: 151s    
step 00854 (49.7%) | loss: 3.049091 | lrm: 1.00 | dt: 161ms | tok/sec: 1,626,997 | mfu: 39.3% | epoch: 1 | remaining: 151s    
step 00855 (49.8%) | loss: 3.049899 | lrm: 1.00 | dt: 188ms | tok/sec: 1,398,023 | mfu: 33.8% | epoch: 1 | remaining: 150s    
step 00856 (49.8%) | loss: 3.049114 | lrm: 1.00 | dt: 161ms | tok/sec: 1,632,645 | mfu: 39.4% | epoch: 1 | remaining: 150s    
step 00857 (49.9%) | loss: 3.047022 | lrm: 1.00 | dt: 169ms | tok/sec: 1,552,263 | mfu: 37.5% | epoch: 1 | remaining: 150s    
step 00858 (50.0%) | loss: 3.047763 | lrm: 1.00 | dt: 165ms | tok/sec: 1,590,634 | mfu: 38.4% | epoch: 1 | remaining: 150s    
step 00859 (50.0%) | loss: 3.042773 | lrm: 1.00 | dt: 168ms | tok/sec: 1,560,881 | mfu: 37.7% | epoch: 1 | remaining: 150s    
step 00860 (50.1%) | loss: 3.039927 | lrm: 1.00 | dt: 197ms | tok/sec: 1,330,330 | mfu: 32.1% | epoch: 1 | remaining: 150s    
step 00861 (50.1%) | loss: 3.042748 | lrm: 1.00 | dt: 158ms | tok/sec: 1,654,184 | mfu: 40.0% | epoch: 1 | remaining: 149s    
step 00862 (50.2%) | loss: 3.047221 | lrm: 1.00 | dt: 178ms | tok/sec: 1,468,641 | mfu: 35.5% | epoch: 1 | remaining: 149s    
step 00863 (50.2%) | loss: 3.047673 | lrm: 1.00 | dt: 160ms | tok/sec: 1,633,297 | mfu: 39.5% | epoch: 1 | remaining: 149s    
step 00864 (50.3%) | loss: 3.047300 | lrm: 0.99 | dt: 169ms | tok/sec: 1,551,435 | mfu: 37.5% | epoch: 1 | remaining: 149s    
step 00865 (50.4%) | loss: 3.046384 | lrm: 0.99 | dt: 166ms | tok/sec: 1,576,763 | mfu: 38.1% | epoch: 1 | remaining: 149s    
step 00866 (50.4%) | loss: 3.048917 | lrm: 0.99 | dt: 172ms | tok/sec: 1,526,321 | mfu: 36.9% | epoch: 1 | remaining: 149s    
step 00867 (50.5%) | loss: 3.046235 | lrm: 0.99 | dt: 191ms | tok/sec: 1,374,176 | mfu: 33.2% | epoch: 1 | remaining: 148s    
step 00868 (50.5%) | loss: 3.046877 | lrm: 0.99 | dt: 180ms | tok/sec: 1,458,621 | mfu: 35.2% | epoch: 1 | remaining: 148s    
step 00869 (50.6%) | loss: 3.051186 | lrm: 0.99 | dt: 201ms | tok/sec: 1,304,039 | mfu: 31.5% | epoch: 1 | remaining: 148s    
step 00870 (50.7%) | loss: 3.050861 | lrm: 0.99 | dt: 160ms | tok/sec: 1,633,334 | mfu: 39.5% | epoch: 1 | remaining: 148s    
step 00871 (50.7%) | loss: 3.046660 | lrm: 0.99 | dt: 160ms | tok/sec: 1,640,530 | mfu: 39.6% | epoch: 1 | remaining: 148s    
step 00872 (50.8%) | loss: 3.049639 | lrm: 0.98 | dt: 235ms | tok/sec: 1,117,316 | mfu: 27.0% | epoch: 1 | remaining: 147s    
step 00873 (50.8%) | loss: 3.051464 | lrm: 0.98 | dt: 161ms | tok/sec: 1,633,256 | mfu: 39.5% | epoch: 1 | remaining: 147s    
step 00874 (50.9%) | loss: 3.049632 | lrm: 0.98 | dt: 178ms | tok/sec: 1,475,490 | mfu: 35.7% | epoch: 1 | remaining: 147s    
step 00875 (51.0%) | loss: 3.053862 | lrm: 0.98 | dt: 161ms | tok/sec: 1,631,775 | mfu: 39.4% | epoch: 1 | remaining: 147s    
step 00876 (51.0%) | loss: 3.049008 | lrm: 0.98 | dt: 198ms | tok/sec: 1,320,772 | mfu: 31.9% | epoch: 1 | remaining: 147s    
step 00877 (51.1%) | loss: 3.050184 | lrm: 0.98 | dt: 159ms | tok/sec: 1,653,828 | mfu: 40.0% | epoch: 1 | remaining: 147s    
step 00878 (51.1%) | loss: 3.049387 | lrm: 0.98 | dt: 171ms | tok/sec: 1,528,768 | mfu: 36.9% | epoch: 1 | remaining: 146s    
step 00879 (51.2%) | loss: 3.051123 | lrm: 0.98 | dt: 173ms | tok/sec: 1,517,373 | mfu: 36.7% | epoch: 1 | remaining: 146s    
step 00880 (51.2%) | loss: 3.050527 | lrm: 0.98 | dt: 214ms | tok/sec: 1,222,958 | mfu: 29.5% | epoch: 1 | remaining: 146s    
step 00881 (51.3%) | loss: 3.049368 | lrm: 0.97 | dt: 184ms | tok/sec: 1,421,349 | mfu: 34.3% | epoch: 1 | remaining: 146s    
step 00882 (51.4%) | loss: 3.048311 | lrm: 0.97 | dt: 161ms | tok/sec: 1,626,604 | mfu: 39.3% | epoch: 1 | remaining: 146s    
step 00883 (51.4%) | loss: 3.056772 | lrm: 0.97 | dt: 174ms | tok/sec: 1,503,770 | mfu: 36.3% | epoch: 1 | remaining: 146s    
step 00884 (51.5%) | loss: 3.053812 | lrm: 0.97 | dt: 164ms | tok/sec: 1,598,436 | mfu: 38.6% | epoch: 1 | remaining: 145s    
step 00885 (51.5%) | loss: 3.056231 | lrm: 0.97 | dt: 163ms | tok/sec: 1,612,534 | mfu: 39.0% | epoch: 1 | remaining: 145s    
step 00886 (51.6%) | loss: 3.055674 | lrm: 0.97 | dt: 175ms | tok/sec: 1,500,308 | mfu: 36.2% | epoch: 1 | remaining: 145s    
step 00887 (51.7%) | loss: 3.050782 | lrm: 0.97 | dt: 173ms | tok/sec: 1,516,580 | mfu: 36.6% | epoch: 1 | remaining: 145s    
step 00888 (51.7%) | loss: 3.052072 | lrm: 0.97 | dt: 177ms | tok/sec: 1,480,046 | mfu: 35.8% | epoch: 1 | remaining: 145s    
step 00889 (51.8%) | loss: 3.056159 | lrm: 0.96 | dt: 166ms | tok/sec: 1,581,366 | mfu: 38.2% | epoch: 1 | remaining: 145s    
step 00890 (51.8%) | loss: 3.057477 | lrm: 0.96 | dt: 162ms | tok/sec: 1,622,464 | mfu: 39.2% | epoch: 1 | remaining: 144s    
step 00891 (51.9%) | loss: 3.057706 | lrm: 0.96 | dt: 165ms | tok/sec: 1,588,354 | mfu: 38.4% | epoch: 1 | remaining: 144s    
step 00892 (51.9%) | loss: 3.055467 | lrm: 0.96 | dt: 171ms | tok/sec: 1,537,400 | mfu: 37.1% | epoch: 1 | remaining: 144s    
step 00893 (52.0%) | loss: 3.054126 | lrm: 0.96 | dt: 177ms | tok/sec: 1,481,136 | mfu: 35.8% | epoch: 1 | remaining: 144s    
step 00894 (52.1%) | loss: 3.048914 | lrm: 0.96 | dt: 163ms | tok/sec: 1,607,734 | mfu: 38.8% | epoch: 1 | remaining: 144s    
step 00895 (52.1%) | loss: 3.043121 | lrm: 0.96 | dt: 169ms | tok/sec: 1,552,912 | mfu: 37.5% | epoch: 1 | remaining: 144s    
step 00896 (52.2%) | loss: 3.045694 | lrm: 0.96 | dt: 162ms | tok/sec: 1,621,189 | mfu: 39.2% | epoch: 1 | remaining: 143s    
step 00897 (52.2%) | loss: 3.045229 | lrm: 0.96 | dt: 166ms | tok/sec: 1,575,795 | mfu: 38.1% | epoch: 1 | remaining: 143s    
step 00898 (52.3%) | loss: 3.042716 | lrm: 0.95 | dt: 168ms | tok/sec: 1,558,377 | mfu: 37.7% | epoch: 1 | remaining: 143s    
step 00899 (52.3%) | loss: 3.043030 | lrm: 0.95 | dt: 171ms | tok/sec: 1,534,591 | mfu: 37.1% | epoch: 1 | remaining: 143s    
step 00900 (52.4%) | loss: 3.038451 | lrm: 0.95 | dt: 202ms | tok/sec: 1,295,932 | mfu: 31.3% | epoch: 1 | remaining: 143s    
step 00901 (52.5%) | loss: 3.037592 | lrm: 0.95 | dt: 159ms | tok/sec: 1,646,074 | mfu: 39.8% | epoch: 1 | remaining: 142s    
step 00902 (52.5%) | loss: 3.041257 | lrm: 0.95 | dt: 161ms | tok/sec: 1,630,481 | mfu: 39.4% | epoch: 1 | remaining: 142s    
step 00903 (52.6%) | loss: 3.039587 | lrm: 0.95 | dt: 172ms | tok/sec: 1,527,489 | mfu: 36.9% | epoch: 1 | remaining: 142s    
step 00904 (52.6%) | loss: 3.043348 | lrm: 0.95 | dt: 165ms | tok/sec: 1,591,073 | mfu: 38.4% | epoch: 1 | remaining: 142s    
step 00905 (52.7%) | loss: 3.038465 | lrm: 0.95 | dt: 165ms | tok/sec: 1,584,020 | mfu: 38.3% | epoch: 1 | remaining: 142s    
step 00906 (52.7%) | loss: 3.035309 | lrm: 0.95 | dt: 174ms | tok/sec: 1,507,923 | mfu: 36.4% | epoch: 1 | remaining: 142s    
step 00907 (52.8%) | loss: 3.037856 | lrm: 0.94 | dt: 162ms | tok/sec: 1,614,708 | mfu: 39.0% | epoch: 1 | remaining: 141s    
step 00908 (52.8%) | loss: 3.034827 | lrm: 0.94 | dt: 163ms | tok/sec: 1,611,183 | mfu: 38.9% | epoch: 1 | remaining: 141s    
step 00909 (52.9%) | loss: 3.031025 | lrm: 0.94 | dt: 162ms | tok/sec: 1,613,341 | mfu: 39.0% | epoch: 1 | remaining: 141s    
step 00910 (52.9%) | loss: 3.027340 | lrm: 0.94 | dt: 165ms | tok/sec: 1,585,254 | mfu: 38.3% | epoch: 1 | remaining: 141s    
step 00911 (53.0%) | loss: 3.029983 | lrm: 0.94 | dt: 180ms | tok/sec: 1,454,351 | mfu: 35.1% | epoch: 1 | remaining: 141s    
step 00912 (53.1%) | loss: 3.030223 | lrm: 0.94 | dt: 200ms | tok/sec: 1,311,911 | mfu: 31.7% | epoch: 1 | remaining: 141s    
step 00913 (53.1%) | loss: 3.032310 | lrm: 0.94 | dt: 198ms | tok/sec: 1,322,154 | mfu: 31.9% | epoch: 1 | remaining: 140s    
step 00914 (53.2%) | loss: 3.030570 | lrm: 0.94 | dt: 229ms | tok/sec: 1,146,621 | mfu: 27.7% | epoch: 1 | remaining: 140s    
step 00915 (53.3%) | loss: 3.031376 | lrm: 0.93 | dt: 158ms | tok/sec: 1,657,928 | mfu: 40.1% | epoch: 1 | remaining: 140s    
step 00916 (53.3%) | loss: 3.027387 | lrm: 0.93 | dt: 172ms | tok/sec: 1,525,544 | mfu: 36.9% | epoch: 1 | remaining: 140s    
step 00917 (53.4%) | loss: 3.027021 | lrm: 0.93 | dt: 170ms | tok/sec: 1,541,694 | mfu: 37.2% | epoch: 1 | remaining: 140s    
step 00918 (53.4%) | loss: 3.029965 | lrm: 0.93 | dt: 172ms | tok/sec: 1,523,681 | mfu: 36.8% | epoch: 1 | remaining: 140s    
step 00919 (53.5%) | loss: 3.030365 | lrm: 0.93 | dt: 165ms | tok/sec: 1,587,245 | mfu: 38.4% | epoch: 1 | remaining: 139s    
step 00920 (53.6%) | loss: 3.032849 | lrm: 0.93 | dt: 173ms | tok/sec: 1,518,278 | mfu: 36.7% | epoch: 1 | remaining: 139s    
step 00921 (53.6%) | loss: 3.031347 | lrm: 0.93 | dt: 169ms | tok/sec: 1,550,083 | mfu: 37.5% | epoch: 1 | remaining: 139s    
step 00922 (53.7%) | loss: 3.034792 | lrm: 0.93 | dt: 165ms | tok/sec: 1,591,407 | mfu: 38.5% | epoch: 1 | remaining: 139s    
step 00923 (53.7%) | loss: 3.033275 | lrm: 0.93 | dt: 166ms | tok/sec: 1,574,617 | mfu: 38.0% | epoch: 1 | remaining: 139s    
step 00924 (53.8%) | loss: 3.035104 | lrm: 0.92 | dt: 164ms | tok/sec: 1,593,772 | mfu: 38.5% | epoch: 1 | remaining: 139s    
step 00925 (53.8%) | loss: 3.033631 | lrm: 0.92 | dt: 168ms | tok/sec: 1,557,273 | mfu: 37.6% | epoch: 1 | remaining: 138s    
step 00926 (53.9%) | loss: 3.033501 | lrm: 0.92 | dt: 170ms | tok/sec: 1,541,787 | mfu: 37.3% | epoch: 1 | remaining: 138s    
step 00927 (53.9%) | loss: 3.031693 | lrm: 0.92 | dt: 167ms | tok/sec: 1,565,361 | mfu: 37.8% | epoch: 1 | remaining: 138s    
step 00928 (54.0%) | loss: 3.033899 | lrm: 0.92 | dt: 276ms | tok/sec: 948,644 | mfu: 22.9% | epoch: 1 | remaining: 138s    
step 00929 (54.1%) | loss: 3.037043 | lrm: 0.92 | dt: 179ms | tok/sec: 1,467,099 | mfu: 35.4% | epoch: 1 | remaining: 138s    
step 00930 (54.1%) | loss: 3.037611 | lrm: 0.92 | dt: 180ms | tok/sec: 1,457,076 | mfu: 35.2% | epoch: 1 | remaining: 137s    
step 00931 (54.2%) | loss: 3.032667 | lrm: 0.92 | dt: 186ms | tok/sec: 1,410,337 | mfu: 34.1% | epoch: 1 | remaining: 137s    
step 00932 (54.3%) | loss: 3.029884 | lrm: 0.91 | dt: 161ms | tok/sec: 1,626,157 | mfu: 39.3% | epoch: 1 | remaining: 137s    
step 00933 (54.3%) | loss: 3.029615 | lrm: 0.91 | dt: 161ms | tok/sec: 1,627,791 | mfu: 39.3% | epoch: 1 | remaining: 137s    
step 00934 (54.4%) | loss: 3.028983 | lrm: 0.91 | dt: 168ms | tok/sec: 1,561,216 | mfu: 37.7% | epoch: 1 | remaining: 137s    
step 00935 (54.4%) | loss: 3.025019 | lrm: 0.91 | dt: 180ms | tok/sec: 1,454,403 | mfu: 35.1% | epoch: 1 | remaining: 137s    
step 00936 (54.5%) | loss: 3.027483 | lrm: 0.91 | dt: 163ms | tok/sec: 1,608,771 | mfu: 38.9% | epoch: 1 | remaining: 136s    
step 00937 (54.5%) | loss: 3.027936 | lrm: 0.91 | dt: 192ms | tok/sec: 1,366,594 | mfu: 33.0% | epoch: 1 | remaining: 136s    
step 00938 (54.6%) | loss: 3.033863 | lrm: 0.91 | dt: 169ms | tok/sec: 1,554,154 | mfu: 37.6% | epoch: 1 | remaining: 136s    
step 00939 (54.7%) | loss: 3.028259 | lrm: 0.91 | dt: 187ms | tok/sec: 1,401,587 | mfu: 33.9% | epoch: 1 | remaining: 136s    
step 00940 (54.7%) | loss: 3.030026 | lrm: 0.91 | dt: 167ms | tok/sec: 1,573,741 | mfu: 38.0% | epoch: 1 | remaining: 136s    
step 00941 (54.8%) | loss: 3.021193 | lrm: 0.90 | dt: 173ms | tok/sec: 1,516,705 | mfu: 36.6% | epoch: 1 | remaining: 135s    
step 00942 (54.8%) | loss: 3.024517 | lrm: 0.90 | dt: 169ms | tok/sec: 1,550,680 | mfu: 37.5% | epoch: 1 | remaining: 135s    
step 00943 (54.9%) | loss: 3.021428 | lrm: 0.90 | dt: 184ms | tok/sec: 1,422,286 | mfu: 34.4% | epoch: 1 | remaining: 135s    
step 00944 (55.0%) | loss: 3.022810 | lrm: 0.90 | dt: 230ms | tok/sec: 1,137,433 | mfu: 27.5% | epoch: 1 | remaining: 135s    
step 00945 (55.0%) | loss: 3.022753 | lrm: 0.90 | dt: 159ms | tok/sec: 1,648,465 | mfu: 39.8% | epoch: 1 | remaining: 135s    
step 00946 (55.1%) | loss: 3.016061 | lrm: 0.90 | dt: 165ms | tok/sec: 1,585,917 | mfu: 38.3% | epoch: 1 | remaining: 135s    
step 00947 (55.1%) | loss: 3.018129 | lrm: 0.90 | dt: 159ms | tok/sec: 1,645,694 | mfu: 39.8% | epoch: 1 | remaining: 134s    
step 00948 (55.2%) | loss: 3.016105 | lrm: 0.90 | dt: 161ms | tok/sec: 1,632,252 | mfu: 39.4% | epoch: 1 | remaining: 134s    
step 00949 (55.3%) | loss: 3.016915 | lrm: 0.89 | dt: 171ms | tok/sec: 1,536,927 | mfu: 37.1% | epoch: 1 | remaining: 134s    
step 00950 (55.3%) | loss: 3.013924 | lrm: 0.89 | dt: 175ms | tok/sec: 1,499,042 | mfu: 36.2% | epoch: 1 | remaining: 134s    
step 00951 (55.4%) | loss: 3.016350 | lrm: 0.89 | dt: 180ms | tok/sec: 1,458,193 | mfu: 35.2% | epoch: 1 | remaining: 134s    
step 00952 (55.4%) | loss: 3.022427 | lrm: 0.89 | dt: 165ms | tok/sec: 1,589,785 | mfu: 38.4% | epoch: 1 | remaining: 134s    
step 00953 (55.5%) | loss: 3.028141 | lrm: 0.89 | dt: 166ms | tok/sec: 1,574,617 | mfu: 38.0% | epoch: 1 | remaining: 133s    
step 00954 (55.5%) | loss: 3.029133 | lrm: 0.89 | dt: 164ms | tok/sec: 1,595,817 | mfu: 38.6% | epoch: 1 | remaining: 133s    
step 00955 (55.6%) | loss: 3.023691 | lrm: 0.89 | dt: 165ms | tok/sec: 1,592,671 | mfu: 38.5% | epoch: 1 | remaining: 133s    
step 00956 (55.6%) | loss: 3.022005 | lrm: 0.89 | dt: 171ms | tok/sec: 1,537,303 | mfu: 37.1% | epoch: 1 | remaining: 133s    
step 00957 (55.7%) | loss: 3.021818 | lrm: 0.89 | dt: 169ms | tok/sec: 1,547,810 | mfu: 37.4% | epoch: 1 | remaining: 133s    
step 00958 (55.8%) | loss: 3.025293 | lrm: 0.88 | dt: 181ms | tok/sec: 1,450,600 | mfu: 35.0% | epoch: 1 | remaining: 133s    
step 00959 (55.8%) | loss: 3.021054 | lrm: 0.88 | dt: 199ms | tok/sec: 1,319,683 | mfu: 31.9% | epoch: 1 | remaining: 132s    
step 00960 (55.9%) | loss: 3.020083 | lrm: 0.88 | dt: 159ms | tok/sec: 1,651,044 | mfu: 39.9% | epoch: 1 | remaining: 132s    
step 00961 (55.9%) | loss: 3.018580 | lrm: 0.88 | dt: 175ms | tok/sec: 1,494,817 | mfu: 36.1% | epoch: 1 | remaining: 132s    
step 00962 (56.0%) | loss: 3.018302 | lrm: 0.88 | dt: 163ms | tok/sec: 1,603,576 | mfu: 38.7% | epoch: 1 | remaining: 132s    
step 00963 (56.1%) | loss: 3.018523 | lrm: 0.88 | dt: 173ms | tok/sec: 1,515,002 | mfu: 36.6% | epoch: 1 | remaining: 132s    
step 00964 (56.1%) | loss: 3.016590 | lrm: 0.88 | dt: 164ms | tok/sec: 1,599,254 | mfu: 38.6% | epoch: 1 | remaining: 131s    
step 00965 (56.2%) | loss: 3.015439 | lrm: 0.88 | dt: 210ms | tok/sec: 1,246,456 | mfu: 30.1% | epoch: 1 | remaining: 131s    
step 00966 (56.2%) | loss: 3.015206 | lrm: 0.88 | dt: 160ms | tok/sec: 1,635,627 | mfu: 39.5% | epoch: 1 | remaining: 131s    
step 00967 (56.3%) | loss: 3.016525 | lrm: 0.87 | dt: 172ms | tok/sec: 1,527,606 | mfu: 36.9% | epoch: 1 | remaining: 131s    
step 00968 (56.3%) | loss: 3.013317 | lrm: 0.87 | dt: 161ms | tok/sec: 1,630,340 | mfu: 39.4% | epoch: 1 | remaining: 131s    
step 00969 (56.4%) | loss: 3.012038 | lrm: 0.87 | dt: 165ms | tok/sec: 1,590,473 | mfu: 38.4% | epoch: 1 | remaining: 131s    
step 00970 (56.5%) | loss: 3.008538 | lrm: 0.87 | dt: 167ms | tok/sec: 1,567,875 | mfu: 37.9% | epoch: 1 | remaining: 130s    
step 00971 (56.5%) | loss: 3.005877 | lrm: 0.87 | dt: 174ms | tok/sec: 1,509,922 | mfu: 36.5% | epoch: 1 | remaining: 130s    
step 00972 (56.6%) | loss: 2.999656 | lrm: 0.87 | dt: 181ms | tok/sec: 1,447,857 | mfu: 35.0% | epoch: 1 | remaining: 130s    
step 00973 (56.6%) | loss: 2.998029 | lrm: 0.87 | dt: 161ms | tok/sec: 1,633,084 | mfu: 39.5% | epoch: 1 | remaining: 130s    
step 00974 (56.7%) | loss: 2.995769 | lrm: 0.87 | dt: 160ms | tok/sec: 1,640,543 | mfu: 39.6% | epoch: 1 | remaining: 130s    
step 00975 (56.7%) | loss: 2.994174 | lrm: 0.87 | dt: 189ms | tok/sec: 1,384,292 | mfu: 33.4% | epoch: 1 | remaining: 130s    
step 00976 (56.8%) | loss: 2.991786 | lrm: 0.86 | dt: 162ms | tok/sec: 1,616,108 | mfu: 39.0% | epoch: 1 | remaining: 129s    
step 00977 (56.9%) | loss: 2.992518 | lrm: 0.86 | dt: 191ms | tok/sec: 1,369,746 | mfu: 33.1% | epoch: 1 | remaining: 129s    
step 00978 (56.9%) | loss: 2.990134 | lrm: 0.86 | dt: 161ms | tok/sec: 1,629,876 | mfu: 39.4% | epoch: 1 | remaining: 129s    
step 00979 (57.0%) | loss: 2.989955 | lrm: 0.86 | dt: 162ms | tok/sec: 1,616,878 | mfu: 39.1% | epoch: 1 | remaining: 129s    
step 00980 (57.0%) | loss: 2.986758 | lrm: 0.86 | dt: 161ms | tok/sec: 1,628,467 | mfu: 39.3% | epoch: 1 | remaining: 129s    
step 00981 (57.1%) | loss: 2.988864 | lrm: 0.86 | dt: 169ms | tok/sec: 1,549,328 | mfu: 37.4% | epoch: 1 | remaining: 129s    
step 00982 (57.1%) | loss: 2.986654 | lrm: 0.86 | dt: 166ms | tok/sec: 1,583,740 | mfu: 38.3% | epoch: 1 | remaining: 128s    
step 00983 (57.2%) | loss: 2.985899 | lrm: 0.86 | dt: 171ms | tok/sec: 1,531,622 | mfu: 37.0% | epoch: 1 | remaining: 128s    
step 00984 (57.2%) | loss: 2.983652 | lrm: 0.86 | dt: 177ms | tok/sec: 1,479,450 | mfu: 35.7% | epoch: 1 | remaining: 128s    
step 00985 (57.3%) | loss: 2.991569 | lrm: 0.85 | dt: 167ms | tok/sec: 1,571,137 | mfu: 38.0% | epoch: 1 | remaining: 128s    
step 00986 (57.4%) | loss: 2.989544 | lrm: 0.85 | dt: 186ms | tok/sec: 1,406,591 | mfu: 34.0% | epoch: 1 | remaining: 128s    
step 00987 (57.4%) | loss: 2.995957 | lrm: 0.85 | dt: 159ms | tok/sec: 1,651,548 | mfu: 39.9% | epoch: 1 | remaining: 128s    
step 00988 (57.5%) | loss: 2.998823 | lrm: 0.85 | dt: 165ms | tok/sec: 1,586,374 | mfu: 38.3% | epoch: 1 | remaining: 127s    
step 00989 (57.5%) | loss: 3.001531 | lrm: 0.85 | dt: 174ms | tok/sec: 1,506,719 | mfu: 36.4% | epoch: 1 | remaining: 127s    
step 00990 (57.6%) | loss: 2.997888 | lrm: 0.85 | dt: 163ms | tok/sec: 1,607,141 | mfu: 38.8% | epoch: 1 | remaining: 127s    
step 00991 (57.6%) | loss: 2.997713 | lrm: 0.85 | dt: 167ms | tok/sec: 1,568,875 | mfu: 37.9% | epoch: 1 | remaining: 127s    
step 00992 (57.7%) | loss: 2.994413 | lrm: 0.85 | dt: 169ms | tok/sec: 1,551,207 | mfu: 37.5% | epoch: 1 | remaining: 127s    
step 00993 (57.8%) | loss: 2.995121 | lrm: 0.84 | dt: 164ms | tok/sec: 1,601,782 | mfu: 38.7% | epoch: 1 | remaining: 127s    
step 00994 (57.8%) | loss: 2.996407 | lrm: 0.84 | dt: 187ms | tok/sec: 1,398,272 | mfu: 33.8% | epoch: 1 | remaining: 126s    
step 00995 (57.9%) | loss: 2.997231 | lrm: 0.84 | dt: 162ms | tok/sec: 1,618,178 | mfu: 39.1% | epoch: 1 | remaining: 126s    
step 00996 (57.9%) | loss: 2.997680 | lrm: 0.84 | dt: 168ms | tok/sec: 1,556,801 | mfu: 37.6% | epoch: 1 | remaining: 126s    
step 00997 (58.0%) | loss: 2.996827 | lrm: 0.84 | dt: 162ms | tok/sec: 1,617,373 | mfu: 39.1% | epoch: 1 | remaining: 126s    
step 00998 (58.0%) | loss: 2.996675 | lrm: 0.84 | dt: 175ms | tok/sec: 1,496,628 | mfu: 36.2% | epoch: 1 | remaining: 126s    
step 00999 (58.1%) | loss: 3.000678 | lrm: 0.84 | dt: 160ms | tok/sec: 1,635,318 | mfu: 39.5% | epoch: 1 | remaining: 126s    
step 01000 (58.2%) | loss: 2.999428 | lrm: 0.84 | dt: 165ms | tok/sec: 1,589,695 | mfu: 38.4% | epoch: 1 | remaining: 125s    
step 01001 (58.2%) | loss: 3.005189 | lrm: 0.84 | dt: 176ms | tok/sec: 1,487,653 | mfu: 35.9% | epoch: 1 | remaining: 125s    
step 01002 (58.3%) | loss: 3.005185 | lrm: 0.83 | dt: 162ms | tok/sec: 1,622,610 | mfu: 39.2% | epoch: 1 | remaining: 125s    
step 01003 (58.3%) | loss: 3.000072 | lrm: 0.83 | dt: 166ms | tok/sec: 1,582,554 | mfu: 38.2% | epoch: 1 | remaining: 125s    
step 01004 (58.4%) | loss: 2.996359 | lrm: 0.83 | dt: 170ms | tok/sec: 1,539,613 | mfu: 37.2% | epoch: 1 | remaining: 125s    
step 01005 (58.4%) | loss: 2.994624 | lrm: 0.83 | dt: 164ms | tok/sec: 1,594,190 | mfu: 38.5% | epoch: 1 | remaining: 125s    
step 01006 (58.5%) | loss: 2.994339 | lrm: 0.83 | dt: 163ms | tok/sec: 1,610,241 | mfu: 38.9% | epoch: 1 | remaining: 124s    
step 01007 (58.5%) | loss: 2.997008 | lrm: 0.83 | dt: 171ms | tok/sec: 1,535,319 | mfu: 37.1% | epoch: 1 | remaining: 124s    
step 01008 (58.6%) | loss: 2.988524 | lrm: 0.83 | dt: 168ms | tok/sec: 1,556,039 | mfu: 37.6% | epoch: 1 | remaining: 124s    
step 01009 (58.7%) | loss: 2.987278 | lrm: 0.83 | dt: 164ms | tok/sec: 1,600,672 | mfu: 38.7% | epoch: 1 | remaining: 124s    
step 01010 (58.7%) | loss: 2.988579 | lrm: 0.83 | dt: 168ms | tok/sec: 1,563,511 | mfu: 37.8% | epoch: 1 | remaining: 124s    
step 01011 (58.8%) | loss: 2.987129 | lrm: 0.82 | dt: 165ms | tok/sec: 1,585,864 | mfu: 38.3% | epoch: 1 | remaining: 124s    
step 01012 (58.8%) | loss: 2.989455 | lrm: 0.82 | dt: 165ms | tok/sec: 1,584,153 | mfu: 38.3% | epoch: 1 | remaining: 123s    
step 01013 (58.9%) | loss: 2.988771 | lrm: 0.82 | dt: 169ms | tok/sec: 1,550,363 | mfu: 37.5% | epoch: 1 | remaining: 123s    
step 01014 (58.9%) | loss: 2.988230 | lrm: 0.82 | dt: 162ms | tok/sec: 1,618,471 | mfu: 39.1% | epoch: 1 | remaining: 123s    
step 01015 (59.0%) | loss: 2.992259 | lrm: 0.82 | dt: 164ms | tok/sec: 1,594,632 | mfu: 38.5% | epoch: 1 | remaining: 123s    
step 01016 (59.0%) | loss: 2.992080 | lrm: 0.82 | dt: 168ms | tok/sec: 1,561,504 | mfu: 37.7% | epoch: 1 | remaining: 123s    
step 01017 (59.1%) | loss: 2.993460 | lrm: 0.82 | dt: 169ms | tok/sec: 1,552,938 | mfu: 37.5% | epoch: 1 | remaining: 123s    
step 01018 (59.2%) | loss: 2.991981 | lrm: 0.82 | dt: 165ms | tok/sec: 1,592,523 | mfu: 38.5% | epoch: 1 | remaining: 122s    
step 01019 (59.2%) | loss: 2.988172 | lrm: 0.82 | dt: 167ms | tok/sec: 1,573,081 | mfu: 38.0% | epoch: 1 | remaining: 122s    
step 01020 (59.3%) | loss: 2.986980 | lrm: 0.81 | dt: 167ms | tok/sec: 1,573,989 | mfu: 38.0% | epoch: 1 | remaining: 122s    
step 01021 (59.3%) | loss: 2.988649 | lrm: 0.81 | dt: 163ms | tok/sec: 1,603,960 | mfu: 38.8% | epoch: 1 | remaining: 122s    
step 01022 (59.4%) | loss: 2.984110 | lrm: 0.81 | dt: 166ms | tok/sec: 1,577,704 | mfu: 38.1% | epoch: 1 | remaining: 122s    
step 01023 (59.4%) | loss: 2.980558 | lrm: 0.81 | dt: 167ms | tok/sec: 1,571,040 | mfu: 38.0% | epoch: 1 | remaining: 122s    
step 01024 (59.5%) | loss: 2.979618 | lrm: 0.81 | dt: 176ms | tok/sec: 1,489,766 | mfu: 36.0% | epoch: 1 | remaining: 121s    
step 01025 (59.5%) | loss: 2.983879 | lrm: 0.81 | dt: 163ms | tok/sec: 1,604,348 | mfu: 38.8% | epoch: 1 | remaining: 121s    
step 01026 (59.6%) | loss: 2.981950 | lrm: 0.81 | dt: 215ms | tok/sec: 1,217,484 | mfu: 29.4% | epoch: 1 | remaining: 121s    
step 01027 (59.7%) | loss: 2.978537 | lrm: 0.81 | dt: 162ms | tok/sec: 1,621,729 | mfu: 39.2% | epoch: 1 | remaining: 121s    
step 01028 (59.7%) | loss: 2.977877 | lrm: 0.81 | dt: 164ms | tok/sec: 1,598,473 | mfu: 38.6% | epoch: 1 | remaining: 121s    
step 01029 (59.8%) | loss: 2.975853 | lrm: 0.80 | dt: 171ms | tok/sec: 1,531,489 | mfu: 37.0% | epoch: 1 | remaining: 121s    
step 01030 (59.8%) | loss: 2.980601 | lrm: 0.80 | dt: 167ms | tok/sec: 1,570,555 | mfu: 37.9% | epoch: 1 | remaining: 120s    
step 01031 (59.9%) | loss: 2.981170 | lrm: 0.80 | dt: 166ms | tok/sec: 1,582,431 | mfu: 38.2% | epoch: 1 | remaining: 120s    
step 01032 (59.9%) | loss: 2.983323 | lrm: 0.80 | dt: 169ms | tok/sec: 1,552,506 | mfu: 37.5% | epoch: 1 | remaining: 120s    
step 01033 (60.0%) | loss: 2.986787 | lrm: 0.80 | dt: 166ms | tok/sec: 1,582,440 | mfu: 38.2% | epoch: 1 | remaining: 120s    
step 01034 (60.1%) | loss: 2.984060 | lrm: 0.80 | dt: 179ms | tok/sec: 1,461,543 | mfu: 35.3% | epoch: 1 | remaining: 120s    
step 01035 (60.1%) | loss: 2.988462 | lrm: 0.80 | dt: 161ms | tok/sec: 1,627,938 | mfu: 39.3% | epoch: 1 | remaining: 119s    
step 01036 (60.2%) | loss: 2.985484 | lrm: 0.80 | dt: 165ms | tok/sec: 1,588,795 | mfu: 38.4% | epoch: 1 | remaining: 119s    
step 01037 (60.2%) | loss: 2.985848 | lrm: 0.80 | dt: 166ms | tok/sec: 1,580,314 | mfu: 38.2% | epoch: 1 | remaining: 119s    
step 01038 (60.3%) | loss: 2.984979 | lrm: 0.79 | dt: 218ms | tok/sec: 1,201,901 | mfu: 29.0% | epoch: 1 | remaining: 119s    
step 01039 (60.4%) | loss: 2.983209 | lrm: 0.79 | dt: 159ms | tok/sec: 1,651,972 | mfu: 39.9% | epoch: 1 | remaining: 119s    
step 01040 (60.4%) | loss: 2.987412 | lrm: 0.79 | dt: 204ms | tok/sec: 1,286,419 | mfu: 31.1% | epoch: 1 | remaining: 119s    
step 01041 (60.5%) | loss: 2.988419 | lrm: 0.79 | dt: 159ms | tok/sec: 1,648,443 | mfu: 39.8% | epoch: 1 | remaining: 118s    
step 01042 (60.5%) | loss: 2.987453 | lrm: 0.79 | dt: 161ms | tok/sec: 1,627,278 | mfu: 39.3% | epoch: 1 | remaining: 118s    
step 01043 (60.6%) | loss: 2.986512 | lrm: 0.79 | dt: 166ms | tok/sec: 1,578,472 | mfu: 38.1% | epoch: 1 | remaining: 118s    
step 01044 (60.6%) | loss: 2.990981 | lrm: 0.79 | dt: 172ms | tok/sec: 1,525,465 | mfu: 36.9% | epoch: 1 | remaining: 118s    
step 01045 (60.7%) | loss: 2.989967 | lrm: 0.79 | dt: 188ms | tok/sec: 1,397,960 | mfu: 33.8% | epoch: 1 | remaining: 118s    
step 01046 (60.8%) | loss: 2.987152 | lrm: 0.78 | dt: 165ms | tok/sec: 1,588,896 | mfu: 38.4% | epoch: 1 | remaining: 118s    
step 01047 (60.8%) | loss: 2.988389 | lrm: 0.78 | dt: 162ms | tok/sec: 1,618,321 | mfu: 39.1% | epoch: 1 | remaining: 117s    
step 01048 (60.9%) | loss: 2.990886 | lrm: 0.78 | dt: 168ms | tok/sec: 1,561,848 | mfu: 37.7% | epoch: 1 | remaining: 117s    
step 01049 (60.9%) | loss: 2.989725 | lrm: 0.78 | dt: 163ms | tok/sec: 1,605,792 | mfu: 38.8% | epoch: 1 | remaining: 117s    
step 01050 (61.0%) | loss: 2.982020 | lrm: 0.78 | dt: 169ms | tok/sec: 1,548,317 | mfu: 37.4% | epoch: 1 | remaining: 117s    
step 01051 (61.0%) | loss: 2.980960 | lrm: 0.78 | dt: 171ms | tok/sec: 1,529,038 | mfu: 36.9% | epoch: 1 | remaining: 117s    
step 01052 (61.1%) | loss: 2.982431 | lrm: 0.78 | dt: 171ms | tok/sec: 1,535,180 | mfu: 37.1% | epoch: 1 | remaining: 117s    
step 01053 (61.1%) | loss: 2.979212 | lrm: 0.78 | dt: 163ms | tok/sec: 1,609,652 | mfu: 38.9% | epoch: 1 | remaining: 116s    
step 01054 (61.2%) | loss: 2.978946 | lrm: 0.78 | dt: 168ms | tok/sec: 1,564,709 | mfu: 37.8% | epoch: 1 | remaining: 116s    
step 01055 (61.3%) | loss: 2.976783 | lrm: 0.77 | dt: 165ms | tok/sec: 1,590,917 | mfu: 38.4% | epoch: 1 | remaining: 116s    
step 01056 (61.3%) | loss: 2.972852 | lrm: 0.77 | dt: 183ms | tok/sec: 1,435,056 | mfu: 34.7% | epoch: 1 | remaining: 116s    
step 01057 (61.4%) | loss: 2.970844 | lrm: 0.77 | dt: 172ms | tok/sec: 1,527,750 | mfu: 36.9% | epoch: 1 | remaining: 116s    
step 01058 (61.4%) | loss: 2.966431 | lrm: 0.77 | dt: 164ms | tok/sec: 1,596,503 | mfu: 38.6% | epoch: 1 | remaining: 116s    
step 01059 (61.5%) | loss: 2.966937 | lrm: 0.77 | dt: 164ms | tok/sec: 1,599,610 | mfu: 38.6% | epoch: 1 | remaining: 115s    
step 01060 (61.5%) | loss: 2.967556 | lrm: 0.77 | dt: 161ms | tok/sec: 1,630,802 | mfu: 39.4% | epoch: 1 | remaining: 115s    
step 01061 (61.6%) | loss: 2.967951 | lrm: 0.77 | dt: 164ms | tok/sec: 1,601,344 | mfu: 38.7% | epoch: 1 | remaining: 115s    
step 01062 (61.6%) | loss: 2.972827 | lrm: 0.77 | dt: 172ms | tok/sec: 1,521,025 | mfu: 36.8% | epoch: 1 | remaining: 115s    
step 01063 (61.7%) | loss: 2.968076 | lrm: 0.77 | dt: 167ms | tok/sec: 1,571,116 | mfu: 38.0% | epoch: 1 | remaining: 115s    
step 01064 (61.8%) | loss: 2.966957 | lrm: 0.76 | dt: 166ms | tok/sec: 1,579,710 | mfu: 38.2% | epoch: 1 | remaining: 115s    
step 01065 (61.8%) | loss: 2.963251 | lrm: 0.76 | dt: 165ms | tok/sec: 1,588,616 | mfu: 38.4% | epoch: 1 | remaining: 114s    
step 01066 (61.9%) | loss: 2.968718 | lrm: 0.76 | dt: 172ms | tok/sec: 1,519,940 | mfu: 36.7% | epoch: 1 | remaining: 114s    
step 01067 (61.9%) | loss: 2.972286 | lrm: 0.76 | dt: 163ms | tok/sec: 1,607,440 | mfu: 38.8% | epoch: 1 | remaining: 114s    
step 01068 (62.0%) | loss: 2.974196 | lrm: 0.76 | dt: 179ms | tok/sec: 1,463,817 | mfu: 35.4% | epoch: 1 | remaining: 114s    
step 01069 (62.0%) | loss: 2.969685 | lrm: 0.76 | dt: 165ms | tok/sec: 1,587,267 | mfu: 38.4% | epoch: 1 | remaining: 114s    
step 01070 (62.1%) | loss: 2.974054 | lrm: 0.76 | dt: 163ms | tok/sec: 1,612,752 | mfu: 39.0% | epoch: 1 | remaining: 114s    
step 01071 (62.1%) | loss: 2.972119 | lrm: 0.76 | dt: 173ms | tok/sec: 1,515,357 | mfu: 36.6% | epoch: 1 | remaining: 113s    
step 01072 (62.2%) | loss: 2.973600 | lrm: 0.76 | dt: 163ms | tok/sec: 1,603,724 | mfu: 38.7% | epoch: 1 | remaining: 113s    
step 01073 (62.3%) | loss: 2.967631 | lrm: 0.75 | dt: 166ms | tok/sec: 1,578,207 | mfu: 38.1% | epoch: 1 | remaining: 113s    
step 01074 (62.3%) | loss: 2.964065 | lrm: 0.75 | dt: 168ms | tok/sec: 1,560,870 | mfu: 37.7% | epoch: 1 | remaining: 113s    
step 01075 (62.4%) | loss: 2.962661 | lrm: 0.75 | dt: 193ms | tok/sec: 1,355,801 | mfu: 32.8% | epoch: 1 | remaining: 113s    
step 01076 (62.4%) | loss: 2.956697 | lrm: 0.75 | dt: 159ms | tok/sec: 1,652,220 | mfu: 39.9% | epoch: 1 | remaining: 113s    
step 01077 (62.5%) | loss: 2.961984 | lrm: 0.75 | dt: 163ms | tok/sec: 1,612,149 | mfu: 39.0% | epoch: 1 | remaining: 112s    
step 01078 (62.5%) | loss: 2.966908 | lrm: 0.75 | dt: 165ms | tok/sec: 1,588,242 | mfu: 38.4% | epoch: 1 | remaining: 112s    
step 01079 (62.6%) | loss: 2.962221 | lrm: 0.75 | dt: 185ms | tok/sec: 1,415,244 | mfu: 34.2% | epoch: 1 | remaining: 112s    
step 01080 (62.7%) | loss: 2.958438 | lrm: 0.75 | dt: 163ms | tok/sec: 1,612,485 | mfu: 39.0% | epoch: 1 | remaining: 112s    
step 01081 (62.7%) | loss: 2.959927 | lrm: 0.75 | dt: 170ms | tok/sec: 1,537,701 | mfu: 37.2% | epoch: 1 | remaining: 112s    
step 01082 (62.8%) | loss: 2.961290 | lrm: 0.74 | dt: 166ms | tok/sec: 1,582,800 | mfu: 38.2% | epoch: 1 | remaining: 112s    
step 01083 (62.8%) | loss: 2.960860 | lrm: 0.74 | dt: 172ms | tok/sec: 1,520,464 | mfu: 36.7% | epoch: 1 | remaining: 111s    
step 01084 (62.9%) | loss: 2.963907 | lrm: 0.74 | dt: 211ms | tok/sec: 1,243,352 | mfu: 30.0% | epoch: 1 | remaining: 111s    
step 01085 (63.0%) | loss: 2.960891 | lrm: 0.74 | dt: 191ms | tok/sec: 1,373,292 | mfu: 33.2% | epoch: 1 | remaining: 111s    
step 01086 (63.0%) | loss: 2.964943 | lrm: 0.74 | dt: 158ms | tok/sec: 1,657,158 | mfu: 40.0% | epoch: 1 | remaining: 111s    
step 01087 (63.1%) | loss: 2.960539 | lrm: 0.74 | dt: 305ms | tok/sec: 859,104 | mfu: 20.8% | epoch: 1 | remaining: 110s    
step 01088 (63.2%) | loss: 2.957357 | lrm: 0.74 | dt: 162ms | tok/sec: 1,615,496 | mfu: 39.0% | epoch: 1 | remaining: 110s    
step 01089 (63.2%) | loss: 2.956145 | lrm: 0.74 | dt: 173ms | tok/sec: 1,518,972 | mfu: 36.7% | epoch: 1 | remaining: 110s    
step 01090 (63.3%) | loss: 2.960759 | lrm: 0.73 | dt: 160ms | tok/sec: 1,639,107 | mfu: 39.6% | epoch: 1 | remaining: 110s    
step 01091 (63.3%) | loss: 2.959254 | lrm: 0.73 | dt: 161ms | tok/sec: 1,623,261 | mfu: 39.2% | epoch: 1 | remaining: 110s    
step 01092 (63.4%) | loss: 2.959666 | lrm: 0.73 | dt: 162ms | tok/sec: 1,622,473 | mfu: 39.2% | epoch: 1 | remaining: 110s    
step 01093 (63.4%) | loss: 2.960242 | lrm: 0.73 | dt: 179ms | tok/sec: 1,464,391 | mfu: 35.4% | epoch: 1 | remaining: 109s    
step 01094 (63.5%) | loss: 2.959437 | lrm: 0.73 | dt: 167ms | tok/sec: 1,565,129 | mfu: 37.8% | epoch: 1 | remaining: 109s    
step 01095 (63.6%) | loss: 2.961972 | lrm: 0.73 | dt: 164ms | tok/sec: 1,593,876 | mfu: 38.5% | epoch: 1 | remaining: 109s    
step 01096 (63.6%) | loss: 2.956788 | lrm: 0.73 | dt: 169ms | tok/sec: 1,550,118 | mfu: 37.5% | epoch: 1 | remaining: 109s    
step 01097 (63.7%) | loss: 2.958705 | lrm: 0.73 | dt: 173ms | tok/sec: 1,512,116 | mfu: 36.5% | epoch: 1 | remaining: 109s    
step 01098 (63.7%) | loss: 2.959503 | lrm: 0.73 | dt: 164ms | tok/sec: 1,595,951 | mfu: 38.6% | epoch: 1 | remaining: 109s    
step 01099 (63.8%) | loss: 2.951246 | lrm: 0.72 | dt: 168ms | tok/sec: 1,562,856 | mfu: 37.8% | epoch: 1 | remaining: 108s    
step 01100 (63.8%) | loss: 2.947893 | lrm: 0.72 | dt: 167ms | tok/sec: 1,567,841 | mfu: 37.9% | epoch: 1 | remaining: 108s    
step 01101 (63.9%) | loss: 2.947955 | lrm: 0.72 | dt: 164ms | tok/sec: 1,599,673 | mfu: 38.7% | epoch: 1 | remaining: 108s    
step 01102 (64.0%) | loss: 2.949043 | lrm: 0.72 | dt: 161ms | tok/sec: 1,626,251 | mfu: 39.3% | epoch: 1 | remaining: 108s    
step 01103 (64.0%) | loss: 2.947044 | lrm: 0.72 | dt: 177ms | tok/sec: 1,477,840 | mfu: 35.7% | epoch: 1 | remaining: 108s    
step 01104 (64.1%) | loss: 2.948610 | lrm: 0.72 | dt: 282ms | tok/sec: 931,222 | mfu: 22.5% | epoch: 1 | remaining: 108s    
step 01105 (64.2%) | loss: 2.945118 | lrm: 0.72 | dt: 179ms | tok/sec: 1,467,865 | mfu: 35.5% | epoch: 1 | remaining: 107s    
step 01106 (64.2%) | loss: 2.950993 | lrm: 0.72 | dt: 162ms | tok/sec: 1,622,287 | mfu: 39.2% | epoch: 1 | remaining: 107s    
step 01107 (64.3%) | loss: 2.953339 | lrm: 0.71 | dt: 160ms | tok/sec: 1,636,036 | mfu: 39.5% | epoch: 1 | remaining: 107s    
step 01108 (64.3%) | loss: 2.955165 | lrm: 0.71 | dt: 181ms | tok/sec: 1,449,728 | mfu: 35.0% | epoch: 1 | remaining: 107s    
step 01109 (64.4%) | loss: 2.959654 | lrm: 0.71 | dt: 192ms | tok/sec: 1,363,600 | mfu: 32.9% | epoch: 1 | remaining: 107s    
step 01110 (64.4%) | loss: 2.957491 | lrm: 0.71 | dt: 162ms | tok/sec: 1,619,856 | mfu: 39.1% | epoch: 1 | remaining: 106s    
step 01111 (64.5%) | loss: 2.955647 | lrm: 0.71 | dt: 173ms | tok/sec: 1,518,991 | mfu: 36.7% | epoch: 1 | remaining: 106s    
step 01112 (64.6%) | loss: 2.957276 | lrm: 0.71 | dt: 162ms | tok/sec: 1,614,452 | mfu: 39.0% | epoch: 1 | remaining: 106s    
step 01113 (64.6%) | loss: 2.957053 | lrm: 0.71 | dt: 243ms | tok/sec: 1,077,325 | mfu: 26.0% | epoch: 1 | remaining: 106s    
step 01114 (64.7%) | loss: 2.957082 | lrm: 0.71 | dt: 182ms | tok/sec: 1,440,903 | mfu: 34.8% | epoch: 1 | remaining: 106s    
step 01115 (64.8%) | loss: 2.952228 | lrm: 0.70 | dt: 165ms | tok/sec: 1,590,592 | mfu: 38.4% | epoch: 1 | remaining: 106s    
step 01116 (64.8%) | loss: 2.947964 | lrm: 0.70 | dt: 162ms | tok/sec: 1,621,411 | mfu: 39.2% | epoch: 1 | remaining: 105s    
step 01117 (64.9%) | loss: 2.945277 | lrm: 0.70 | dt: 162ms | tok/sec: 1,621,519 | mfu: 39.2% | epoch: 1 | remaining: 105s    
step 01118 (64.9%) | loss: 2.942333 | lrm: 0.70 | dt: 163ms | tok/sec: 1,609,977 | mfu: 38.9% | epoch: 1 | remaining: 105s    
step 01119 (65.0%) | loss: 2.945806 | lrm: 0.70 | dt: 272ms | tok/sec: 964,797 | mfu: 23.3% | epoch: 1 | remaining: 105s    
step 01120 (65.1%) | loss: 2.949395 | lrm: 0.70 | dt: 167ms | tok/sec: 1,572,937 | mfu: 38.0% | epoch: 1 | remaining: 105s    
step 01121 (65.1%) | loss: 2.945517 | lrm: 0.70 | dt: 160ms | tok/sec: 1,633,479 | mfu: 39.5% | epoch: 1 | remaining: 104s    
step 01122 (65.2%) | loss: 2.945656 | lrm: 0.70 | dt: 172ms | tok/sec: 1,520,136 | mfu: 36.7% | epoch: 1 | remaining: 104s    
step 01123 (65.2%) | loss: 2.950831 | lrm: 0.70 | dt: 162ms | tok/sec: 1,621,177 | mfu: 39.2% | epoch: 1 | remaining: 104s    
step 01124 (65.3%) | loss: 2.944762 | lrm: 0.69 | dt: 161ms | tok/sec: 1,628,189 | mfu: 39.3% | epoch: 1 | remaining: 104s    
step 01125 (65.3%) | loss: 2.943035 | lrm: 0.69 | dt: 179ms | tok/sec: 1,466,604 | mfu: 35.4% | epoch: 1 | remaining: 104s    
step 01126 (65.4%) | loss: 2.942627 | lrm: 0.69 | dt: 168ms | tok/sec: 1,558,598 | mfu: 37.7% | epoch: 1 | remaining: 104s    
step 01127 (65.5%) | loss: 2.943095 | lrm: 0.69 | dt: 176ms | tok/sec: 1,490,034 | mfu: 36.0% | epoch: 1 | remaining: 103s    
step 01128 (65.5%) | loss: 2.945559 | lrm: 0.69 | dt: 159ms | tok/sec: 1,649,219 | mfu: 39.8% | epoch: 1 | remaining: 103s    
step 01129 (65.6%) | loss: 2.951605 | lrm: 0.69 | dt: 161ms | tok/sec: 1,632,616 | mfu: 39.4% | epoch: 1 | remaining: 103s    
step 01130 (65.6%) | loss: 2.955569 | lrm: 0.69 | dt: 165ms | tok/sec: 1,588,804 | mfu: 38.4% | epoch: 1 | remaining: 103s    
step 01131 (65.7%) | loss: 2.954507 | lrm: 0.69 | dt: 173ms | tok/sec: 1,516,168 | mfu: 36.6% | epoch: 1 | remaining: 103s    
step 01132 (65.7%) | loss: 2.949831 | lrm: 0.69 | dt: 191ms | tok/sec: 1,370,403 | mfu: 33.1% | epoch: 1 | remaining: 103s    
step 01133 (65.8%) | loss: 2.951739 | lrm: 0.68 | dt: 159ms | tok/sec: 1,651,024 | mfu: 39.9% | epoch: 1 | remaining: 102s    
step 01134 (65.8%) | loss: 2.950756 | lrm: 0.68 | dt: 165ms | tok/sec: 1,585,876 | mfu: 38.3% | epoch: 1 | remaining: 102s    
step 01135 (65.9%) | loss: 2.948014 | lrm: 0.68 | dt: 191ms | tok/sec: 1,372,528 | mfu: 33.2% | epoch: 1 | remaining: 102s    
step 01136 (66.0%) | loss: 2.946973 | lrm: 0.68 | dt: 166ms | tok/sec: 1,580,407 | mfu: 38.2% | epoch: 1 | remaining: 102s    
step 01137 (66.0%) | loss: 2.948342 | lrm: 0.68 | dt: 162ms | tok/sec: 1,618,013 | mfu: 39.1% | epoch: 1 | remaining: 102s    
step 01138 (66.1%) | loss: 2.946515 | lrm: 0.68 | dt: 171ms | tok/sec: 1,536,963 | mfu: 37.1% | epoch: 1 | remaining: 102s    
step 01139 (66.1%) | loss: 2.947281 | lrm: 0.68 | dt: 164ms | tok/sec: 1,601,495 | mfu: 38.7% | epoch: 1 | remaining: 101s    
step 01140 (66.2%) | loss: 2.943088 | lrm: 0.68 | dt: 173ms | tok/sec: 1,511,015 | mfu: 36.5% | epoch: 1 | remaining: 101s    
step 01141 (66.2%) | loss: 2.943763 | lrm: 0.68 | dt: 173ms | tok/sec: 1,519,333 | mfu: 36.7% | epoch: 1 | remaining: 101s    
step 01142 (66.3%) | loss: 2.939641 | lrm: 0.67 | dt: 164ms | tok/sec: 1,599,852 | mfu: 38.7% | epoch: 1 | remaining: 101s    
step 01143 (66.4%) | loss: 2.934826 | lrm: 0.67 | dt: 166ms | tok/sec: 1,578,358 | mfu: 38.1% | epoch: 1 | remaining: 101s    
step 01144 (66.4%) | loss: 2.935517 | lrm: 0.67 | dt: 166ms | tok/sec: 1,580,498 | mfu: 38.2% | epoch: 1 | remaining: 101s    
step 01145 (66.5%) | loss: 2.932226 | lrm: 0.67 | dt: 164ms | tok/sec: 1,595,300 | mfu: 38.5% | epoch: 1 | remaining: 100s    
step 01146 (66.5%) | loss: 2.930144 | lrm: 0.67 | dt: 188ms | tok/sec: 1,395,740 | mfu: 33.7% | epoch: 1 | remaining: 100s    
step 01147 (66.6%) | loss: 2.939603 | lrm: 0.67 | dt: 162ms | tok/sec: 1,616,541 | mfu: 39.1% | epoch: 1 | remaining: 100s    
step 01148 (66.6%) | loss: 2.949177 | lrm: 0.67 | dt: 165ms | tok/sec: 1,591,048 | mfu: 38.4% | epoch: 1 | remaining: 100s    
step 01149 (66.7%) | loss: 2.951992 | lrm: 0.67 | dt: 191ms | tok/sec: 1,369,892 | mfu: 33.1% | epoch: 1 | remaining: 100s    
step 01150 (66.8%) | loss: 2.950540 | lrm: 0.66 | dt: 166ms | tok/sec: 1,576,046 | mfu: 38.1% | epoch: 1 | remaining: 100s    
step 01151 (66.8%) | loss: 2.945828 | lrm: 0.66 | dt: 160ms | tok/sec: 1,635,085 | mfu: 39.5% | epoch: 1 | remaining: 99s    
step 01152 (66.9%) | loss: 2.948214 | lrm: 0.66 | dt: 167ms | tok/sec: 1,572,649 | mfu: 38.0% | epoch: 1 | remaining: 99s    
step 01153 (66.9%) | loss: 2.949541 | lrm: 0.66 | dt: 176ms | tok/sec: 1,492,824 | mfu: 36.1% | epoch: 1 | remaining: 99s    
step 01154 (67.0%) | loss: 2.949072 | lrm: 0.66 | dt: 162ms | tok/sec: 1,620,090 | mfu: 39.1% | epoch: 1 | remaining: 99s    
step 01155 (67.0%) | loss: 2.948075 | lrm: 0.66 | dt: 175ms | tok/sec: 1,493,869 | mfu: 36.1% | epoch: 1 | remaining: 99s    
step 01156 (67.1%) | loss: 2.949715 | lrm: 0.66 | dt: 160ms | tok/sec: 1,634,662 | mfu: 39.5% | epoch: 1 | remaining: 99s    
step 01157 (67.1%) | loss: 2.943188 | lrm: 0.66 | dt: 163ms | tok/sec: 1,605,642 | mfu: 38.8% | epoch: 1 | remaining: 98s    
step 01158 (67.2%) | loss: 2.949101 | lrm: 0.66 | dt: 164ms | tok/sec: 1,594,905 | mfu: 38.5% | epoch: 1 | remaining: 98s    
step 01159 (67.3%) | loss: 2.949342 | lrm: 0.65 | dt: 211ms | tok/sec: 1,242,008 | mfu: 30.0% | epoch: 1 | remaining: 98s    
step 01160 (67.3%) | loss: 2.946759 | lrm: 0.65 | dt: 188ms | tok/sec: 1,397,095 | mfu: 33.8% | epoch: 1 | remaining: 98s    
step 01161 (67.4%) | loss: 2.946469 | lrm: 0.65 | dt: 159ms | tok/sec: 1,648,722 | mfu: 39.8% | epoch: 1 | remaining: 98s    
step 01162 (67.4%) | loss: 2.946080 | lrm: 0.65 | dt: 161ms | tok/sec: 1,630,369 | mfu: 39.4% | epoch: 1 | remaining: 98s    
step 01163 (67.5%) | loss: 2.943667 | lrm: 0.65 | dt: 163ms | tok/sec: 1,605,780 | mfu: 38.8% | epoch: 1 | remaining: 97s    
step 01164 (67.5%) | loss: 2.938681 | lrm: 0.65 | dt: 182ms | tok/sec: 1,443,523 | mfu: 34.9% | epoch: 1 | remaining: 97s    
step 01165 (67.6%) | loss: 2.938950 | lrm: 0.65 | dt: 170ms | tok/sec: 1,539,479 | mfu: 37.2% | epoch: 1 | remaining: 97s    
step 01166 (67.7%) | loss: 2.938539 | lrm: 0.65 | dt: 217ms | tok/sec: 1,210,686 | mfu: 29.3% | epoch: 1 | remaining: 97s    
step 01167 (67.7%) | loss: 2.934415 | lrm: 0.65 | dt: 172ms | tok/sec: 1,521,562 | mfu: 36.8% | epoch: 1 | remaining: 97s    
step 01168 (67.8%) | loss: 2.930815 | lrm: 0.64 | dt: 160ms | tok/sec: 1,636,226 | mfu: 39.5% | epoch: 1 | remaining: 96s    
step 01169 (67.8%) | loss: 2.930515 | lrm: 0.64 | dt: 212ms | tok/sec: 1,238,515 | mfu: 29.9% | epoch: 1 | remaining: 96s    
step 01170 (67.9%) | loss: 2.928917 | lrm: 0.64 | dt: 159ms | tok/sec: 1,653,470 | mfu: 40.0% | epoch: 1 | remaining: 96s    
step 01171 (68.0%) | loss: 2.930272 | lrm: 0.64 | dt: 174ms | tok/sec: 1,508,743 | mfu: 36.5% | epoch: 1 | remaining: 96s    
step 01172 (68.0%) | loss: 2.928758 | lrm: 0.64 | dt: 165ms | tok/sec: 1,592,687 | mfu: 38.5% | epoch: 1 | remaining: 96s    
step 01173 (68.1%) | loss: 2.928261 | lrm: 0.64 | dt: 164ms | tok/sec: 1,600,511 | mfu: 38.7% | epoch: 1 | remaining: 96s    
step 01174 (68.1%) | loss: 2.926948 | lrm: 0.64 | dt: 165ms | tok/sec: 1,591,758 | mfu: 38.5% | epoch: 1 | remaining: 95s    
step 01175 (68.2%) | loss: 2.927042 | lrm: 0.64 | dt: 178ms | tok/sec: 1,469,862 | mfu: 35.5% | epoch: 1 | remaining: 95s    
step 01176 (68.3%) | loss: 2.927663 | lrm: 0.63 | dt: 179ms | tok/sec: 1,463,548 | mfu: 35.4% | epoch: 1 | remaining: 95s    
step 01177 (68.3%) | loss: 2.922194 | lrm: 0.63 | dt: 162ms | tok/sec: 1,616,634 | mfu: 39.1% | epoch: 1 | remaining: 95s    
step 01178 (68.4%) | loss: 2.921819 | lrm: 0.63 | dt: 174ms | tok/sec: 1,509,463 | mfu: 36.5% | epoch: 1 | remaining: 95s    
step 01179 (68.4%) | loss: 2.926798 | lrm: 0.63 | dt: 162ms | tok/sec: 1,617,747 | mfu: 39.1% | epoch: 1 | remaining: 95s    
step 01180 (68.5%) | loss: 2.932520 | lrm: 0.63 | dt: 176ms | tok/sec: 1,489,905 | mfu: 36.0% | epoch: 1 | remaining: 94s    
step 01181 (68.5%) | loss: 2.934715 | lrm: 0.63 | dt: 182ms | tok/sec: 1,443,866 | mfu: 34.9% | epoch: 1 | remaining: 94s    
step 01182 (68.6%) | loss: 2.932971 | lrm: 0.63 | dt: 165ms | tok/sec: 1,589,385 | mfu: 38.4% | epoch: 1 | remaining: 94s    
step 01183 (68.7%) | loss: 2.935394 | lrm: 0.63 | dt: 179ms | tok/sec: 1,466,821 | mfu: 35.4% | epoch: 1 | remaining: 94s    
step 01184 (68.7%) | loss: 2.936215 | lrm: 0.63 | dt: 164ms | tok/sec: 1,600,069 | mfu: 38.7% | epoch: 1 | remaining: 94s    
step 01185 (68.8%) | loss: 2.931258 | lrm: 0.62 | dt: 177ms | tok/sec: 1,482,161 | mfu: 35.8% | epoch: 1 | remaining: 94s    
step 01186 (68.8%) | loss: 2.934389 | lrm: 0.62 | dt: 165ms | tok/sec: 1,592,740 | mfu: 38.5% | epoch: 1 | remaining: 93s    
step 01187 (68.9%) | loss: 2.937381 | lrm: 0.62 | dt: 170ms | tok/sec: 1,539,095 | mfu: 37.2% | epoch: 1 | remaining: 93s    
step 01188 (68.9%) | loss: 2.934830 | lrm: 0.62 | dt: 164ms | tok/sec: 1,594,412 | mfu: 38.5% | epoch: 1 | remaining: 93s    
step 01189 (69.0%) | loss: 2.935721 | lrm: 0.62 | dt: 169ms | tok/sec: 1,554,084 | mfu: 37.5% | epoch: 1 | remaining: 93s    
step 01190 (69.1%) | loss: 2.936066 | lrm: 0.62 | dt: 237ms | tok/sec: 1,104,211 | mfu: 26.7% | epoch: 1 | remaining: 93s    
step 01191 (69.1%) | loss: 2.934376 | lrm: 0.62 | dt: 160ms | tok/sec: 1,642,992 | mfu: 39.7% | epoch: 1 | remaining: 92s    
step 01192 (69.2%) | loss: 2.932572 | lrm: 0.62 | dt: 181ms | tok/sec: 1,446,664 | mfu: 35.0% | epoch: 1 | remaining: 92s    
step 01193 (69.2%) | loss: 2.937752 | lrm: 0.62 | dt: 159ms | tok/sec: 1,644,486 | mfu: 39.7% | epoch: 1 | remaining: 92s    
step 01194 (69.3%) | loss: 2.935504 | lrm: 0.61 | dt: 161ms | tok/sec: 1,632,502 | mfu: 39.4% | epoch: 1 | remaining: 92s    
step 01195 (69.3%) | loss: 2.928753 | lrm: 0.61 | dt: 208ms | tok/sec: 1,258,342 | mfu: 30.4% | epoch: 1 | remaining: 92s    
step 01196 (69.4%) | loss: 2.929262 | lrm: 0.61 | dt: 162ms | tok/sec: 1,621,586 | mfu: 39.2% | epoch: 1 | remaining: 92s    
step 01197 (69.5%) | loss: 2.925988 | lrm: 0.61 | dt: 188ms | tok/sec: 1,394,614 | mfu: 33.7% | epoch: 1 | remaining: 91s    
step 01198 (69.5%) | loss: 2.927403 | lrm: 0.61 | dt: 160ms | tok/sec: 1,639,713 | mfu: 39.6% | epoch: 1 | remaining: 91s    
step 01199 (69.6%) | loss: 2.922883 | lrm: 0.61 | dt: 182ms | tok/sec: 1,442,883 | mfu: 34.9% | epoch: 1 | remaining: 91s    
step 01200 (69.6%) | loss: 2.926922 | lrm: 0.61 | dt: 254ms | tok/sec: 1,031,398 | mfu: 24.9% | epoch: 1 | remaining: 91s    
step 01201 (69.7%) | loss: 2.926332 | lrm: 0.61 | dt: 164ms | tok/sec: 1,600,544 | mfu: 38.7% | epoch: 1 | remaining: 91s    
step 01202 (69.8%) | loss: 2.923539 | lrm: 0.60 | dt: 173ms | tok/sec: 1,512,626 | mfu: 36.5% | epoch: 1 | remaining: 90s    
step 01203 (69.8%) | loss: 2.919069 | lrm: 0.60 | dt: 158ms | tok/sec: 1,655,576 | mfu: 40.0% | epoch: 1 | remaining: 90s    
step 01204 (69.9%) | loss: 2.914782 | lrm: 0.60 | dt: 177ms | tok/sec: 1,477,671 | mfu: 35.7% | epoch: 1 | remaining: 90s    
step 01205 (70.0%) | loss: 2.913550 | lrm: 0.60 | dt: 165ms | tok/sec: 1,592,959 | mfu: 38.5% | epoch: 1 | remaining: 90s    
step 01206 (70.0%) | loss: 2.913353 | lrm: 0.60 | dt: 172ms | tok/sec: 1,520,605 | mfu: 36.7% | epoch: 1 | remaining: 90s    
step 01207 (70.1%) | loss: 2.912881 | lrm: 0.60 | dt: 167ms | tok/sec: 1,570,885 | mfu: 38.0% | epoch: 1 | remaining: 90s    
step 01208 (70.1%) | loss: 2.912525 | lrm: 0.60 | dt: 168ms | tok/sec: 1,563,765 | mfu: 37.8% | epoch: 1 | remaining: 89s    
step 01209 (70.2%) | loss: 2.915243 | lrm: 0.60 | dt: 189ms | tok/sec: 1,387,151 | mfu: 33.5% | epoch: 1 | remaining: 89s    
step 01210 (70.2%) | loss: 2.914216 | lrm: 0.60 | dt: 159ms | tok/sec: 1,650,390 | mfu: 39.9% | epoch: 1 | remaining: 89s    
step 01211 (70.3%) | loss: 2.911108 | lrm: 0.59 | dt: 162ms | tok/sec: 1,622,222 | mfu: 39.2% | epoch: 1 | remaining: 89s    
step 01212 (70.4%) | loss: 2.909355 | lrm: 0.59 | dt: 194ms | tok/sec: 1,350,348 | mfu: 32.6% | epoch: 1 | remaining: 89s    
step 01213 (70.4%) | loss: 2.913509 | lrm: 0.59 | dt: 160ms | tok/sec: 1,642,839 | mfu: 39.7% | epoch: 1 | remaining: 89s    
step 01214 (70.5%) | loss: 2.912402 | lrm: 0.59 | dt: 165ms | tok/sec: 1,591,301 | mfu: 38.4% | epoch: 1 | remaining: 88s    
step 01215 (70.5%) | loss: 2.915138 | lrm: 0.59 | dt: 173ms | tok/sec: 1,512,834 | mfu: 36.6% | epoch: 1 | remaining: 88s    
step 01216 (70.6%) | loss: 2.914718 | lrm: 0.59 | dt: 162ms | tok/sec: 1,615,866 | mfu: 39.0% | epoch: 1 | remaining: 88s    
step 01217 (70.6%) | loss: 2.912801 | lrm: 0.59 | dt: 161ms | tok/sec: 1,631,584 | mfu: 39.4% | epoch: 1 | remaining: 88s    
step 01218 (70.7%) | loss: 2.913224 | lrm: 0.59 | dt: 219ms | tok/sec: 1,196,451 | mfu: 28.9% | epoch: 1 | remaining: 88s    
step 01219 (70.8%) | loss: 2.907688 | lrm: 0.58 | dt: 171ms | tok/sec: 1,531,272 | mfu: 37.0% | epoch: 1 | remaining: 88s    
step 01220 (70.8%) | loss: 2.909863 | lrm: 0.58 | dt: 161ms | tok/sec: 1,628,937 | mfu: 39.4% | epoch: 1 | remaining: 87s    
step 01221 (70.9%) | loss: 2.912513 | lrm: 0.58 | dt: 180ms | tok/sec: 1,459,864 | mfu: 35.3% | epoch: 1 | remaining: 87s    
step 01222 (70.9%) | loss: 2.913715 | lrm: 0.58 | dt: 159ms | tok/sec: 1,653,050 | mfu: 39.9% | epoch: 1 | remaining: 87s    
step 01223 (71.0%) | loss: 2.915959 | lrm: 0.58 | dt: 165ms | tok/sec: 1,591,373 | mfu: 38.5% | epoch: 1 | remaining: 87s    
step 01224 (71.0%) | loss: 2.912857 | lrm: 0.58 | dt: 177ms | tok/sec: 1,483,663 | mfu: 35.8% | epoch: 1 | remaining: 87s    
step 01225 (71.1%) | loss: 2.910750 | lrm: 0.58 | dt: 174ms | tok/sec: 1,503,949 | mfu: 36.3% | epoch: 1 | remaining: 87s    
step 01226 (71.2%) | loss: 2.906433 | lrm: 0.58 | dt: 182ms | tok/sec: 1,441,904 | mfu: 34.8% | epoch: 1 | remaining: 86s    
step 01227 (71.2%) | loss: 2.906421 | lrm: 0.58 | dt: 159ms | tok/sec: 1,652,481 | mfu: 39.9% | epoch: 1 | remaining: 86s    
step 01228 (71.3%) | loss: 2.911129 | lrm: 0.57 | dt: 161ms | tok/sec: 1,625,188 | mfu: 39.3% | epoch: 1 | remaining: 86s    
step 01229 (71.3%) | loss: 2.906054 | lrm: 0.57 | dt: 167ms | tok/sec: 1,574,126 | mfu: 38.0% | epoch: 1 | remaining: 86s    
step 01230 (71.4%) | loss: 2.911583 | lrm: 0.57 | dt: 179ms | tok/sec: 1,464,769 | mfu: 35.4% | epoch: 1 | remaining: 86s    
step 01231 (71.4%) | loss: 2.909618 | lrm: 0.57 | dt: 168ms | tok/sec: 1,561,919 | mfu: 37.7% | epoch: 1 | remaining: 86s    
step 01232 (71.5%) | loss: 2.905591 | lrm: 0.57 | dt: 217ms | tok/sec: 1,207,282 | mfu: 29.2% | epoch: 1 | remaining: 85s    
step 01233 (71.6%) | loss: 2.904186 | lrm: 0.57 | dt: 189ms | tok/sec: 1,384,334 | mfu: 33.4% | epoch: 1 | remaining: 85s    
step 01234 (71.6%) | loss: 2.905812 | lrm: 0.57 | dt: 160ms | tok/sec: 1,636,772 | mfu: 39.5% | epoch: 1 | remaining: 85s    
step 01235 (71.7%) | loss: 2.905251 | lrm: 0.57 | dt: 249ms | tok/sec: 1,052,831 | mfu: 25.4% | epoch: 1 | remaining: 85s    
step 01236 (71.8%) | loss: 2.903329 | lrm: 0.56 | dt: 167ms | tok/sec: 1,571,539 | mfu: 38.0% | epoch: 1 | remaining: 85s    
step 01237 (71.8%) | loss: 2.908094 | lrm: 0.56 | dt: 207ms | tok/sec: 1,266,081 | mfu: 30.6% | epoch: 1 | remaining: 84s    
step 01238 (71.9%) | loss: 2.909412 | lrm: 0.56 | dt: 179ms | tok/sec: 1,467,672 | mfu: 35.5% | epoch: 1 | remaining: 84s    
step 01239 (72.0%) | loss: 2.906535 | lrm: 0.56 | dt: 170ms | tok/sec: 1,545,519 | mfu: 37.3% | epoch: 1 | remaining: 84s    
step 01240 (72.0%) | loss: 2.910117 | lrm: 0.56 | dt: 196ms | tok/sec: 1,338,101 | mfu: 32.3% | epoch: 1 | remaining: 84s    
step 01241 (72.1%) | loss: 2.908665 | lrm: 0.56 | dt: 173ms | tok/sec: 1,517,193 | mfu: 36.7% | epoch: 1 | remaining: 84s    
step 01242 (72.1%) | loss: 2.906561 | lrm: 0.56 | dt: 161ms | tok/sec: 1,630,788 | mfu: 39.4% | epoch: 1 | remaining: 83s    
step 01243 (72.2%) | loss: 2.907477 | lrm: 0.56 | dt: 166ms | tok/sec: 1,580,702 | mfu: 38.2% | epoch: 1 | remaining: 83s    
step 01244 (72.2%) | loss: 2.911756 | lrm: 0.56 | dt: 167ms | tok/sec: 1,572,813 | mfu: 38.0% | epoch: 1 | remaining: 83s    
step 01245 (72.3%) | loss: 2.915311 | lrm: 0.55 | dt: 164ms | tok/sec: 1,598,429 | mfu: 38.6% | epoch: 1 | remaining: 83s    
step 01246 (72.4%) | loss: 2.911877 | lrm: 0.55 | dt: 173ms | tok/sec: 1,512,584 | mfu: 36.5% | epoch: 1 | remaining: 83s    
step 01247 (72.4%) | loss: 2.911503 | lrm: 0.55 | dt: 184ms | tok/sec: 1,425,269 | mfu: 34.4% | epoch: 1 | remaining: 83s    
step 01248 (72.5%) | loss: 2.911757 | lrm: 0.55 | dt: 158ms | tok/sec: 1,654,244 | mfu: 40.0% | epoch: 1 | remaining: 82s    
step 01249 (72.5%) | loss: 2.908987 | lrm: 0.55 | dt: 163ms | tok/sec: 1,611,487 | mfu: 38.9% | epoch: 1 | remaining: 82s    
step 01250 (72.6%) | loss: 2.907971 | lrm: 0.55 | dt: 163ms | tok/sec: 1,604,997 | mfu: 38.8% | epoch: 1 | remaining: 82s    
step 01251 (72.6%) | loss: 2.907048 | lrm: 0.55 | dt: 167ms | tok/sec: 1,569,806 | mfu: 37.9% | epoch: 1 | remaining: 82s    
step 01252 (72.7%) | loss: 2.905019 | lrm: 0.55 | dt: 168ms | tok/sec: 1,556,090 | mfu: 37.6% | epoch: 1 | remaining: 82s    
step 01253 (72.7%) | loss: 2.910756 | lrm: 0.55 | dt: 169ms | tok/sec: 1,548,424 | mfu: 37.4% | epoch: 1 | remaining: 82s    
step 01254 (72.8%) | loss: 2.913472 | lrm: 0.54 | dt: 168ms | tok/sec: 1,558,328 | mfu: 37.7% | epoch: 1 | remaining: 81s    
step 01255 (72.9%) | loss: 2.912033 | lrm: 0.54 | dt: 161ms | tok/sec: 1,624,031 | mfu: 39.2% | epoch: 1 | remaining: 81s    
step 01256 (72.9%) | loss: 2.904022 | lrm: 0.54 | dt: 164ms | tok/sec: 1,594,872 | mfu: 38.5% | epoch: 1 | remaining: 81s    
step 01257 (73.0%) | loss: 2.904964 | lrm: 0.54 | dt: 165ms | tok/sec: 1,585,523 | mfu: 38.3% | epoch: 1 | remaining: 81s    
step 01258 (73.0%) | loss: 2.905836 | lrm: 0.54 | dt: 170ms | tok/sec: 1,541,648 | mfu: 37.2% | epoch: 1 | remaining: 81s    
step 01259 (73.1%) | loss: 2.900926 | lrm: 0.54 | dt: 174ms | tok/sec: 1,507,287 | mfu: 36.4% | epoch: 1 | remaining: 81s    
step 01260 (73.1%) | loss: 2.896802 | lrm: 0.54 | dt: 165ms | tok/sec: 1,585,270 | mfu: 38.3% | epoch: 1 | remaining: 80s    
step 01261 (73.2%) | loss: 2.902285 | lrm: 0.54 | dt: 174ms | tok/sec: 1,507,900 | mfu: 36.4% | epoch: 1 | remaining: 80s    
step 01262 (73.2%) | loss: 2.902438 | lrm: 0.54 | dt: 159ms | tok/sec: 1,644,210 | mfu: 39.7% | epoch: 1 | remaining: 80s    
step 01263 (73.3%) | loss: 2.900441 | lrm: 0.53 | dt: 177ms | tok/sec: 1,480,552 | mfu: 35.8% | epoch: 1 | remaining: 80s    
step 01264 (73.4%) | loss: 2.901695 | lrm: 0.53 | dt: 164ms | tok/sec: 1,596,802 | mfu: 38.6% | epoch: 1 | remaining: 80s    
step 01265 (73.4%) | loss: 2.899574 | lrm: 0.53 | dt: 196ms | tok/sec: 1,334,608 | mfu: 32.2% | epoch: 1 | remaining: 80s    
step 01266 (73.5%) | loss: 2.897475 | lrm: 0.53 | dt: 166ms | tok/sec: 1,576,491 | mfu: 38.1% | epoch: 1 | remaining: 79s    
step 01267 (73.5%) | loss: 2.893720 | lrm: 0.53 | dt: 164ms | tok/sec: 1,602,583 | mfu: 38.7% | epoch: 1 | remaining: 79s    
step 01268 (73.6%) | loss: 2.895406 | lrm: 0.53 | dt: 168ms | tok/sec: 1,556,145 | mfu: 37.6% | epoch: 1 | remaining: 79s    
step 01269 (73.6%) | loss: 2.896235 | lrm: 0.53 | dt: 162ms | tok/sec: 1,621,239 | mfu: 39.2% | epoch: 1 | remaining: 79s    
step 01270 (73.7%) | loss: 2.894992 | lrm: 0.53 | dt: 179ms | tok/sec: 1,464,377 | mfu: 35.4% | epoch: 1 | remaining: 79s    
step 01271 (73.8%) | loss: 2.897374 | lrm: 0.52 | dt: 247ms | tok/sec: 1,063,101 | mfu: 25.7% | epoch: 1 | remaining: 78s    
step 01272 (73.8%) | loss: 2.897407 | lrm: 0.52 | dt: 234ms | tok/sec: 1,122,124 | mfu: 27.1% | epoch: 1 | remaining: 78s    
step 01273 (73.9%) | loss: 2.898869 | lrm: 0.52 | dt: 185ms | tok/sec: 1,416,640 | mfu: 34.2% | epoch: 1 | remaining: 78s    
step 01274 (74.0%) | loss: 2.899240 | lrm: 0.52 | dt: 181ms | tok/sec: 1,451,924 | mfu: 35.1% | epoch: 1 | remaining: 78s    
step 01275 (74.0%) | loss: 2.893844 | lrm: 0.52 | dt: 245ms | tok/sec: 1,071,369 | mfu: 25.9% | epoch: 1 | remaining: 78s    
step 01276 (74.1%) | loss: 2.887720 | lrm: 0.52 | dt: 190ms | tok/sec: 1,376,852 | mfu: 33.3% | epoch: 1 | remaining: 77s    
step 01277 (74.2%) | loss: 2.891669 | lrm: 0.52 | dt: 163ms | tok/sec: 1,606,472 | mfu: 38.8% | epoch: 1 | remaining: 77s    
step 01278 (74.2%) | loss: 2.891600 | lrm: 0.52 | dt: 160ms | tok/sec: 1,641,035 | mfu: 39.6% | epoch: 1 | remaining: 77s    
step 01279 (74.3%) | loss: 2.894366 | lrm: 0.51 | dt: 173ms | tok/sec: 1,518,394 | mfu: 36.7% | epoch: 1 | remaining: 77s    
step 01280 (74.4%) | loss: 2.893092 | lrm: 0.51 | dt: 161ms | tok/sec: 1,630,858 | mfu: 39.4% | epoch: 1 | remaining: 77s    
step 01281 (74.4%) | loss: 2.892762 | lrm: 0.51 | dt: 175ms | tok/sec: 1,497,751 | mfu: 36.2% | epoch: 1 | remaining: 77s    
step 01282 (74.5%) | loss: 2.896225 | lrm: 0.51 | dt: 172ms | tok/sec: 1,524,526 | mfu: 36.8% | epoch: 1 | remaining: 76s    
step 01283 (74.5%) | loss: 2.895033 | lrm: 0.51 | dt: 165ms | tok/sec: 1,591,458 | mfu: 38.5% | epoch: 1 | remaining: 76s    
step 01284 (74.6%) | loss: 2.892703 | lrm: 0.51 | dt: 164ms | tok/sec: 1,603,279 | mfu: 38.7% | epoch: 1 | remaining: 76s    
step 01285 (74.6%) | loss: 2.892304 | lrm: 0.51 | dt: 162ms | tok/sec: 1,617,909 | mfu: 39.1% | epoch: 1 | remaining: 76s    
step 01286 (74.7%) | loss: 2.896254 | lrm: 0.51 | dt: 186ms | tok/sec: 1,406,624 | mfu: 34.0% | epoch: 1 | remaining: 76s    
step 01287 (74.7%) | loss: 2.894254 | lrm: 0.51 | dt: 166ms | tok/sec: 1,581,849 | mfu: 38.2% | epoch: 1 | remaining: 76s    
step 01288 (74.8%) | loss: 2.890683 | lrm: 0.50 | dt: 167ms | tok/sec: 1,569,327 | mfu: 37.9% | epoch: 1 | remaining: 75s    
step 01289 (74.9%) | loss: 2.884138 | lrm: 0.50 | dt: 170ms | tok/sec: 1,546,538 | mfu: 37.4% | epoch: 1 | remaining: 75s    
step 01290 (74.9%) | loss: 2.887700 | lrm: 0.50 | dt: 162ms | tok/sec: 1,613,935 | mfu: 39.0% | epoch: 1 | remaining: 75s    
step 01291 (75.0%) | loss: 2.882789 | lrm: 0.50 | dt: 162ms | tok/sec: 1,616,940 | mfu: 39.1% | epoch: 1 | remaining: 75s    
step 01292 (75.0%) | loss: 2.880616 | lrm: 0.50 | dt: 166ms | tok/sec: 1,574,604 | mfu: 38.0% | epoch: 1 | remaining: 75s    
step 01293 (75.1%) | loss: 2.882663 | lrm: 0.50 | dt: 166ms | tok/sec: 1,577,030 | mfu: 38.1% | epoch: 1 | remaining: 75s    
step 01294 (75.1%) | loss: 2.885599 | lrm: 0.50 | dt: 186ms | tok/sec: 1,407,863 | mfu: 34.0% | epoch: 1 | remaining: 74s    
step 01295 (75.2%) | loss: 2.887223 | lrm: 0.50 | dt: 160ms | tok/sec: 1,642,795 | mfu: 39.7% | epoch: 1 | remaining: 74s    
step 01296 (75.2%) | loss: 2.887854 | lrm: 0.50 | dt: 164ms | tok/sec: 1,593,998 | mfu: 38.5% | epoch: 1 | remaining: 74s    
step 01297 (75.3%) | loss: 2.888508 | lrm: 0.49 | dt: 166ms | tok/sec: 1,579,948 | mfu: 38.2% | epoch: 1 | remaining: 74s    
step 01298 (75.4%) | loss: 2.890502 | lrm: 0.49 | dt: 169ms | tok/sec: 1,550,903 | mfu: 37.5% | epoch: 1 | remaining: 74s    
step 01299 (75.4%) | loss: 2.893770 | lrm: 0.49 | dt: 164ms | tok/sec: 1,600,630 | mfu: 38.7% | epoch: 1 | remaining: 74s    
step 01300 (75.5%) | loss: 2.892544 | lrm: 0.49 | dt: 236ms | tok/sec: 1,109,868 | mfu: 26.8% | epoch: 1 | remaining: 73s    
step 01301 (75.5%) | loss: 2.889185 | lrm: 0.49 | dt: 165ms | tok/sec: 1,585,594 | mfu: 38.3% | epoch: 1 | remaining: 73s    
step 01302 (75.6%) | loss: 2.890804 | lrm: 0.49 | dt: 160ms | tok/sec: 1,638,340 | mfu: 39.6% | epoch: 1 | remaining: 73s    
step 01303 (75.7%) | loss: 2.887642 | lrm: 0.49 | dt: 160ms | tok/sec: 1,640,293 | mfu: 39.6% | epoch: 1 | remaining: 73s    
step 01304 (75.7%) | loss: 2.884647 | lrm: 0.49 | dt: 162ms | tok/sec: 1,614,957 | mfu: 39.0% | epoch: 1 | remaining: 73s    
step 01305 (75.8%) | loss: 2.885265 | lrm: 0.48 | dt: 160ms | tok/sec: 1,641,468 | mfu: 39.7% | epoch: 1 | remaining: 73s    
step 01306 (75.8%) | loss: 2.879100 | lrm: 0.48 | dt: 181ms | tok/sec: 1,447,137 | mfu: 35.0% | epoch: 1 | remaining: 72s    
step 01307 (75.9%) | loss: 2.879772 | lrm: 0.48 | dt: 167ms | tok/sec: 1,568,942 | mfu: 37.9% | epoch: 1 | remaining: 72s    
step 01308 (75.9%) | loss: 2.881574 | lrm: 0.48 | dt: 165ms | tok/sec: 1,587,206 | mfu: 38.3% | epoch: 1 | remaining: 72s    
step 01309 (76.0%) | loss: 2.881427 | lrm: 0.48 | dt: 162ms | tok/sec: 1,620,040 | mfu: 39.1% | epoch: 1 | remaining: 72s    
step 01310 (76.0%) | loss: 2.880584 | lrm: 0.48 | dt: 160ms | tok/sec: 1,635,737 | mfu: 39.5% | epoch: 1 | remaining: 72s    
step 01311 (76.1%) | loss: 2.878401 | lrm: 0.48 | dt: 163ms | tok/sec: 1,611,322 | mfu: 38.9% | epoch: 1 | remaining: 72s    
step 01312 (76.2%) | loss: 2.874084 | lrm: 0.48 | dt: 173ms | tok/sec: 1,514,176 | mfu: 36.6% | epoch: 1 | remaining: 71s    
step 01313 (76.2%) | loss: 2.870144 | lrm: 0.48 | dt: 166ms | tok/sec: 1,577,550 | mfu: 38.1% | epoch: 1 | remaining: 71s    
step 01314 (76.3%) | loss: 2.877353 | lrm: 0.47 | dt: 167ms | tok/sec: 1,565,740 | mfu: 37.8% | epoch: 1 | remaining: 71s    
step 01315 (76.3%) | loss: 2.881210 | lrm: 0.47 | dt: 164ms | tok/sec: 1,602,531 | mfu: 38.7% | epoch: 1 | remaining: 71s    
step 01316 (76.4%) | loss: 2.877028 | lrm: 0.47 | dt: 165ms | tok/sec: 1,589,491 | mfu: 38.4% | epoch: 1 | remaining: 71s    
step 01317 (76.4%) | loss: 2.879271 | lrm: 0.47 | dt: 185ms | tok/sec: 1,419,669 | mfu: 34.3% | epoch: 1 | remaining: 71s    
step 01318 (76.5%) | loss: 2.879678 | lrm: 0.47 | dt: 163ms | tok/sec: 1,603,424 | mfu: 38.7% | epoch: 1 | remaining: 70s    
step 01319 (76.5%) | loss: 2.879329 | lrm: 0.47 | dt: 167ms | tok/sec: 1,565,727 | mfu: 37.8% | epoch: 1 | remaining: 70s    
step 01320 (76.6%) | loss: 2.883805 | lrm: 0.47 | dt: 166ms | tok/sec: 1,576,914 | mfu: 38.1% | epoch: 1 | remaining: 70s    
step 01321 (76.7%) | loss: 2.881645 | lrm: 0.47 | dt: 176ms | tok/sec: 1,486,103 | mfu: 35.9% | epoch: 1 | remaining: 70s    
step 01322 (76.7%) | loss: 2.880483 | lrm: 0.47 | dt: 161ms | tok/sec: 1,630,381 | mfu: 39.4% | epoch: 1 | remaining: 70s    
step 01323 (76.8%) | loss: 2.884807 | lrm: 0.46 | dt: 166ms | tok/sec: 1,574,994 | mfu: 38.1% | epoch: 1 | remaining: 70s    
step 01324 (76.8%) | loss: 2.885877 | lrm: 0.46 | dt: 169ms | tok/sec: 1,555,561 | mfu: 37.6% | epoch: 1 | remaining: 69s    
step 01325 (76.9%) | loss: 2.887838 | lrm: 0.46 | dt: 167ms | tok/sec: 1,569,096 | mfu: 37.9% | epoch: 1 | remaining: 69s    
step 01326 (76.9%) | loss: 2.882478 | lrm: 0.46 | dt: 200ms | tok/sec: 1,309,742 | mfu: 31.6% | epoch: 1 | remaining: 69s    
step 01327 (77.0%) | loss: 2.879407 | lrm: 0.46 | dt: 159ms | tok/sec: 1,648,465 | mfu: 39.8% | epoch: 1 | remaining: 69s    
step 01328 (77.1%) | loss: 2.881259 | lrm: 0.46 | dt: 174ms | tok/sec: 1,507,510 | mfu: 36.4% | epoch: 1 | remaining: 69s    
step 01329 (77.1%) | loss: 2.878563 | lrm: 0.46 | dt: 160ms | tok/sec: 1,641,387 | mfu: 39.7% | epoch: 1 | remaining: 68s    
step 01330 (77.2%) | loss: 2.875473 | lrm: 0.46 | dt: 164ms | tok/sec: 1,597,964 | mfu: 38.6% | epoch: 1 | remaining: 68s    
step 01331 (77.2%) | loss: 2.875183 | lrm: 0.46 | dt: 324ms | tok/sec: 808,563 | mfu: 19.5% | epoch: 1 | remaining: 68s    
step 01332 (77.3%) | loss: 2.867157 | lrm: 0.45 | dt: 176ms | tok/sec: 1,491,273 | mfu: 36.0% | epoch: 1 | remaining: 68s    
step 01333 (77.4%) | loss: 2.864384 | lrm: 0.45 | dt: 174ms | tok/sec: 1,503,432 | mfu: 36.3% | epoch: 1 | remaining: 68s    
step 01334 (77.4%) | loss: 2.865720 | lrm: 0.45 | dt: 161ms | tok/sec: 1,631,836 | mfu: 39.4% | epoch: 1 | remaining: 68s    
step 01335 (77.5%) | loss: 2.864853 | lrm: 0.45 | dt: 161ms | tok/sec: 1,631,095 | mfu: 39.4% | epoch: 1 | remaining: 67s    
step 01336 (77.6%) | loss: 2.868623 | lrm: 0.45 | dt: 176ms | tok/sec: 1,491,221 | mfu: 36.0% | epoch: 1 | remaining: 67s    
step 01337 (77.6%) | loss: 2.868611 | lrm: 0.45 | dt: 178ms | tok/sec: 1,470,141 | mfu: 35.5% | epoch: 1 | remaining: 67s    
step 01338 (77.7%) | loss: 2.865570 | lrm: 0.45 | dt: 188ms | tok/sec: 1,396,442 | mfu: 33.7% | epoch: 1 | remaining: 67s    
step 01339 (77.7%) | loss: 2.865590 | lrm: 0.45 | dt: 161ms | tok/sec: 1,624,189 | mfu: 39.2% | epoch: 1 | remaining: 67s    
step 01340 (77.8%) | loss: 2.862681 | lrm: 0.44 | dt: 176ms | tok/sec: 1,490,576 | mfu: 36.0% | epoch: 1 | remaining: 66s    
step 01341 (77.8%) | loss: 2.869422 | lrm: 0.44 | dt: 168ms | tok/sec: 1,561,819 | mfu: 37.7% | epoch: 1 | remaining: 66s    
step 01342 (77.9%) | loss: 2.865249 | lrm: 0.44 | dt: 163ms | tok/sec: 1,609,525 | mfu: 38.9% | epoch: 1 | remaining: 66s    
step 01343 (78.0%) | loss: 2.871196 | lrm: 0.44 | dt: 169ms | tok/sec: 1,553,355 | mfu: 37.5% | epoch: 1 | remaining: 66s    
step 01344 (78.0%) | loss: 2.868963 | lrm: 0.44 | dt: 170ms | tok/sec: 1,542,317 | mfu: 37.3% | epoch: 1 | remaining: 66s    
step 01345 (78.1%) | loss: 2.866789 | lrm: 0.44 | dt: 173ms | tok/sec: 1,517,471 | mfu: 36.7% | epoch: 1 | remaining: 66s    
step 01346 (78.1%) | loss: 2.871806 | lrm: 0.44 | dt: 163ms | tok/sec: 1,608,804 | mfu: 38.9% | epoch: 1 | remaining: 65s    
step 01347 (78.2%) | loss: 2.869996 | lrm: 0.44 | dt: 204ms | tok/sec: 1,288,071 | mfu: 31.1% | epoch: 1 | remaining: 65s    
step 01348 (78.2%) | loss: 2.864754 | lrm: 0.44 | dt: 159ms | tok/sec: 1,648,994 | mfu: 39.8% | epoch: 1 | remaining: 65s    
step 01349 (78.3%) | loss: 2.862867 | lrm: 0.43 | dt: 186ms | tok/sec: 1,406,070 | mfu: 34.0% | epoch: 1 | remaining: 65s    
step 01350 (78.4%) | loss: 2.863598 | lrm: 0.43 | dt: 161ms | tok/sec: 1,630,887 | mfu: 39.4% | epoch: 1 | remaining: 65s    
step 01351 (78.4%) | loss: 2.863976 | lrm: 0.43 | dt: 166ms | tok/sec: 1,580,941 | mfu: 38.2% | epoch: 1 | remaining: 65s    
step 01352 (78.5%) | loss: 2.868076 | lrm: 0.43 | dt: 186ms | tok/sec: 1,410,539 | mfu: 34.1% | epoch: 1 | remaining: 64s    
step 01353 (78.5%) | loss: 2.871219 | lrm: 0.43 | dt: 172ms | tok/sec: 1,524,740 | mfu: 36.8% | epoch: 1 | remaining: 64s    
step 01354 (78.6%) | loss: 2.868697 | lrm: 0.43 | dt: 167ms | tok/sec: 1,566,447 | mfu: 37.8% | epoch: 1 | remaining: 64s    
step 01355 (78.6%) | loss: 2.870614 | lrm: 0.43 | dt: 167ms | tok/sec: 1,568,367 | mfu: 37.9% | epoch: 1 | remaining: 64s    
step 01356 (78.7%) | loss: 2.871525 | lrm: 0.43 | dt: 162ms | tok/sec: 1,616,988 | mfu: 39.1% | epoch: 1 | remaining: 64s    
step 01357 (78.8%) | loss: 2.876024 | lrm: 0.42 | dt: 191ms | tok/sec: 1,368,898 | mfu: 33.1% | epoch: 1 | remaining: 64s    
step 01358 (78.8%) | loss: 2.877638 | lrm: 0.42 | dt: 161ms | tok/sec: 1,633,145 | mfu: 39.5% | epoch: 1 | remaining: 63s    
step 01359 (78.9%) | loss: 2.874200 | lrm: 0.42 | dt: 166ms | tok/sec: 1,582,632 | mfu: 38.2% | epoch: 1 | remaining: 63s    
step 01360 (78.9%) | loss: 2.874551 | lrm: 0.42 | dt: 206ms | tok/sec: 1,270,850 | mfu: 30.7% | epoch: 1 | remaining: 63s    
step 01361 (79.0%) | loss: 2.872126 | lrm: 0.42 | dt: 171ms | tok/sec: 1,531,041 | mfu: 37.0% | epoch: 1 | remaining: 63s    
step 01362 (79.1%) | loss: 2.870735 | lrm: 0.42 | dt: 159ms | tok/sec: 1,643,964 | mfu: 39.7% | epoch: 1 | remaining: 63s    
step 01363 (79.1%) | loss: 2.868041 | lrm: 0.42 | dt: 166ms | tok/sec: 1,583,516 | mfu: 38.3% | epoch: 1 | remaining: 63s    
step 01364 (79.2%) | loss: 2.868981 | lrm: 0.42 | dt: 165ms | tok/sec: 1,585,436 | mfu: 38.3% | epoch: 1 | remaining: 62s    
step 01365 (79.2%) | loss: 2.868499 | lrm: 0.42 | dt: 165ms | tok/sec: 1,588,733 | mfu: 38.4% | epoch: 1 | remaining: 62s    
step 01366 (79.3%) | loss: 2.868004 | lrm: 0.41 | dt: 174ms | tok/sec: 1,503,465 | mfu: 36.3% | epoch: 1 | remaining: 62s    
step 01367 (79.3%) | loss: 2.875246 | lrm: 0.41 | dt: 167ms | tok/sec: 1,570,096 | mfu: 37.9% | epoch: 1 | remaining: 62s    
step 01368 (79.4%) | loss: 2.873559 | lrm: 0.41 | dt: 164ms | tok/sec: 1,599,894 | mfu: 38.7% | epoch: 1 | remaining: 62s    
step 01369 (79.4%) | loss: 2.870273 | lrm: 0.41 | dt: 165ms | tok/sec: 1,591,244 | mfu: 38.4% | epoch: 1 | remaining: 62s    
step 01370 (79.5%) | loss: 2.871610 | lrm: 0.41 | dt: 164ms | tok/sec: 1,596,804 | mfu: 38.6% | epoch: 1 | remaining: 61s    
step 01371 (79.6%) | loss: 2.876290 | lrm: 0.41 | dt: 177ms | tok/sec: 1,481,454 | mfu: 35.8% | epoch: 1 | remaining: 61s    
step 01372 (79.6%) | loss: 2.872070 | lrm: 0.41 | dt: 171ms | tok/sec: 1,529,814 | mfu: 37.0% | epoch: 1 | remaining: 61s    
step 01373 (79.7%) | loss: 2.872352 | lrm: 0.41 | dt: 181ms | tok/sec: 1,452,171 | mfu: 35.1% | epoch: 1 | remaining: 61s    
step 01374 (79.7%) | loss: 2.871169 | lrm: 0.41 | dt: 159ms | tok/sec: 1,652,118 | mfu: 39.9% | epoch: 1 | remaining: 61s    
step 01375 (79.8%) | loss: 2.873222 | lrm: 0.40 | dt: 165ms | tok/sec: 1,584,454 | mfu: 38.3% | epoch: 1 | remaining: 60s    
step 01376 (79.8%) | loss: 2.875518 | lrm: 0.40 | dt: 175ms | tok/sec: 1,499,026 | mfu: 36.2% | epoch: 1 | remaining: 60s    
step 01377 (79.9%) | loss: 2.875142 | lrm: 0.40 | dt: 163ms | tok/sec: 1,611,799 | mfu: 38.9% | epoch: 1 | remaining: 60s    
step 01378 (79.9%) | loss: 2.874754 | lrm: 0.40 | dt: 176ms | tok/sec: 1,492,324 | mfu: 36.1% | epoch: 1 | remaining: 60s    
step 01379 (80.0%) | loss: 2.876669 | lrm: 0.40 | dt: 164ms | tok/sec: 1,599,259 | mfu: 38.6% | epoch: 1 | remaining: 60s    
step 01380 (80.1%) | loss: 2.878262 | lrm: 0.40 | dt: 188ms | tok/sec: 1,397,957 | mfu: 33.8% | epoch: 1 | remaining: 60s    
step 01381 (80.1%) | loss: 2.875180 | lrm: 0.40 | dt: 160ms | tok/sec: 1,641,316 | mfu: 39.7% | epoch: 1 | remaining: 59s    
step 01382 (80.2%) | loss: 2.868811 | lrm: 0.40 | dt: 161ms | tok/sec: 1,627,206 | mfu: 39.3% | epoch: 1 | remaining: 59s    
step 01383 (80.2%) | loss: 2.870801 | lrm: 0.40 | dt: 166ms | tok/sec: 1,583,277 | mfu: 38.3% | epoch: 1 | remaining: 59s    
step 01384 (80.3%) | loss: 2.870121 | lrm: 0.39 | dt: 169ms | tok/sec: 1,553,612 | mfu: 37.5% | epoch: 1 | remaining: 59s    
step 01385 (80.3%) | loss: 2.869582 | lrm: 0.39 | dt: 179ms | tok/sec: 1,467,839 | mfu: 35.5% | epoch: 1 | remaining: 59s    
step 01386 (80.4%) | loss: 2.867874 | lrm: 0.39 | dt: 385ms | tok/sec: 680,569 | mfu: 16.4% | epoch: 1 | remaining: 58s    
step 01387 (80.5%) | loss: 2.866131 | lrm: 0.39 | dt: 174ms | tok/sec: 1,504,500 | mfu: 36.4% | epoch: 1 | remaining: 58s    
step 01388 (80.6%) | loss: 2.866078 | lrm: 0.39 | dt: 161ms | tok/sec: 1,633,195 | mfu: 39.5% | epoch: 1 | remaining: 58s    
step 01389 (80.6%) | loss: 2.869813 | lrm: 0.39 | dt: 163ms | tok/sec: 1,609,322 | mfu: 38.9% | epoch: 1 | remaining: 58s    
step 01390 (80.7%) | loss: 2.868645 | lrm: 0.39 | dt: 161ms | tok/sec: 1,627,685 | mfu: 39.3% | epoch: 1 | remaining: 58s    
step 01391 (80.8%) | loss: 2.868027 | lrm: 0.38 | dt: 161ms | tok/sec: 1,629,244 | mfu: 39.4% | epoch: 1 | remaining: 58s    
step 01392 (80.8%) | loss: 2.868544 | lrm: 0.38 | dt: 178ms | tok/sec: 1,475,890 | mfu: 35.7% | epoch: 1 | remaining: 57s    
step 01393 (80.9%) | loss: 2.867055 | lrm: 0.38 | dt: 168ms | tok/sec: 1,558,366 | mfu: 37.7% | epoch: 1 | remaining: 57s    
step 01394 (80.9%) | loss: 2.868004 | lrm: 0.38 | dt: 163ms | tok/sec: 1,604,208 | mfu: 38.8% | epoch: 1 | remaining: 57s    
step 01395 (81.0%) | loss: 2.868754 | lrm: 0.38 | dt: 161ms | tok/sec: 1,623,923 | mfu: 39.2% | epoch: 1 | remaining: 57s    
step 01396 (81.0%) | loss: 2.866602 | lrm: 0.38 | dt: 161ms | tok/sec: 1,624,058 | mfu: 39.2% | epoch: 1 | remaining: 57s    
step 01397 (81.1%) | loss: 2.866571 | lrm: 0.38 | dt: 229ms | tok/sec: 1,145,633 | mfu: 27.7% | epoch: 1 | remaining: 57s    
step 01398 (81.2%) | loss: 2.871596 | lrm: 0.38 | dt: 208ms | tok/sec: 1,259,002 | mfu: 30.4% | epoch: 1 | remaining: 56s    
step 01399 (81.2%) | loss: 2.870243 | lrm: 0.38 | dt: 200ms | tok/sec: 1,312,017 | mfu: 31.7% | epoch: 1 | remaining: 56s    
step 01400 (81.3%) | loss: 2.870246 | lrm: 0.37 | dt: 159ms | tok/sec: 1,651,486 | mfu: 39.9% | epoch: 1 | remaining: 56s    
step 01401 (81.3%) | loss: 2.869171 | lrm: 0.37 | dt: 165ms | tok/sec: 1,584,945 | mfu: 38.3% | epoch: 1 | remaining: 56s    
step 01402 (81.4%) | loss: 2.872159 | lrm: 0.37 | dt: 161ms | tok/sec: 1,628,143 | mfu: 39.3% | epoch: 1 | remaining: 56s    
step 01403 (81.5%) | loss: 2.873447 | lrm: 0.37 | dt: 161ms | tok/sec: 1,630,548 | mfu: 39.4% | epoch: 1 | remaining: 55s    
step 01404 (81.5%) | loss: 2.871206 | lrm: 0.37 | dt: 173ms | tok/sec: 1,512,318 | mfu: 36.5% | epoch: 1 | remaining: 55s    
step 01405 (81.6%) | loss: 2.869185 | lrm: 0.37 | dt: 173ms | tok/sec: 1,513,465 | mfu: 36.6% | epoch: 1 | remaining: 55s    
step 01406 (81.6%) | loss: 2.867656 | lrm: 0.37 | dt: 165ms | tok/sec: 1,593,474 | mfu: 38.5% | epoch: 1 | remaining: 55s    
step 01407 (81.7%) | loss: 2.872534 | lrm: 0.37 | dt: 163ms | tok/sec: 1,606,965 | mfu: 38.8% | epoch: 1 | remaining: 55s    
step 01408 (81.7%) | loss: 2.864805 | lrm: 0.37 | dt: 165ms | tok/sec: 1,590,475 | mfu: 38.4% | epoch: 1 | remaining: 55s    
step 01409 (81.8%) | loss: 2.861923 | lrm: 0.36 | dt: 165ms | tok/sec: 1,586,255 | mfu: 38.3% | epoch: 1 | remaining: 54s    
step 01410 (81.8%) | loss: 2.861916 | lrm: 0.36 | dt: 170ms | tok/sec: 1,546,197 | mfu: 37.4% | epoch: 1 | remaining: 54s    
step 01411 (81.9%) | loss: 2.859417 | lrm: 0.36 | dt: 171ms | tok/sec: 1,535,131 | mfu: 37.1% | epoch: 1 | remaining: 54s    
step 01412 (82.0%) | loss: 2.859537 | lrm: 0.36 | dt: 165ms | tok/sec: 1,585,414 | mfu: 38.3% | epoch: 1 | remaining: 54s    
step 01413 (82.0%) | loss: 2.857665 | lrm: 0.36 | dt: 173ms | tok/sec: 1,517,298 | mfu: 36.7% | epoch: 1 | remaining: 54s    
step 01414 (82.1%) | loss: 2.858647 | lrm: 0.36 | dt: 161ms | tok/sec: 1,631,371 | mfu: 39.4% | epoch: 1 | remaining: 54s    
step 01415 (82.1%) | loss: 2.854965 | lrm: 0.36 | dt: 173ms | tok/sec: 1,519,088 | mfu: 36.7% | epoch: 1 | remaining: 53s    
step 01416 (82.2%) | loss: 2.848552 | lrm: 0.36 | dt: 167ms | tok/sec: 1,570,715 | mfu: 38.0% | epoch: 1 | remaining: 53s    
step 01417 (82.2%) | loss: 2.850594 | lrm: 0.36 | dt: 191ms | tok/sec: 1,370,726 | mfu: 33.1% | epoch: 1 | remaining: 53s    
step 01418 (82.3%) | loss: 2.848027 | lrm: 0.35 | dt: 177ms | tok/sec: 1,484,370 | mfu: 35.9% | epoch: 1 | remaining: 53s    
step 01419 (82.4%) | loss: 2.849437 | lrm: 0.35 | dt: 169ms | tok/sec: 1,549,815 | mfu: 37.4% | epoch: 1 | remaining: 53s    
step 01420 (82.4%) | loss: 2.847103 | lrm: 0.35 | dt: 174ms | tok/sec: 1,507,278 | mfu: 36.4% | epoch: 1 | remaining: 53s    
step 01421 (82.5%) | loss: 2.845232 | lrm: 0.35 | dt: 158ms | tok/sec: 1,654,276 | mfu: 40.0% | epoch: 1 | remaining: 52s    
step 01422 (82.5%) | loss: 2.840957 | lrm: 0.35 | dt: 166ms | tok/sec: 1,577,844 | mfu: 38.1% | epoch: 1 | remaining: 52s    
step 01423 (82.6%) | loss: 2.840874 | lrm: 0.35 | dt: 172ms | tok/sec: 1,521,590 | mfu: 36.8% | epoch: 1 | remaining: 52s    
step 01424 (82.6%) | loss: 2.842681 | lrm: 0.35 | dt: 207ms | tok/sec: 1,264,789 | mfu: 30.6% | epoch: 1 | remaining: 52s    
step 01425 (82.7%) | loss: 2.846499 | lrm: 0.35 | dt: 161ms | tok/sec: 1,631,574 | mfu: 39.4% | epoch: 1 | remaining: 52s    
step 01426 (82.8%) | loss: 2.846340 | lrm: 0.34 | dt: 163ms | tok/sec: 1,612,934 | mfu: 39.0% | epoch: 1 | remaining: 52s    
step 01427 (82.8%) | loss: 2.847107 | lrm: 0.34 | dt: 170ms | tok/sec: 1,538,260 | mfu: 37.2% | epoch: 1 | remaining: 51s    
step 01428 (82.9%) | loss: 2.849320 | lrm: 0.34 | dt: 159ms | tok/sec: 1,643,650 | mfu: 39.7% | epoch: 1 | remaining: 51s    
step 01429 (82.9%) | loss: 2.848755 | lrm: 0.34 | dt: 208ms | tok/sec: 1,259,410 | mfu: 30.4% | epoch: 1 | remaining: 51s    
step 01430 (83.0%) | loss: 2.846980 | lrm: 0.34 | dt: 163ms | tok/sec: 1,611,993 | mfu: 38.9% | epoch: 1 | remaining: 51s    
step 01431 (83.1%) | loss: 2.844586 | lrm: 0.34 | dt: 169ms | tok/sec: 1,550,059 | mfu: 37.5% | epoch: 1 | remaining: 51s    
step 01432 (83.1%) | loss: 2.843436 | lrm: 0.34 | dt: 160ms | tok/sec: 1,633,557 | mfu: 39.5% | epoch: 1 | remaining: 51s    
step 01433 (83.2%) | loss: 2.841089 | lrm: 0.34 | dt: 163ms | tok/sec: 1,608,489 | mfu: 38.9% | epoch: 1 | remaining: 50s    
step 01434 (83.2%) | loss: 2.837665 | lrm: 0.34 | dt: 175ms | tok/sec: 1,496,797 | mfu: 36.2% | epoch: 1 | remaining: 50s    
step 01435 (83.3%) | loss: 2.840103 | lrm: 0.33 | dt: 170ms | tok/sec: 1,544,062 | mfu: 37.3% | epoch: 1 | remaining: 50s    
step 01436 (83.3%) | loss: 2.842806 | lrm: 0.33 | dt: 168ms | tok/sec: 1,563,816 | mfu: 37.8% | epoch: 1 | remaining: 50s    
step 01437 (83.4%) | loss: 2.838888 | lrm: 0.33 | dt: 164ms | tok/sec: 1,595,351 | mfu: 38.5% | epoch: 1 | remaining: 50s    
step 01438 (83.4%) | loss: 2.834658 | lrm: 0.33 | dt: 190ms | tok/sec: 1,378,138 | mfu: 33.3% | epoch: 1 | remaining: 49s    
step 01439 (83.5%) | loss: 2.838137 | lrm: 0.33 | dt: 160ms | tok/sec: 1,641,716 | mfu: 39.7% | epoch: 1 | remaining: 49s    
step 01440 (83.6%) | loss: 2.835229 | lrm: 0.33 | dt: 168ms | tok/sec: 1,559,723 | mfu: 37.7% | epoch: 1 | remaining: 49s    
step 01441 (83.6%) | loss: 2.835487 | lrm: 0.33 | dt: 166ms | tok/sec: 1,582,814 | mfu: 38.2% | epoch: 1 | remaining: 49s    
step 01442 (83.7%) | loss: 2.834289 | lrm: 0.33 | dt: 165ms | tok/sec: 1,584,155 | mfu: 38.3% | epoch: 1 | remaining: 49s    
step 01443 (83.7%) | loss: 2.834622 | lrm: 0.33 | dt: 264ms | tok/sec: 993,691 | mfu: 24.0% | epoch: 1 | remaining: 49s    
step 01444 (83.8%) | loss: 2.835979 | lrm: 0.32 | dt: 160ms | tok/sec: 1,641,875 | mfu: 39.7% | epoch: 1 | remaining: 48s    
step 01445 (83.9%) | loss: 2.836308 | lrm: 0.32 | dt: 191ms | tok/sec: 1,373,237 | mfu: 33.2% | epoch: 1 | remaining: 48s    
step 01446 (83.9%) | loss: 2.835681 | lrm: 0.32 | dt: 164ms | tok/sec: 1,594,393 | mfu: 38.5% | epoch: 1 | remaining: 48s    
step 01447 (84.0%) | loss: 2.835170 | lrm: 0.32 | dt: 161ms | tok/sec: 1,630,759 | mfu: 39.4% | epoch: 1 | remaining: 48s    
step 01448 (84.0%) | loss: 2.833501 | lrm: 0.32 | dt: 170ms | tok/sec: 1,539,548 | mfu: 37.2% | epoch: 1 | remaining: 48s    
step 01449 (84.1%) | loss: 2.830541 | lrm: 0.32 | dt: 170ms | tok/sec: 1,545,013 | mfu: 37.3% | epoch: 1 | remaining: 48s    
step 01450 (84.1%) | loss: 2.830945 | lrm: 0.32 | dt: 179ms | tok/sec: 1,461,413 | mfu: 35.3% | epoch: 1 | remaining: 47s    
step 01451 (84.2%) | loss: 2.834945 | lrm: 0.32 | dt: 185ms | tok/sec: 1,418,417 | mfu: 34.3% | epoch: 1 | remaining: 47s    
step 01452 (84.3%) | loss: 2.836561 | lrm: 0.31 | dt: 162ms | tok/sec: 1,614,163 | mfu: 39.0% | epoch: 1 | remaining: 47s    
step 01453 (84.3%) | loss: 2.837352 | lrm: 0.31 | dt: 207ms | tok/sec: 1,265,078 | mfu: 30.6% | epoch: 1 | remaining: 47s    
step 01454 (84.4%) | loss: 2.834012 | lrm: 0.31 | dt: 159ms | tok/sec: 1,650,960 | mfu: 39.9% | epoch: 1 | remaining: 47s    
step 01455 (84.4%) | loss: 2.835000 | lrm: 0.31 | dt: 170ms | tok/sec: 1,540,195 | mfu: 37.2% | epoch: 1 | remaining: 46s    
step 01456 (84.5%) | loss: 2.837353 | lrm: 0.31 | dt: 163ms | tok/sec: 1,611,074 | mfu: 38.9% | epoch: 1 | remaining: 46s    
step 01457 (84.6%) | loss: 2.838018 | lrm: 0.31 | dt: 171ms | tok/sec: 1,530,383 | mfu: 37.0% | epoch: 1 | remaining: 46s    
step 01458 (84.6%) | loss: 2.836824 | lrm: 0.31 | dt: 163ms | tok/sec: 1,609,237 | mfu: 38.9% | epoch: 1 | remaining: 46s    
step 01459 (84.7%) | loss: 2.838928 | lrm: 0.31 | dt: 176ms | tok/sec: 1,491,126 | mfu: 36.0% | epoch: 1 | remaining: 46s    
step 01460 (84.7%) | loss: 2.836972 | lrm: 0.31 | dt: 165ms | tok/sec: 1,589,804 | mfu: 38.4% | epoch: 1 | remaining: 46s    
step 01461 (84.8%) | loss: 2.834759 | lrm: 0.30 | dt: 165ms | tok/sec: 1,591,221 | mfu: 38.4% | epoch: 1 | remaining: 45s    
step 01462 (84.8%) | loss: 2.836650 | lrm: 0.30 | dt: 173ms | tok/sec: 1,511,634 | mfu: 36.5% | epoch: 1 | remaining: 45s    
step 01463 (84.9%) | loss: 2.830518 | lrm: 0.30 | dt: 162ms | tok/sec: 1,616,550 | mfu: 39.1% | epoch: 1 | remaining: 45s    
step 01464 (85.0%) | loss: 2.829953 | lrm: 0.30 | dt: 178ms | tok/sec: 1,472,892 | mfu: 35.6% | epoch: 1 | remaining: 45s    
step 01465 (85.0%) | loss: 2.832168 | lrm: 0.30 | dt: 168ms | tok/sec: 1,558,646 | mfu: 37.7% | epoch: 1 | remaining: 45s    
step 01466 (85.1%) | loss: 2.828946 | lrm: 0.30 | dt: 164ms | tok/sec: 1,597,816 | mfu: 38.6% | epoch: 1 | remaining: 45s    
step 01467 (85.1%) | loss: 2.829436 | lrm: 0.30 | dt: 165ms | tok/sec: 1,587,758 | mfu: 38.4% | epoch: 1 | remaining: 44s    
step 01468 (85.2%) | loss: 2.823293 | lrm: 0.30 | dt: 163ms | tok/sec: 1,603,630 | mfu: 38.7% | epoch: 1 | remaining: 44s    
step 01469 (85.2%) | loss: 2.824398 | lrm: 0.30 | dt: 171ms | tok/sec: 1,535,054 | mfu: 37.1% | epoch: 1 | remaining: 44s    
step 01470 (85.3%) | loss: 2.820372 | lrm: 0.29 | dt: 165ms | tok/sec: 1,588,221 | mfu: 38.4% | epoch: 1 | remaining: 44s    
step 01471 (85.3%) | loss: 2.819411 | lrm: 0.29 | dt: 176ms | tok/sec: 1,485,627 | mfu: 35.9% | epoch: 1 | remaining: 44s    
step 01472 (85.4%) | loss: 2.816543 | lrm: 0.29 | dt: 162ms | tok/sec: 1,617,959 | mfu: 39.1% | epoch: 1 | remaining: 44s    
step 01473 (85.5%) | loss: 2.819706 | lrm: 0.29 | dt: 167ms | tok/sec: 1,573,090 | mfu: 38.0% | epoch: 1 | remaining: 43s    
step 01474 (85.5%) | loss: 2.819417 | lrm: 0.29 | dt: 162ms | tok/sec: 1,617,485 | mfu: 39.1% | epoch: 1 | remaining: 43s    
step 01475 (85.6%) | loss: 2.819429 | lrm: 0.29 | dt: 165ms | tok/sec: 1,589,169 | mfu: 38.4% | epoch: 1 | remaining: 43s    
step 01476 (85.6%) | loss: 2.817992 | lrm: 0.29 | dt: 166ms | tok/sec: 1,580,548 | mfu: 38.2% | epoch: 1 | remaining: 43s    
step 01477 (85.7%) | loss: 2.820096 | lrm: 0.29 | dt: 169ms | tok/sec: 1,554,937 | mfu: 37.6% | epoch: 1 | remaining: 43s    
step 01478 (85.7%) | loss: 2.824791 | lrm: 0.29 | dt: 195ms | tok/sec: 1,341,831 | mfu: 32.4% | epoch: 1 | remaining: 43s    
step 01479 (85.8%) | loss: 2.826256 | lrm: 0.28 | dt: 172ms | tok/sec: 1,528,453 | mfu: 36.9% | epoch: 1 | remaining: 42s    
step 01480 (85.9%) | loss: 2.822498 | lrm: 0.28 | dt: 163ms | tok/sec: 1,605,630 | mfu: 38.8% | epoch: 1 | remaining: 42s    
step 01481 (85.9%) | loss: 2.826763 | lrm: 0.28 | dt: 163ms | tok/sec: 1,607,868 | mfu: 38.8% | epoch: 1 | remaining: 42s    
step 01482 (86.0%) | loss: 2.826910 | lrm: 0.28 | dt: 165ms | tok/sec: 1,589,443 | mfu: 38.4% | epoch: 1 | remaining: 42s    
step 01483 (86.0%) | loss: 2.830598 | lrm: 0.28 | dt: 168ms | tok/sec: 1,559,624 | mfu: 37.7% | epoch: 1 | remaining: 42s    
step 01484 (86.1%) | loss: 2.826495 | lrm: 0.28 | dt: 169ms | tok/sec: 1,549,777 | mfu: 37.4% | epoch: 1 | remaining: 42s    
step 01485 (86.1%) | loss: 2.822551 | lrm: 0.28 | dt: 211ms | tok/sec: 1,240,226 | mfu: 30.0% | epoch: 1 | remaining: 41s    
step 01486 (86.2%) | loss: 2.823119 | lrm: 0.28 | dt: 159ms | tok/sec: 1,645,155 | mfu: 39.7% | epoch: 1 | remaining: 41s    
step 01487 (86.3%) | loss: 2.822086 | lrm: 0.27 | dt: 169ms | tok/sec: 1,551,855 | mfu: 37.5% | epoch: 1 | remaining: 41s    
step 01488 (86.3%) | loss: 2.823157 | lrm: 0.27 | dt: 161ms | tok/sec: 1,631,664 | mfu: 39.4% | epoch: 1 | remaining: 41s    
step 01489 (86.4%) | loss: 2.822181 | lrm: 0.27 | dt: 165ms | tok/sec: 1,591,463 | mfu: 38.5% | epoch: 1 | remaining: 41s    
step 01490 (86.4%) | loss: 2.821755 | lrm: 0.27 | dt: 165ms | tok/sec: 1,589,006 | mfu: 38.4% | epoch: 1 | remaining: 41s    
step 01491 (86.5%) | loss: 2.820325 | lrm: 0.27 | dt: 177ms | tok/sec: 1,484,524 | mfu: 35.9% | epoch: 1 | remaining: 40s    
step 01492 (86.5%) | loss: 2.822859 | lrm: 0.27 | dt: 170ms | tok/sec: 1,540,210 | mfu: 37.2% | epoch: 1 | remaining: 40s    
step 01493 (86.6%) | loss: 2.820734 | lrm: 0.27 | dt: 161ms | tok/sec: 1,628,401 | mfu: 39.3% | epoch: 1 | remaining: 40s    
step 01494 (86.6%) | loss: 2.824072 | lrm: 0.27 | dt: 162ms | tok/sec: 1,617,459 | mfu: 39.1% | epoch: 1 | remaining: 40s    
step 01495 (86.7%) | loss: 2.826552 | lrm: 0.27 | dt: 205ms | tok/sec: 1,281,449 | mfu: 31.0% | epoch: 1 | remaining: 40s    
step 01496 (86.8%) | loss: 2.828150 | lrm: 0.26 | dt: 161ms | tok/sec: 1,632,972 | mfu: 39.5% | epoch: 1 | remaining: 40s    
step 01497 (86.8%) | loss: 2.831644 | lrm: 0.26 | dt: 192ms | tok/sec: 1,363,852 | mfu: 33.0% | epoch: 1 | remaining: 39s    
step 01498 (86.9%) | loss: 2.830786 | lrm: 0.26 | dt: 192ms | tok/sec: 1,368,884 | mfu: 33.1% | epoch: 1 | remaining: 39s    
step 01499 (86.9%) | loss: 2.829665 | lrm: 0.26 | dt: 164ms | tok/sec: 1,600,453 | mfu: 38.7% | epoch: 1 | remaining: 39s    
step 01500 (87.0%) | loss: 2.832980 | lrm: 0.26 | dt: 161ms | tok/sec: 1,626,592 | mfu: 39.3% | epoch: 1 | remaining: 39s    
step 01501 (87.1%) | loss: 2.833517 | lrm: 0.26 | dt: 193ms | tok/sec: 1,360,855 | mfu: 32.9% | epoch: 1 | remaining: 39s    
step 01502 (87.1%) | loss: 2.839207 | lrm: 0.26 | dt: 196ms | tok/sec: 1,334,507 | mfu: 32.2% | epoch: 1 | remaining: 38s    
step 01503 (87.2%) | loss: 2.840242 | lrm: 0.26 | dt: 175ms | tok/sec: 1,493,974 | mfu: 36.1% | epoch: 1 | remaining: 38s    
step 01504 (87.2%) | loss: 2.837082 | lrm: 0.26 | dt: 164ms | tok/sec: 1,594,063 | mfu: 38.5% | epoch: 1 | remaining: 38s    
step 01505 (87.3%) | loss: 2.832622 | lrm: 0.25 | dt: 161ms | tok/sec: 1,631,654 | mfu: 39.4% | epoch: 1 | remaining: 38s    
step 01506 (87.4%) | loss: 2.831676 | lrm: 0.25 | dt: 164ms | tok/sec: 1,595,705 | mfu: 38.6% | epoch: 1 | remaining: 38s    
step 01507 (87.4%) | loss: 2.831977 | lrm: 0.25 | dt: 170ms | tok/sec: 1,546,345 | mfu: 37.4% | epoch: 1 | remaining: 38s    
step 01508 (87.5%) | loss: 2.830612 | lrm: 0.25 | dt: 172ms | tok/sec: 1,519,743 | mfu: 36.7% | epoch: 1 | remaining: 37s    
step 01509 (87.5%) | loss: 2.827396 | lrm: 0.25 | dt: 175ms | tok/sec: 1,498,262 | mfu: 36.2% | epoch: 1 | remaining: 37s    
step 01510 (87.6%) | loss: 2.829638 | lrm: 0.25 | dt: 183ms | tok/sec: 1,428,898 | mfu: 34.5% | epoch: 1 | remaining: 37s    
step 01511 (87.6%) | loss: 2.825310 | lrm: 0.25 | dt: 195ms | tok/sec: 1,345,448 | mfu: 32.5% | epoch: 1 | remaining: 37s    
step 01512 (87.7%) | loss: 2.828999 | lrm: 0.25 | dt: 159ms | tok/sec: 1,646,111 | mfu: 39.8% | epoch: 1 | remaining: 37s    
step 01513 (87.8%) | loss: 2.827309 | lrm: 0.24 | dt: 172ms | tok/sec: 1,522,561 | mfu: 36.8% | epoch: 1 | remaining: 37s    
step 01514 (87.8%) | loss: 2.829982 | lrm: 0.24 | dt: 164ms | tok/sec: 1,602,859 | mfu: 38.7% | epoch: 1 | remaining: 36s    
step 01515 (87.9%) | loss: 2.829121 | lrm: 0.24 | dt: 171ms | tok/sec: 1,535,847 | mfu: 37.1% | epoch: 1 | remaining: 36s    
step 01516 (87.9%) | loss: 2.828928 | lrm: 0.24 | dt: 164ms | tok/sec: 1,595,298 | mfu: 38.5% | epoch: 1 | remaining: 36s    
step 01517 (88.0%) | loss: 2.825266 | lrm: 0.24 | dt: 172ms | tok/sec: 1,520,434 | mfu: 36.7% | epoch: 1 | remaining: 36s    
step 01518 (88.0%) | loss: 2.831387 | lrm: 0.24 | dt: 187ms | tok/sec: 1,403,494 | mfu: 33.9% | epoch: 1 | remaining: 36s    
step 01519 (88.1%) | loss: 2.826664 | lrm: 0.24 | dt: 159ms | tok/sec: 1,652,272 | mfu: 39.9% | epoch: 1 | remaining: 36s    
step 01520 (88.2%) | loss: 2.822932 | lrm: 0.24 | dt: 188ms | tok/sec: 1,397,383 | mfu: 33.8% | epoch: 1 | remaining: 35s    
step 01521 (88.2%) | loss: 2.823129 | lrm: 0.24 | dt: 161ms | tok/sec: 1,624,499 | mfu: 39.3% | epoch: 1 | remaining: 35s    
step 01522 (88.3%) | loss: 2.825375 | lrm: 0.23 | dt: 169ms | tok/sec: 1,554,176 | mfu: 37.6% | epoch: 1 | remaining: 35s    
step 01523 (88.3%) | loss: 2.824704 | lrm: 0.23 | dt: 166ms | tok/sec: 1,577,283 | mfu: 38.1% | epoch: 1 | remaining: 35s    
step 01524 (88.4%) | loss: 2.823744 | lrm: 0.23 | dt: 171ms | tok/sec: 1,535,600 | mfu: 37.1% | epoch: 1 | remaining: 35s    
step 01525 (88.4%) | loss: 2.831823 | lrm: 0.23 | dt: 192ms | tok/sec: 1,362,199 | mfu: 32.9% | epoch: 1 | remaining: 34s    
step 01526 (88.5%) | loss: 2.837716 | lrm: 0.23 | dt: 181ms | tok/sec: 1,448,610 | mfu: 35.0% | epoch: 1 | remaining: 34s    
step 01527 (88.6%) | loss: 2.835821 | lrm: 0.23 | dt: 185ms | tok/sec: 1,420,087 | mfu: 34.3% | epoch: 1 | remaining: 34s    
step 01528 (88.6%) | loss: 2.834061 | lrm: 0.23 | dt: 160ms | tok/sec: 1,642,496 | mfu: 39.7% | epoch: 1 | remaining: 34s    
step 01529 (88.7%) | loss: 2.831412 | lrm: 0.23 | dt: 164ms | tok/sec: 1,596,097 | mfu: 38.6% | epoch: 1 | remaining: 34s    
step 01530 (88.7%) | loss: 2.833183 | lrm: 0.23 | dt: 180ms | tok/sec: 1,459,758 | mfu: 35.3% | epoch: 1 | remaining: 34s    
step 01531 (88.8%) | loss: 2.830101 | lrm: 0.22 | dt: 164ms | tok/sec: 1,598,197 | mfu: 38.6% | epoch: 1 | remaining: 33s    
step 01532 (88.8%) | loss: 2.828833 | lrm: 0.22 | dt: 167ms | tok/sec: 1,566,624 | mfu: 37.9% | epoch: 1 | remaining: 33s    
step 01533 (88.9%) | loss: 2.834943 | lrm: 0.22 | dt: 168ms | tok/sec: 1,556,052 | mfu: 37.6% | epoch: 1 | remaining: 33s    
step 01534 (89.0%) | loss: 2.830245 | lrm: 0.22 | dt: 163ms | tok/sec: 1,604,627 | mfu: 38.8% | epoch: 1 | remaining: 33s    
step 01535 (89.0%) | loss: 2.827799 | lrm: 0.22 | dt: 164ms | tok/sec: 1,599,943 | mfu: 38.7% | epoch: 1 | remaining: 33s    
step 01536 (89.1%) | loss: 2.824892 | lrm: 0.22 | dt: 170ms | tok/sec: 1,540,950 | mfu: 37.2% | epoch: 1 | remaining: 33s    
step 01537 (89.1%) | loss: 2.824211 | lrm: 0.22 | dt: 165ms | tok/sec: 1,588,487 | mfu: 38.4% | epoch: 1 | remaining: 32s    
step 01538 (89.2%) | loss: 2.819108 | lrm: 0.22 | dt: 167ms | tok/sec: 1,568,018 | mfu: 37.9% | epoch: 1 | remaining: 32s    
step 01539 (89.2%) | loss: 2.817365 | lrm: 0.22 | dt: 168ms | tok/sec: 1,563,320 | mfu: 37.8% | epoch: 1 | remaining: 32s    
step 01540 (89.3%) | loss: 2.814648 | lrm: 0.21 | dt: 164ms | tok/sec: 1,600,693 | mfu: 38.7% | epoch: 1 | remaining: 32s    
step 01541 (89.3%) | loss: 2.814947 | lrm: 0.21 | dt: 172ms | tok/sec: 1,522,099 | mfu: 36.8% | epoch: 1 | remaining: 32s    
step 01542 (89.4%) | loss: 2.819672 | lrm: 0.21 | dt: 163ms | tok/sec: 1,608,646 | mfu: 38.9% | epoch: 1 | remaining: 32s    
step 01543 (89.5%) | loss: 2.818504 | lrm: 0.21 | dt: 184ms | tok/sec: 1,427,681 | mfu: 34.5% | epoch: 1 | remaining: 31s    
step 01544 (89.5%) | loss: 2.817860 | lrm: 0.21 | dt: 162ms | tok/sec: 1,617,392 | mfu: 39.1% | epoch: 1 | remaining: 31s    
step 01545 (89.6%) | loss: 2.815120 | lrm: 0.21 | dt: 183ms | tok/sec: 1,433,959 | mfu: 34.6% | epoch: 1 | remaining: 31s    
step 01546 (89.6%) | loss: 2.812650 | lrm: 0.21 | dt: 194ms | tok/sec: 1,352,424 | mfu: 32.7% | epoch: 1 | remaining: 31s    
step 01547 (89.7%) | loss: 2.813174 | lrm: 0.21 | dt: 159ms | tok/sec: 1,650,264 | mfu: 39.9% | epoch: 1 | remaining: 31s    
step 01548 (89.8%) | loss: 2.809704 | lrm: 0.20 | dt: 161ms | tok/sec: 1,628,978 | mfu: 39.4% | epoch: 1 | remaining: 31s    
step 01549 (89.8%) | loss: 2.805144 | lrm: 0.20 | dt: 163ms | tok/sec: 1,603,805 | mfu: 38.8% | epoch: 1 | remaining: 30s    
step 01550 (89.9%) | loss: 2.799077 | lrm: 0.20 | dt: 168ms | tok/sec: 1,556,244 | mfu: 37.6% | epoch: 1 | remaining: 30s    
step 01551 (89.9%) | loss: 2.804057 | lrm: 0.20 | dt: 168ms | tok/sec: 1,558,123 | mfu: 37.6% | epoch: 1 | remaining: 30s    
step 01552 (90.0%) | loss: 2.803617 | lrm: 0.20 | dt: 171ms | tok/sec: 1,536,203 | mfu: 37.1% | epoch: 1 | remaining: 30s    
step 01553 (90.0%) | loss: 2.806271 | lrm: 0.20 | dt: 166ms | tok/sec: 1,583,208 | mfu: 38.3% | epoch: 1 | remaining: 30s    
step 01554 (90.1%) | loss: 2.807869 | lrm: 0.20 | dt: 164ms | tok/sec: 1,602,440 | mfu: 38.7% | epoch: 1 | remaining: 30s    
step 01555 (90.1%) | loss: 2.808696 | lrm: 0.20 | dt: 228ms | tok/sec: 1,150,871 | mfu: 27.8% | epoch: 1 | remaining: 29s    
step 01556 (90.2%) | loss: 2.807372 | lrm: 0.20 | dt: 159ms | tok/sec: 1,650,801 | mfu: 39.9% | epoch: 1 | remaining: 29s    
step 01557 (90.3%) | loss: 2.805385 | lrm: 0.19 | dt: 254ms | tok/sec: 1,030,657 | mfu: 24.9% | epoch: 1 | remaining: 29s    
step 01558 (90.4%) | loss: 2.803791 | lrm: 0.19 | dt: 174ms | tok/sec: 1,502,383 | mfu: 36.3% | epoch: 1 | remaining: 29s    
step 01559 (90.4%) | loss: 2.806123 | lrm: 0.19 | dt: 161ms | tok/sec: 1,630,478 | mfu: 39.4% | epoch: 1 | remaining: 29s    
step 01560 (90.5%) | loss: 2.807922 | lrm: 0.19 | dt: 162ms | tok/sec: 1,620,126 | mfu: 39.1% | epoch: 1 | remaining: 28s    
step 01561 (90.5%) | loss: 2.805429 | lrm: 0.19 | dt: 162ms | tok/sec: 1,614,267 | mfu: 39.0% | epoch: 1 | remaining: 28s    
step 01562 (90.6%) | loss: 2.807247 | lrm: 0.19 | dt: 171ms | tok/sec: 1,535,810 | mfu: 37.1% | epoch: 1 | remaining: 28s    
step 01563 (90.6%) | loss: 2.806375 | lrm: 0.19 | dt: 176ms | tok/sec: 1,488,026 | mfu: 36.0% | epoch: 1 | remaining: 28s    
step 01564 (90.7%) | loss: 2.798162 | lrm: 0.19 | dt: 169ms | tok/sec: 1,550,359 | mfu: 37.5% | epoch: 1 | remaining: 28s    
step 01565 (90.7%) | loss: 2.802927 | lrm: 0.19 | dt: 168ms | tok/sec: 1,558,934 | mfu: 37.7% | epoch: 1 | remaining: 28s    
step 01566 (90.8%) | loss: 2.804769 | lrm: 0.18 | dt: 162ms | tok/sec: 1,615,361 | mfu: 39.0% | epoch: 1 | remaining: 27s    
step 01567 (90.9%) | loss: 2.804739 | lrm: 0.18 | dt: 162ms | tok/sec: 1,619,229 | mfu: 39.1% | epoch: 1 | remaining: 27s    
step 01568 (90.9%) | loss: 2.805202 | lrm: 0.18 | dt: 170ms | tok/sec: 1,543,176 | mfu: 37.3% | epoch: 1 | remaining: 27s    
step 01569 (91.0%) | loss: 2.805891 | lrm: 0.18 | dt: 172ms | tok/sec: 1,521,566 | mfu: 36.8% | epoch: 1 | remaining: 27s    
step 01570 (91.0%) | loss: 2.805518 | lrm: 0.18 | dt: 169ms | tok/sec: 1,553,851 | mfu: 37.5% | epoch: 1 | remaining: 27s    
step 01571 (91.1%) | loss: 2.804776 | lrm: 0.18 | dt: 165ms | tok/sec: 1,590,160 | mfu: 38.4% | epoch: 1 | remaining: 27s    
step 01572 (91.1%) | loss: 2.806567 | lrm: 0.18 | dt: 162ms | tok/sec: 1,613,329 | mfu: 39.0% | epoch: 1 | remaining: 26s    
step 01573 (91.2%) | loss: 2.805004 | lrm: 0.18 | dt: 163ms | tok/sec: 1,607,245 | mfu: 38.8% | epoch: 1 | remaining: 26s    
step 01574 (91.2%) | loss: 2.802619 | lrm: 0.18 | dt: 168ms | tok/sec: 1,559,431 | mfu: 37.7% | epoch: 1 | remaining: 26s    
step 01575 (91.3%) | loss: 2.803682 | lrm: 0.17 | dt: 172ms | tok/sec: 1,528,082 | mfu: 36.9% | epoch: 1 | remaining: 26s    
step 01576 (91.4%) | loss: 2.806354 | lrm: 0.17 | dt: 196ms | tok/sec: 1,334,070 | mfu: 32.2% | epoch: 1 | remaining: 26s    
step 01577 (91.4%) | loss: 2.802213 | lrm: 0.17 | dt: 160ms | tok/sec: 1,638,462 | mfu: 39.6% | epoch: 1 | remaining: 26s    
step 01578 (91.5%) | loss: 2.803923 | lrm: 0.17 | dt: 162ms | tok/sec: 1,622,196 | mfu: 39.2% | epoch: 1 | remaining: 25s    
step 01579 (91.5%) | loss: 2.799999 | lrm: 0.17 | dt: 163ms | tok/sec: 1,605,754 | mfu: 38.8% | epoch: 1 | remaining: 25s    
step 01580 (91.6%) | loss: 2.803481 | lrm: 0.17 | dt: 177ms | tok/sec: 1,479,048 | mfu: 35.7% | epoch: 1 | remaining: 25s    
step 01581 (91.6%) | loss: 2.805084 | lrm: 0.17 | dt: 177ms | tok/sec: 1,480,476 | mfu: 35.8% | epoch: 1 | remaining: 25s    
step 01582 (91.7%) | loss: 2.798989 | lrm: 0.17 | dt: 168ms | tok/sec: 1,562,061 | mfu: 37.7% | epoch: 1 | remaining: 25s    
step 01583 (91.8%) | loss: 2.797965 | lrm: 0.16 | dt: 164ms | tok/sec: 1,601,152 | mfu: 38.7% | epoch: 1 | remaining: 25s    
step 01584 (91.8%) | loss: 2.801043 | lrm: 0.16 | dt: 161ms | tok/sec: 1,628,503 | mfu: 39.3% | epoch: 1 | remaining: 24s    
step 01585 (91.9%) | loss: 2.799207 | lrm: 0.16 | dt: 162ms | tok/sec: 1,622,301 | mfu: 39.2% | epoch: 1 | remaining: 24s    
step 01586 (91.9%) | loss: 2.799430 | lrm: 0.16 | dt: 169ms | tok/sec: 1,553,125 | mfu: 37.5% | epoch: 1 | remaining: 24s    
step 01587 (92.0%) | loss: 2.803406 | lrm: 0.16 | dt: 303ms | tok/sec: 865,802 | mfu: 20.9% | epoch: 1 | remaining: 24s    
step 01588 (92.1%) | loss: 2.807938 | lrm: 0.16 | dt: 186ms | tok/sec: 1,410,311 | mfu: 34.1% | epoch: 1 | remaining: 24s    
step 01589 (92.1%) | loss: 2.807406 | lrm: 0.16 | dt: 158ms | tok/sec: 1,660,103 | mfu: 40.1% | epoch: 1 | remaining: 23s    
step 01590 (92.2%) | loss: 2.806361 | lrm: 0.16 | dt: 194ms | tok/sec: 1,348,549 | mfu: 32.6% | epoch: 1 | remaining: 23s    
step 01591 (92.3%) | loss: 2.805660 | lrm: 0.15 | dt: 160ms | tok/sec: 1,635,083 | mfu: 39.5% | epoch: 1 | remaining: 23s    
step 01592 (92.3%) | loss: 2.804761 | lrm: 0.15 | dt: 163ms | tok/sec: 1,611,010 | mfu: 38.9% | epoch: 1 | remaining: 23s    
step 01593 (92.4%) | loss: 2.803883 | lrm: 0.15 | dt: 169ms | tok/sec: 1,554,897 | mfu: 37.6% | epoch: 1 | remaining: 23s    
step 01594 (92.4%) | loss: 2.799353 | lrm: 0.15 | dt: 171ms | tok/sec: 1,533,029 | mfu: 37.0% | epoch: 1 | remaining: 23s    
step 01595 (92.5%) | loss: 2.802578 | lrm: 0.15 | dt: 189ms | tok/sec: 1,383,968 | mfu: 33.4% | epoch: 1 | remaining: 22s    
step 01596 (92.5%) | loss: 2.799168 | lrm: 0.15 | dt: 159ms | tok/sec: 1,651,587 | mfu: 39.9% | epoch: 1 | remaining: 22s    
step 01597 (92.6%) | loss: 2.800698 | lrm: 0.15 | dt: 179ms | tok/sec: 1,462,705 | mfu: 35.3% | epoch: 1 | remaining: 22s    
step 01598 (92.7%) | loss: 2.799364 | lrm: 0.15 | dt: 160ms | tok/sec: 1,640,770 | mfu: 39.6% | epoch: 1 | remaining: 22s    
step 01599 (92.7%) | loss: 2.800646 | lrm: 0.15 | dt: 186ms | tok/sec: 1,410,467 | mfu: 34.1% | epoch: 1 | remaining: 22s    
step 01600 (92.8%) | loss: 2.802078 | lrm: 0.14 | dt: 186ms | tok/sec: 1,406,375 | mfu: 34.0% | epoch: 1 | remaining: 22s    
step 01601 (92.8%) | loss: 2.797809 | lrm: 0.14 | dt: 162ms | tok/sec: 1,622,406 | mfu: 39.2% | epoch: 1 | remaining: 21s    
step 01602 (92.9%) | loss: 2.789495 | lrm: 0.14 | dt: 162ms | tok/sec: 1,616,859 | mfu: 39.1% | epoch: 1 | remaining: 21s    
step 01603 (92.9%) | loss: 2.782757 | lrm: 0.14 | dt: 163ms | tok/sec: 1,612,239 | mfu: 39.0% | epoch: 1 | remaining: 21s    
step 01604 (93.0%) | loss: 2.785563 | lrm: 0.14 | dt: 164ms | tok/sec: 1,597,177 | mfu: 38.6% | epoch: 1 | remaining: 21s    
step 01605 (93.0%) | loss: 2.783878 | lrm: 0.14 | dt: 170ms | tok/sec: 1,541,207 | mfu: 37.2% | epoch: 1 | remaining: 21s    
step 01606 (93.1%) | loss: 2.786567 | lrm: 0.14 | dt: 168ms | tok/sec: 1,556,843 | mfu: 37.6% | epoch: 1 | remaining: 21s    
step 01607 (93.2%) | loss: 2.789002 | lrm: 0.14 | dt: 173ms | tok/sec: 1,513,286 | mfu: 36.6% | epoch: 1 | remaining: 20s    
step 01608 (93.2%) | loss: 2.786914 | lrm: 0.14 | dt: 160ms | tok/sec: 1,634,808 | mfu: 39.5% | epoch: 1 | remaining: 20s    
step 01609 (93.3%) | loss: 2.786588 | lrm: 0.13 | dt: 191ms | tok/sec: 1,370,823 | mfu: 33.1% | epoch: 1 | remaining: 20s    
step 01610 (93.3%) | loss: 2.790888 | lrm: 0.13 | dt: 171ms | tok/sec: 1,536,736 | mfu: 37.1% | epoch: 1 | remaining: 20s    
step 01611 (93.4%) | loss: 2.790156 | lrm: 0.13 | dt: 177ms | tok/sec: 1,477,022 | mfu: 35.7% | epoch: 1 | remaining: 20s    
step 01612 (93.4%) | loss: 2.797033 | lrm: 0.13 | dt: 210ms | tok/sec: 1,247,681 | mfu: 30.1% | epoch: 1 | remaining: 19s    
step 01613 (93.5%) | loss: 2.794844 | lrm: 0.13 | dt: 158ms | tok/sec: 1,660,457 | mfu: 40.1% | epoch: 1 | remaining: 19s    
step 01614 (93.6%) | loss: 2.797729 | lrm: 0.13 | dt: 166ms | tok/sec: 1,581,626 | mfu: 38.2% | epoch: 1 | remaining: 19s    
step 01615 (93.6%) | loss: 2.798299 | lrm: 0.13 | dt: 169ms | tok/sec: 1,552,024 | mfu: 37.5% | epoch: 1 | remaining: 19s    
step 01616 (93.7%) | loss: 2.794700 | lrm: 0.13 | dt: 162ms | tok/sec: 1,623,010 | mfu: 39.2% | epoch: 1 | remaining: 19s    
step 01617 (93.7%) | loss: 2.790980 | lrm: 0.13 | dt: 172ms | tok/sec: 1,521,023 | mfu: 36.8% | epoch: 1 | remaining: 19s    
step 01618 (93.8%) | loss: 2.793503 | lrm: 0.12 | dt: 174ms | tok/sec: 1,506,409 | mfu: 36.4% | epoch: 1 | remaining: 18s    
step 01619 (93.9%) | loss: 2.790814 | lrm: 0.12 | dt: 166ms | tok/sec: 1,581,635 | mfu: 38.2% | epoch: 1 | remaining: 18s    
step 01620 (93.9%) | loss: 2.791686 | lrm: 0.12 | dt: 161ms | tok/sec: 1,624,499 | mfu: 39.3% | epoch: 1 | remaining: 18s    
step 01621 (94.0%) | loss: 2.796547 | lrm: 0.12 | dt: 177ms | tok/sec: 1,481,372 | mfu: 35.8% | epoch: 1 | remaining: 18s    
step 01622 (94.0%) | loss: 2.799347 | lrm: 0.12 | dt: 162ms | tok/sec: 1,620,083 | mfu: 39.1% | epoch: 1 | remaining: 18s    
step 01623 (94.1%) | loss: 2.801010 | lrm: 0.12 | dt: 170ms | tok/sec: 1,537,791 | mfu: 37.2% | epoch: 1 | remaining: 18s    
step 01624 (94.1%) | loss: 2.800894 | lrm: 0.12 | dt: 234ms | tok/sec: 1,119,431 | mfu: 27.0% | epoch: 1 | remaining: 17s    
step 01625 (94.2%) | loss: 2.799489 | lrm: 0.12 | dt: 175ms | tok/sec: 1,501,412 | mfu: 36.3% | epoch: 1 | remaining: 17s    
step 01626 (94.3%) | loss: 2.792214 | lrm: 0.11 | dt: 159ms | tok/sec: 1,643,817 | mfu: 39.7% | epoch: 1 | remaining: 17s    
step 01627 (94.3%) | loss: 2.794068 | lrm: 0.11 | dt: 161ms | tok/sec: 1,627,298 | mfu: 39.3% | epoch: 1 | remaining: 17s    
step 01628 (94.4%) | loss: 2.800667 | lrm: 0.11 | dt: 266ms | tok/sec: 984,807 | mfu: 23.8% | epoch: 1 | remaining: 17s    
step 01629 (94.5%) | loss: 2.799126 | lrm: 0.11 | dt: 186ms | tok/sec: 1,409,014 | mfu: 34.0% | epoch: 1 | remaining: 16s    
step 01630 (94.5%) | loss: 2.801137 | lrm: 0.11 | dt: 170ms | tok/sec: 1,539,472 | mfu: 37.2% | epoch: 1 | remaining: 16s    
step 01631 (94.6%) | loss: 2.802668 | lrm: 0.11 | dt: 160ms | tok/sec: 1,643,109 | mfu: 39.7% | epoch: 1 | remaining: 16s    
step 01632 (94.6%) | loss: 2.800373 | lrm: 0.11 | dt: 185ms | tok/sec: 1,415,548 | mfu: 34.2% | epoch: 1 | remaining: 16s    
step 01633 (94.7%) | loss: 2.800964 | lrm: 0.11 | dt: 160ms | tok/sec: 1,635,983 | mfu: 39.5% | epoch: 1 | remaining: 16s    
step 01634 (94.7%) | loss: 2.801053 | lrm: 0.11 | dt: 168ms | tok/sec: 1,564,030 | mfu: 37.8% | epoch: 1 | remaining: 16s    
step 01635 (94.8%) | loss: 2.798972 | lrm: 0.10 | dt: 168ms | tok/sec: 1,555,876 | mfu: 37.6% | epoch: 1 | remaining: 15s    
step 01636 (94.9%) | loss: 2.802370 | lrm: 0.10 | dt: 164ms | tok/sec: 1,600,840 | mfu: 38.7% | epoch: 1 | remaining: 15s    
step 01637 (94.9%) | loss: 2.796522 | lrm: 0.10 | dt: 169ms | tok/sec: 1,549,961 | mfu: 37.4% | epoch: 1 | remaining: 15s    
step 01638 (95.0%) | loss: 2.794328 | lrm: 0.10 | dt: 164ms | tok/sec: 1,595,085 | mfu: 38.5% | epoch: 1 | remaining: 15s    
step 01639 (95.0%) | loss: 2.798200 | lrm: 0.10 | dt: 179ms | tok/sec: 1,464,199 | mfu: 35.4% | epoch: 1 | remaining: 15s    
step 01640 (95.1%) | loss: 2.792959 | lrm: 0.10 | dt: 163ms | tok/sec: 1,604,835 | mfu: 38.8% | epoch: 1 | remaining: 15s    
step 01641 (95.1%) | loss: 2.789586 | lrm: 0.10 | dt: 165ms | tok/sec: 1,585,699 | mfu: 38.3% | epoch: 1 | remaining: 14s    
step 01642 (95.2%) | loss: 2.788578 | lrm: 0.10 | dt: 192ms | tok/sec: 1,367,864 | mfu: 33.0% | epoch: 1 | remaining: 14s    
step 01643 (95.3%) | loss: 2.787211 | lrm: 0.09 | dt: 159ms | tok/sec: 1,643,689 | mfu: 39.7% | epoch: 1 | remaining: 14s    
step 01644 (95.3%) | loss: 2.787534 | lrm: 0.09 | dt: 162ms | tok/sec: 1,613,677 | mfu: 39.0% | epoch: 1 | remaining: 14s    
step 01645 (95.4%) | loss: 2.785867 | lrm: 0.09 | dt: 172ms | tok/sec: 1,527,097 | mfu: 36.9% | epoch: 1 | remaining: 14s    
step 01646 (95.4%) | loss: 2.788085 | lrm: 0.09 | dt: 178ms | tok/sec: 1,474,251 | mfu: 35.6% | epoch: 1 | remaining: 14s    
step 01647 (95.5%) | loss: 2.787846 | lrm: 0.09 | dt: 162ms | tok/sec: 1,619,109 | mfu: 39.1% | epoch: 1 | remaining: 13s    
step 01648 (95.5%) | loss: 2.784205 | lrm: 0.09 | dt: 172ms | tok/sec: 1,528,506 | mfu: 36.9% | epoch: 1 | remaining: 13s    
step 01649 (95.6%) | loss: 2.781302 | lrm: 0.09 | dt: 164ms | tok/sec: 1,598,420 | mfu: 38.6% | epoch: 1 | remaining: 13s    
step 01650 (95.6%) | loss: 2.777951 | lrm: 0.09 | dt: 165ms | tok/sec: 1,591,101 | mfu: 38.4% | epoch: 1 | remaining: 13s    
step 01651 (95.7%) | loss: 2.782384 | lrm: 0.09 | dt: 165ms | tok/sec: 1,587,726 | mfu: 38.4% | epoch: 1 | remaining: 13s    
step 01652 (95.8%) | loss: 2.782459 | lrm: 0.08 | dt: 168ms | tok/sec: 1,564,105 | mfu: 37.8% | epoch: 1 | remaining: 13s    
step 01653 (95.8%) | loss: 2.785774 | lrm: 0.08 | dt: 166ms | tok/sec: 1,583,906 | mfu: 38.3% | epoch: 1 | remaining: 12s    
step 01654 (95.9%) | loss: 2.790722 | lrm: 0.08 | dt: 187ms | tok/sec: 1,399,817 | mfu: 33.8% | epoch: 1 | remaining: 12s    
step 01655 (95.9%) | loss: 2.791656 | lrm: 0.08 | dt: 159ms | tok/sec: 1,653,164 | mfu: 39.9% | epoch: 1 | remaining: 12s    
step 01656 (96.0%) | loss: 2.792702 | lrm: 0.08 | dt: 190ms | tok/sec: 1,380,784 | mfu: 33.4% | epoch: 1 | remaining: 12s    
step 01657 (96.0%) | loss: 2.789856 | lrm: 0.08 | dt: 164ms | tok/sec: 1,597,354 | mfu: 38.6% | epoch: 1 | remaining: 12s    
step 01658 (96.1%) | loss: 2.787861 | lrm: 0.08 | dt: 163ms | tok/sec: 1,608,759 | mfu: 38.9% | epoch: 1 | remaining: 12s    
step 01659 (96.2%) | loss: 2.792485 | lrm: 0.08 | dt: 166ms | tok/sec: 1,575,624 | mfu: 38.1% | epoch: 1 | remaining: 11s    
step 01660 (96.2%) | loss: 2.793517 | lrm: 0.08 | dt: 177ms | tok/sec: 1,481,316 | mfu: 35.8% | epoch: 1 | remaining: 11s    
step 01661 (96.3%) | loss: 2.792643 | lrm: 0.07 | dt: 269ms | tok/sec: 974,941 | mfu: 23.6% | epoch: 1 | remaining: 11s    
step 01662 (96.4%) | loss: 2.791190 | lrm: 0.07 | dt: 200ms | tok/sec: 1,310,052 | mfu: 31.7% | epoch: 1 | remaining: 11s    
step 01663 (96.4%) | loss: 2.786202 | lrm: 0.07 | dt: 199ms | tok/sec: 1,318,732 | mfu: 31.9% | epoch: 1 | remaining: 11s    
step 01664 (96.5%) | loss: 2.786336 | lrm: 0.07 | dt: 160ms | tok/sec: 1,642,415 | mfu: 39.7% | epoch: 1 | remaining: 10s    
step 01665 (96.5%) | loss: 2.783638 | lrm: 0.07 | dt: 173ms | tok/sec: 1,515,815 | mfu: 36.6% | epoch: 1 | remaining: 10s    
step 01666 (96.6%) | loss: 2.783141 | lrm: 0.07 | dt: 159ms | tok/sec: 1,644,877 | mfu: 39.7% | epoch: 1 | remaining: 10s    
step 01667 (96.7%) | loss: 2.783413 | lrm: 0.07 | dt: 161ms | tok/sec: 1,625,303 | mfu: 39.3% | epoch: 1 | remaining: 10s    
step 01668 (96.7%) | loss: 2.782480 | lrm: 0.07 | dt: 190ms | tok/sec: 1,381,287 | mfu: 33.4% | epoch: 1 | remaining: 10s    
step 01669 (96.8%) | loss: 2.783071 | lrm: 0.06 | dt: 174ms | tok/sec: 1,507,656 | mfu: 36.4% | epoch: 1 | remaining: 9s    
step 01670 (96.8%) | loss: 2.783203 | lrm: 0.06 | dt: 159ms | tok/sec: 1,646,574 | mfu: 39.8% | epoch: 1 | remaining: 9s    
step 01671 (96.9%) | loss: 2.778059 | lrm: 0.06 | dt: 162ms | tok/sec: 1,613,940 | mfu: 39.0% | epoch: 1 | remaining: 9s    
step 01672 (96.9%) | loss: 2.773992 | lrm: 0.06 | dt: 161ms | tok/sec: 1,628,500 | mfu: 39.3% | epoch: 1 | remaining: 9s    
step 01673 (97.0%) | loss: 2.780065 | lrm: 0.06 | dt: 163ms | tok/sec: 1,603,674 | mfu: 38.7% | epoch: 1 | remaining: 9s    
step 01674 (97.0%) | loss: 2.778061 | lrm: 0.06 | dt: 171ms | tok/sec: 1,530,368 | mfu: 37.0% | epoch: 1 | remaining: 9s    
step 01675 (97.1%) | loss: 2.774278 | lrm: 0.06 | dt: 169ms | tok/sec: 1,546,627 | mfu: 37.4% | epoch: 1 | remaining: 9s    
step 01676 (97.2%) | loss: 2.778712 | lrm: 0.06 | dt: 164ms | tok/sec: 1,599,645 | mfu: 38.6% | epoch: 1 | remaining: 8s    
step 01677 (97.2%) | loss: 2.777013 | lrm: 0.06 | dt: 164ms | tok/sec: 1,596,785 | mfu: 38.6% | epoch: 1 | remaining: 8s    
step 01678 (97.3%) | loss: 2.779766 | lrm: 0.05 | dt: 163ms | tok/sec: 1,605,084 | mfu: 38.8% | epoch: 1 | remaining: 8s    
step 01679 (97.3%) | loss: 2.788415 | lrm: 0.05 | dt: 163ms | tok/sec: 1,606,719 | mfu: 38.8% | epoch: 1 | remaining: 8s    
step 01680 (97.4%) | loss: 2.787834 | lrm: 0.05 | dt: 168ms | tok/sec: 1,563,314 | mfu: 37.8% | epoch: 1 | remaining: 8s    
step 01681 (97.4%) | loss: 2.791935 | lrm: 0.05 | dt: 169ms | tok/sec: 1,551,615 | mfu: 37.5% | epoch: 1 | remaining: 8s    
step 01682 (97.5%) | loss: 2.791574 | lrm: 0.05 | dt: 172ms | tok/sec: 1,522,144 | mfu: 36.8% | epoch: 1 | remaining: 7s    
step 01683 (97.6%) | loss: 2.786537 | lrm: 0.05 | dt: 171ms | tok/sec: 1,531,180 | mfu: 37.0% | epoch: 1 | remaining: 7s    
step 01684 (97.6%) | loss: 2.784509 | lrm: 0.05 | dt: 198ms | tok/sec: 1,321,333 | mfu: 31.9% | epoch: 1 | remaining: 7s    
step 01685 (97.7%) | loss: 2.788095 | lrm: 0.05 | dt: 159ms | tok/sec: 1,651,253 | mfu: 39.9% | epoch: 1 | remaining: 7s    
step 01686 (97.7%) | loss: 2.786892 | lrm: 0.05 | dt: 215ms | tok/sec: 1,221,466 | mfu: 29.5% | epoch: 1 | remaining: 7s    
step 01687 (97.8%) | loss: 2.784127 | lrm: 0.04 | dt: 159ms | tok/sec: 1,653,607 | mfu: 40.0% | epoch: 1 | remaining: 6s    
step 01688 (97.9%) | loss: 2.784793 | lrm: 0.04 | dt: 162ms | tok/sec: 1,621,062 | mfu: 39.2% | epoch: 1 | remaining: 6s    
step 01689 (97.9%) | loss: 2.785730 | lrm: 0.04 | dt: 161ms | tok/sec: 1,632,034 | mfu: 39.4% | epoch: 1 | remaining: 6s    
step 01690 (98.0%) | loss: 2.783187 | lrm: 0.04 | dt: 168ms | tok/sec: 1,558,514 | mfu: 37.7% | epoch: 1 | remaining: 6s    
step 01691 (98.0%) | loss: 2.784165 | lrm: 0.04 | dt: 161ms | tok/sec: 1,628,346 | mfu: 39.3% | epoch: 1 | remaining: 6s    
step 01692 (98.1%) | loss: 2.781201 | lrm: 0.04 | dt: 175ms | tok/sec: 1,496,972 | mfu: 36.2% | epoch: 1 | remaining: 6s    
step 01693 (98.1%) | loss: 2.779609 | lrm: 0.04 | dt: 164ms | tok/sec: 1,595,849 | mfu: 38.6% | epoch: 1 | remaining: 5s    
step 01694 (98.2%) | loss: 2.777610 | lrm: 0.04 | dt: 159ms | tok/sec: 1,643,603 | mfu: 39.7% | epoch: 1 | remaining: 5s    
step 01695 (98.2%) | loss: 2.781155 | lrm: 0.04 | dt: 162ms | tok/sec: 1,617,706 | mfu: 39.1% | epoch: 1 | remaining: 5s    
step 01696 (98.3%) | loss: 2.780606 | lrm: 0.03 | dt: 165ms | tok/sec: 1,587,790 | mfu: 38.4% | epoch: 1 | remaining: 5s    
step 01697 (98.3%) | loss: 2.778044 | lrm: 0.03 | dt: 167ms | tok/sec: 1,570,549 | mfu: 37.9% | epoch: 1 | remaining: 5s    
step 01698 (98.4%) | loss: 2.778346 | lrm: 0.03 | dt: 170ms | tok/sec: 1,542,133 | mfu: 37.3% | epoch: 1 | remaining: 5s    
step 01699 (98.5%) | loss: 2.777471 | lrm: 0.03 | dt: 168ms | tok/sec: 1,558,088 | mfu: 37.6% | epoch: 1 | remaining: 4s    
step 01700 (98.5%) | loss: 2.776870 | lrm: 0.03 | dt: 162ms | tok/sec: 1,618,266 | mfu: 39.1% | epoch: 1 | remaining: 4s    
step 01701 (98.6%) | loss: 2.781745 | lrm: 0.03 | dt: 161ms | tok/sec: 1,628,722 | mfu: 39.4% | epoch: 1 | remaining: 4s    
step 01702 (98.6%) | loss: 2.777815 | lrm: 0.03 | dt: 162ms | tok/sec: 1,616,125 | mfu: 39.0% | epoch: 1 | remaining: 4s    
step 01703 (98.7%) | loss: 2.777255 | lrm: 0.03 | dt: 173ms | tok/sec: 1,512,666 | mfu: 36.5% | epoch: 1 | remaining: 4s    
step 01704 (98.7%) | loss: 2.778163 | lrm: 0.03 | dt: 164ms | tok/sec: 1,596,560 | mfu: 38.6% | epoch: 1 | remaining: 4s    
step 01705 (98.8%) | loss: 2.774440 | lrm: 0.02 | dt: 168ms | tok/sec: 1,557,971 | mfu: 37.6% | epoch: 1 | remaining: 3s    
step 01706 (98.8%) | loss: 2.773120 | lrm: 0.02 | dt: 185ms | tok/sec: 1,413,642 | mfu: 34.2% | epoch: 1 | remaining: 3s    
step 01707 (98.9%) | loss: 2.774208 | lrm: 0.02 | dt: 192ms | tok/sec: 1,364,034 | mfu: 33.0% | epoch: 1 | remaining: 3s    
step 01708 (99.0%) | loss: 2.773556 | lrm: 0.02 | dt: 160ms | tok/sec: 1,636,453 | mfu: 39.5% | epoch: 1 | remaining: 3s    
step 01709 (99.0%) | loss: 2.769391 | lrm: 0.02 | dt: 160ms | tok/sec: 1,640,932 | mfu: 39.6% | epoch: 1 | remaining: 3s    
step 01710 (99.1%) | loss: 2.771594 | lrm: 0.02 | dt: 162ms | tok/sec: 1,613,343 | mfu: 39.0% | epoch: 1 | remaining: 3s    
step 01711 (99.1%) | loss: 2.771873 | lrm: 0.02 | dt: 181ms | tok/sec: 1,450,805 | mfu: 35.1% | epoch: 1 | remaining: 2s    
step 01712 (99.2%) | loss: 2.763899 | lrm: 0.02 | dt: 165ms | tok/sec: 1,590,484 | mfu: 38.4% | epoch: 1 | remaining: 2s    
step 01713 (99.2%) | loss: 2.770571 | lrm: 0.02 | dt: 171ms | tok/sec: 1,537,342 | mfu: 37.1% | epoch: 1 | remaining: 2s    
step 01714 (99.3%) | loss: 2.769533 | lrm: 0.01 | dt: 165ms | tok/sec: 1,589,785 | mfu: 38.4% | epoch: 1 | remaining: 2s    
step 01715 (99.4%) | loss: 2.774084 | lrm: 0.01 | dt: 164ms | tok/sec: 1,602,980 | mfu: 38.7% | epoch: 1 | remaining: 2s    
step 01716 (99.4%) | loss: 2.776795 | lrm: 0.01 | dt: 161ms | tok/sec: 1,633,077 | mfu: 39.5% | epoch: 1 | remaining: 2s    
step 01717 (99.5%) | loss: 2.776332 | lrm: 0.01 | dt: 167ms | tok/sec: 1,572,566 | mfu: 38.0% | epoch: 1 | remaining: 1s    
step 01718 (99.5%) | loss: 2.775622 | lrm: 0.01 | dt: 185ms | tok/sec: 1,417,217 | mfu: 34.2% | epoch: 1 | remaining: 1s    
step 01719 (99.6%) | loss: 2.779344 | lrm: 0.01 | dt: 164ms | tok/sec: 1,598,724 | mfu: 38.6% | epoch: 1 | remaining: 1s    
step 01720 (99.6%) | loss: 2.783404 | lrm: 0.01 | dt: 164ms | tok/sec: 1,595,087 | mfu: 38.5% | epoch: 1 | remaining: 1s    
step 01721 (99.7%) | loss: 2.783651 | lrm: 0.01 | dt: 168ms | tok/sec: 1,558,322 | mfu: 37.7% | epoch: 1 | remaining: 1s    
step 01722 (99.7%) | loss: 2.785024 | lrm: 0.01 | dt: 162ms | tok/sec: 1,620,453 | mfu: 39.2% | epoch: 1 | remaining: 1s    
step 01723 (99.8%) | loss: 2.787306 | lrm: 0.00 | dt: 169ms | tok/sec: 1,547,049 | mfu: 37.4% | epoch: 1 | remaining: 0s    
step 01724 (99.9%) | loss: 2.785699 | lrm: 0.00 | dt: 176ms | tok/sec: 1,489,471 | mfu: 36.0% | epoch: 1 | remaining: 0s    
step 01725 (99.9%) | loss: 2.785563 | lrm: 0.00 | dt: 165ms | tok/sec: 1,584,765 | mfu: 38.3% | epoch: 1 | remaining: 0s    
step 01726 (100.0%) | loss: 2.781674 | lrm: 0.00 | dt: 163ms | tok/sec: 1,608,056 | mfu: 38.9% | epoch: 1 | remaining: 0s    
---
val_bpb:          0.991104
holdout_bpb:      0.990284
training_seconds: 300.1
total_seconds:    367.7
peak_vram_mb:     44908.2
mfu_percent:      36.24
total_tokens_M:   452.7
num_steps:        1727
num_params_M:     50.3
depth:            8
