Vocab size: 8,192
Model config: {'sequence_len': 2048, 'vocab_size': 8192, 'n_layer': 8, 'n_head': 4, 'n_kv_head': 4, 'n_embd': 512, 'window_pattern': 'SSSL'}
Parameter counts:
  wte                     : 4,194,304
  value_embeds            : 16,777,216
  lm_head                 : 4,194,304
  transformer_matrices    : 25,166,336
  scalars                 : 16
  total                   : 50,332,176
Estimated FLOPs per token: 2.390784e+08
Scaling AdamW LRs by 1/sqrt(512/768) = 1.224745
Time budget: 300s
Gradient accumulation steps: 1

step 00000 (0.0%) | loss: 9.011262 | lrm: 1.00 | dt: 14047ms | tok/sec: 18,662 | mfu: 0.5% | epoch: 1 | remaining: 300s    
step 00001 (0.0%) | loss: 8.867334 | lrm: 1.00 | dt: 158ms | tok/sec: 1,663,708 | mfu: 40.2% | epoch: 1 | remaining: 300s    
step 00002 (0.0%) | loss: 8.486181 | lrm: 1.00 | dt: 160ms | tok/sec: 1,639,312 | mfu: 39.6% | epoch: 1 | remaining: 300s    
step 00003 (0.0%) | loss: 8.034194 | lrm: 1.00 | dt: 161ms | tok/sec: 1,631,269 | mfu: 39.4% | epoch: 1 | remaining: 300s    
step 00004 (0.0%) | loss: 7.655192 | lrm: 1.00 | dt: 159ms | tok/sec: 1,645,657 | mfu: 39.8% | epoch: 1 | remaining: 300s    
step 00005 (0.0%) | loss: 7.322756 | lrm: 1.00 | dt: 162ms | tok/sec: 1,615,344 | mfu: 39.0% | epoch: 1 | remaining: 300s    
step 00006 (0.0%) | loss: 7.069869 | lrm: 1.00 | dt: 204ms | tok/sec: 1,282,576 | mfu: 31.0% | epoch: 1 | remaining: 300s    
step 00007 (0.0%) | loss: 6.865021 | lrm: 1.00 | dt: 248ms | tok/sec: 1,056,587 | mfu: 25.5% | epoch: 1 | remaining: 300s    
step 00008 (0.0%) | loss: 6.690664 | lrm: 1.00 | dt: 209ms | tok/sec: 1,254,279 | mfu: 30.3% | epoch: 1 | remaining: 300s    
step 00009 (0.0%) | loss: 6.542489 | lrm: 1.00 | dt: 222ms | tok/sec: 1,180,678 | mfu: 28.5% | epoch: 1 | remaining: 300s    
step 00010 (0.0%) | loss: 6.419349 | lrm: 1.00 | dt: 203ms | tok/sec: 1,288,591 | mfu: 31.1% | epoch: 1 | remaining: 300s    
step 00011 (0.0%) | loss: 6.310441 | lrm: 1.00 | dt: 163ms | tok/sec: 1,607,846 | mfu: 38.8% | epoch: 1 | remaining: 300s    
step 00012 (0.1%) | loss: 6.212915 | lrm: 1.00 | dt: 190ms | tok/sec: 1,381,822 | mfu: 33.4% | epoch: 1 | remaining: 300s    
step 00013 (0.1%) | loss: 6.130887 | lrm: 1.00 | dt: 181ms | tok/sec: 1,447,384 | mfu: 35.0% | epoch: 1 | remaining: 299s    
step 00014 (0.2%) | loss: 6.058151 | lrm: 1.00 | dt: 169ms | tok/sec: 1,549,356 | mfu: 37.4% | epoch: 1 | remaining: 299s    
step 00015 (0.2%) | loss: 5.991153 | lrm: 1.00 | dt: 225ms | tok/sec: 1,165,997 | mfu: 28.2% | epoch: 1 | remaining: 299s    
step 00016 (0.3%) | loss: 5.931976 | lrm: 1.00 | dt: 158ms | tok/sec: 1,656,310 | mfu: 40.0% | epoch: 1 | remaining: 299s    
step 00017 (0.4%) | loss: 5.874968 | lrm: 1.00 | dt: 188ms | tok/sec: 1,396,501 | mfu: 33.7% | epoch: 1 | remaining: 299s    
step 00018 (0.4%) | loss: 5.824904 | lrm: 1.00 | dt: 178ms | tok/sec: 1,476,573 | mfu: 35.7% | epoch: 1 | remaining: 299s    
step 00019 (0.5%) | loss: 5.777758 | lrm: 1.00 | dt: 207ms | tok/sec: 1,268,701 | mfu: 30.7% | epoch: 1 | remaining: 298s    
step 00020 (0.6%) | loss: 5.733407 | lrm: 1.00 | dt: 161ms | tok/sec: 1,631,286 | mfu: 39.4% | epoch: 1 | remaining: 298s    
step 00021 (0.6%) | loss: 5.693323 | lrm: 1.00 | dt: 185ms | tok/sec: 1,413,373 | mfu: 34.1% | epoch: 1 | remaining: 298s    
step 00022 (0.7%) | loss: 5.658359 | lrm: 1.00 | dt: 168ms | tok/sec: 1,562,148 | mfu: 37.7% | epoch: 1 | remaining: 298s    
step 00023 (0.7%) | loss: 5.624387 | lrm: 1.00 | dt: 194ms | tok/sec: 1,350,522 | mfu: 32.6% | epoch: 1 | remaining: 298s    
step 00024 (0.8%) | loss: 5.592719 | lrm: 1.00 | dt: 162ms | tok/sec: 1,618,413 | mfu: 39.1% | epoch: 1 | remaining: 297s    
step 00025 (0.8%) | loss: 5.560628 | lrm: 1.00 | dt: 165ms | tok/sec: 1,584,863 | mfu: 38.3% | epoch: 1 | remaining: 297s    
step 00026 (0.9%) | loss: 5.529626 | lrm: 1.00 | dt: 178ms | tok/sec: 1,472,514 | mfu: 35.6% | epoch: 1 | remaining: 297s    
step 00027 (1.0%) | loss: 5.499459 | lrm: 1.00 | dt: 194ms | tok/sec: 1,352,158 | mfu: 32.7% | epoch: 1 | remaining: 297s    
step 00028 (1.0%) | loss: 5.473001 | lrm: 1.00 | dt: 171ms | tok/sec: 1,528,891 | mfu: 36.9% | epoch: 1 | remaining: 297s    
step 00029 (1.1%) | loss: 5.446392 | lrm: 1.00 | dt: 186ms | tok/sec: 1,409,874 | mfu: 34.1% | epoch: 1 | remaining: 297s    
step 00030 (1.1%) | loss: 5.416657 | lrm: 1.00 | dt: 169ms | tok/sec: 1,552,526 | mfu: 37.5% | epoch: 1 | remaining: 296s    
step 00031 (1.2%) | loss: 5.390423 | lrm: 1.00 | dt: 185ms | tok/sec: 1,419,189 | mfu: 34.3% | epoch: 1 | remaining: 296s    
step 00032 (1.3%) | loss: 5.365307 | lrm: 1.00 | dt: 159ms | tok/sec: 1,643,969 | mfu: 39.7% | epoch: 1 | remaining: 296s    
step 00033 (1.3%) | loss: 5.340609 | lrm: 1.00 | dt: 176ms | tok/sec: 1,491,617 | mfu: 36.0% | epoch: 1 | remaining: 296s    
step 00034 (1.4%) | loss: 5.314837 | lrm: 1.00 | dt: 173ms | tok/sec: 1,514,624 | mfu: 36.6% | epoch: 1 | remaining: 296s    
step 00035 (1.4%) | loss: 5.288063 | lrm: 1.00 | dt: 176ms | tok/sec: 1,491,959 | mfu: 36.0% | epoch: 1 | remaining: 296s    
step 00036 (1.5%) | loss: 5.261858 | lrm: 1.00 | dt: 194ms | tok/sec: 1,352,635 | mfu: 32.7% | epoch: 1 | remaining: 295s    
step 00037 (1.6%) | loss: 5.236727 | lrm: 1.00 | dt: 168ms | tok/sec: 1,562,050 | mfu: 37.7% | epoch: 1 | remaining: 295s    
step 00038 (1.6%) | loss: 5.210172 | lrm: 1.00 | dt: 189ms | tok/sec: 1,385,108 | mfu: 33.5% | epoch: 1 | remaining: 295s    
step 00039 (1.7%) | loss: 5.184512 | lrm: 1.00 | dt: 168ms | tok/sec: 1,563,349 | mfu: 37.8% | epoch: 1 | remaining: 295s    
step 00040 (1.7%) | loss: 5.162435 | lrm: 1.00 | dt: 197ms | tok/sec: 1,328,446 | mfu: 32.1% | epoch: 1 | remaining: 295s    
step 00041 (1.8%) | loss: 5.136521 | lrm: 1.00 | dt: 161ms | tok/sec: 1,625,008 | mfu: 39.3% | epoch: 1 | remaining: 294s    
step 00042 (1.8%) | loss: 5.113662 | lrm: 1.00 | dt: 168ms | tok/sec: 1,559,577 | mfu: 37.7% | epoch: 1 | remaining: 294s    
step 00043 (1.9%) | loss: 5.087140 | lrm: 1.00 | dt: 170ms | tok/sec: 1,540,838 | mfu: 37.2% | epoch: 1 | remaining: 294s    
step 00044 (2.0%) | loss: 5.063047 | lrm: 1.00 | dt: 232ms | tok/sec: 1,131,218 | mfu: 27.3% | epoch: 1 | remaining: 294s    
step 00045 (2.0%) | loss: 5.041176 | lrm: 1.00 | dt: 167ms | tok/sec: 1,573,016 | mfu: 38.0% | epoch: 1 | remaining: 294s    
step 00046 (2.1%) | loss: 5.016896 | lrm: 1.00 | dt: 195ms | tok/sec: 1,346,491 | mfu: 32.5% | epoch: 1 | remaining: 294s    
step 00047 (2.2%) | loss: 4.990888 | lrm: 1.00 | dt: 160ms | tok/sec: 1,640,330 | mfu: 39.6% | epoch: 1 | remaining: 293s    
step 00048 (2.2%) | loss: 4.966138 | lrm: 1.00 | dt: 179ms | tok/sec: 1,467,322 | mfu: 35.5% | epoch: 1 | remaining: 293s    
step 00049 (2.3%) | loss: 4.938338 | lrm: 1.00 | dt: 184ms | tok/sec: 1,427,694 | mfu: 34.5% | epoch: 1 | remaining: 293s    
step 00050 (2.3%) | loss: 4.916895 | lrm: 1.00 | dt: 161ms | tok/sec: 1,632,310 | mfu: 39.4% | epoch: 1 | remaining: 293s    
step 00051 (2.4%) | loss: 4.891825 | lrm: 1.00 | dt: 184ms | tok/sec: 1,423,817 | mfu: 34.4% | epoch: 1 | remaining: 293s    
step 00052 (2.4%) | loss: 4.869090 | lrm: 1.00 | dt: 165ms | tok/sec: 1,589,836 | mfu: 38.4% | epoch: 1 | remaining: 292s    
step 00053 (2.5%) | loss: 4.845736 | lrm: 1.00 | dt: 164ms | tok/sec: 1,599,512 | mfu: 38.6% | epoch: 1 | remaining: 292s    
step 00054 (2.6%) | loss: 4.818463 | lrm: 1.00 | dt: 170ms | tok/sec: 1,542,667 | mfu: 37.3% | epoch: 1 | remaining: 292s    
step 00055 (2.6%) | loss: 4.795849 | lrm: 1.00 | dt: 195ms | tok/sec: 1,343,318 | mfu: 32.5% | epoch: 1 | remaining: 292s    
step 00056 (2.7%) | loss: 4.773855 | lrm: 1.00 | dt: 159ms | tok/sec: 1,646,562 | mfu: 39.8% | epoch: 1 | remaining: 292s    
step 00057 (2.7%) | loss: 4.751816 | lrm: 1.00 | dt: 165ms | tok/sec: 1,591,437 | mfu: 38.5% | epoch: 1 | remaining: 292s    
step 00058 (2.8%) | loss: 4.730063 | lrm: 1.00 | dt: 195ms | tok/sec: 1,343,070 | mfu: 32.5% | epoch: 1 | remaining: 291s    
step 00059 (2.8%) | loss: 4.708989 | lrm: 1.00 | dt: 160ms | tok/sec: 1,643,365 | mfu: 39.7% | epoch: 1 | remaining: 291s    
step 00060 (2.9%) | loss: 4.689997 | lrm: 1.00 | dt: 182ms | tok/sec: 1,442,235 | mfu: 34.8% | epoch: 1 | remaining: 291s    
step 00061 (3.0%) | loss: 4.665146 | lrm: 1.00 | dt: 163ms | tok/sec: 1,610,465 | mfu: 38.9% | epoch: 1 | remaining: 291s    
step 00062 (3.0%) | loss: 4.642293 | lrm: 1.00 | dt: 162ms | tok/sec: 1,618,437 | mfu: 39.1% | epoch: 1 | remaining: 291s    
step 00063 (3.1%) | loss: 4.618258 | lrm: 1.00 | dt: 162ms | tok/sec: 1,614,763 | mfu: 39.0% | epoch: 1 | remaining: 291s    
step 00064 (3.1%) | loss: 4.594111 | lrm: 1.00 | dt: 169ms | tok/sec: 1,547,559 | mfu: 37.4% | epoch: 1 | remaining: 290s    
step 00065 (3.2%) | loss: 4.569779 | lrm: 1.00 | dt: 167ms | tok/sec: 1,569,580 | mfu: 37.9% | epoch: 1 | remaining: 290s    
step 00066 (3.2%) | loss: 4.549723 | lrm: 1.00 | dt: 162ms | tok/sec: 1,620,814 | mfu: 39.2% | epoch: 1 | remaining: 290s    
step 00067 (3.3%) | loss: 4.528828 | lrm: 1.00 | dt: 208ms | tok/sec: 1,257,862 | mfu: 30.4% | epoch: 1 | remaining: 290s    
step 00068 (3.4%) | loss: 4.504223 | lrm: 1.00 | dt: 158ms | tok/sec: 1,663,026 | mfu: 40.2% | epoch: 1 | remaining: 290s    
step 00069 (3.4%) | loss: 4.479228 | lrm: 1.00 | dt: 163ms | tok/sec: 1,612,513 | mfu: 39.0% | epoch: 1 | remaining: 290s    
step 00070 (3.5%) | loss: 4.453622 | lrm: 1.00 | dt: 163ms | tok/sec: 1,609,035 | mfu: 38.9% | epoch: 1 | remaining: 289s    
step 00071 (3.5%) | loss: 4.432978 | lrm: 1.00 | dt: 192ms | tok/sec: 1,367,096 | mfu: 33.0% | epoch: 1 | remaining: 289s    
step 00072 (3.6%) | loss: 4.412203 | lrm: 1.00 | dt: 238ms | tok/sec: 1,100,891 | mfu: 26.6% | epoch: 1 | remaining: 289s    
step 00073 (3.7%) | loss: 4.391404 | lrm: 1.00 | dt: 164ms | tok/sec: 1,594,301 | mfu: 38.5% | epoch: 1 | remaining: 289s    
step 00074 (3.7%) | loss: 4.373062 | lrm: 1.00 | dt: 206ms | tok/sec: 1,271,779 | mfu: 30.7% | epoch: 1 | remaining: 289s    
step 00075 (3.8%) | loss: 4.353017 | lrm: 1.00 | dt: 159ms | tok/sec: 1,649,944 | mfu: 39.9% | epoch: 1 | remaining: 288s    
step 00076 (3.8%) | loss: 4.332563 | lrm: 1.00 | dt: 183ms | tok/sec: 1,436,173 | mfu: 34.7% | epoch: 1 | remaining: 288s    
step 00077 (3.9%) | loss: 4.313228 | lrm: 1.00 | dt: 161ms | tok/sec: 1,632,742 | mfu: 39.4% | epoch: 1 | remaining: 288s    
step 00078 (4.0%) | loss: 4.296567 | lrm: 1.00 | dt: 165ms | tok/sec: 1,588,839 | mfu: 38.4% | epoch: 1 | remaining: 288s    
step 00079 (4.0%) | loss: 4.278927 | lrm: 1.00 | dt: 178ms | tok/sec: 1,469,844 | mfu: 35.5% | epoch: 1 | remaining: 288s    
step 00080 (4.1%) | loss: 4.255771 | lrm: 1.00 | dt: 167ms | tok/sec: 1,570,058 | mfu: 37.9% | epoch: 1 | remaining: 288s    
step 00081 (4.1%) | loss: 4.235470 | lrm: 1.00 | dt: 164ms | tok/sec: 1,601,892 | mfu: 38.7% | epoch: 1 | remaining: 287s    
step 00082 (4.2%) | loss: 4.212840 | lrm: 1.00 | dt: 200ms | tok/sec: 1,312,011 | mfu: 31.7% | epoch: 1 | remaining: 287s    
step 00083 (4.2%) | loss: 4.195579 | lrm: 1.00 | dt: 167ms | tok/sec: 1,569,240 | mfu: 37.9% | epoch: 1 | remaining: 287s    
step 00084 (4.3%) | loss: 4.180525 | lrm: 1.00 | dt: 186ms | tok/sec: 1,408,629 | mfu: 34.0% | epoch: 1 | remaining: 287s    
step 00085 (4.4%) | loss: 4.165255 | lrm: 1.00 | dt: 196ms | tok/sec: 1,334,468 | mfu: 32.2% | epoch: 1 | remaining: 287s    
step 00086 (4.4%) | loss: 4.147972 | lrm: 1.00 | dt: 201ms | tok/sec: 1,302,476 | mfu: 31.5% | epoch: 1 | remaining: 287s    
step 00087 (4.5%) | loss: 4.130340 | lrm: 1.00 | dt: 160ms | tok/sec: 1,642,886 | mfu: 39.7% | epoch: 1 | remaining: 286s    
step 00088 (4.6%) | loss: 4.109842 | lrm: 1.00 | dt: 182ms | tok/sec: 1,438,155 | mfu: 34.7% | epoch: 1 | remaining: 286s    
step 00089 (4.6%) | loss: 4.095695 | lrm: 1.00 | dt: 246ms | tok/sec: 1,065,845 | mfu: 25.8% | epoch: 1 | remaining: 286s    
step 00090 (4.7%) | loss: 4.077963 | lrm: 1.00 | dt: 198ms | tok/sec: 1,326,230 | mfu: 32.0% | epoch: 1 | remaining: 286s    
step 00091 (4.8%) | loss: 4.064325 | lrm: 1.00 | dt: 158ms | tok/sec: 1,662,357 | mfu: 40.2% | epoch: 1 | remaining: 286s    
step 00092 (4.8%) | loss: 4.046277 | lrm: 1.00 | dt: 172ms | tok/sec: 1,528,400 | mfu: 36.9% | epoch: 1 | remaining: 285s    
step 00093 (4.9%) | loss: 4.031190 | lrm: 1.00 | dt: 159ms | tok/sec: 1,643,583 | mfu: 39.7% | epoch: 1 | remaining: 285s    
step 00094 (4.9%) | loss: 4.012822 | lrm: 1.00 | dt: 190ms | tok/sec: 1,379,443 | mfu: 33.3% | epoch: 1 | remaining: 285s    
step 00095 (5.0%) | loss: 3.988384 | lrm: 1.00 | dt: 182ms | tok/sec: 1,438,300 | mfu: 34.8% | epoch: 1 | remaining: 285s    
step 00096 (5.0%) | loss: 3.971010 | lrm: 1.00 | dt: 238ms | tok/sec: 1,101,998 | mfu: 26.6% | epoch: 1 | remaining: 285s    
step 00097 (5.1%) | loss: 3.961448 | lrm: 1.00 | dt: 175ms | tok/sec: 1,502,073 | mfu: 36.3% | epoch: 1 | remaining: 284s    
step 00098 (5.2%) | loss: 3.950173 | lrm: 1.00 | dt: 160ms | tok/sec: 1,641,829 | mfu: 39.7% | epoch: 1 | remaining: 284s    
step 00099 (5.2%) | loss: 3.937987 | lrm: 1.00 | dt: 168ms | tok/sec: 1,562,154 | mfu: 37.7% | epoch: 1 | remaining: 284s    
step 00100 (5.3%) | loss: 3.924743 | lrm: 1.00 | dt: 161ms | tok/sec: 1,630,299 | mfu: 39.4% | epoch: 1 | remaining: 284s    
step 00101 (5.3%) | loss: 3.910228 | lrm: 1.00 | dt: 164ms | tok/sec: 1,603,188 | mfu: 38.7% | epoch: 1 | remaining: 284s    
step 00102 (5.4%) | loss: 3.896950 | lrm: 1.00 | dt: 192ms | tok/sec: 1,363,686 | mfu: 32.9% | epoch: 1 | remaining: 284s    
step 00103 (5.5%) | loss: 3.887224 | lrm: 1.00 | dt: 166ms | tok/sec: 1,578,927 | mfu: 38.1% | epoch: 1 | remaining: 283s    
step 00104 (5.5%) | loss: 3.874176 | lrm: 1.00 | dt: 185ms | tok/sec: 1,419,090 | mfu: 34.3% | epoch: 1 | remaining: 283s    
step 00105 (5.6%) | loss: 3.860689 | lrm: 1.00 | dt: 160ms | tok/sec: 1,643,419 | mfu: 39.7% | epoch: 1 | remaining: 283s    
step 00106 (5.6%) | loss: 3.848675 | lrm: 1.00 | dt: 179ms | tok/sec: 1,464,923 | mfu: 35.4% | epoch: 1 | remaining: 283s    
step 00107 (5.7%) | loss: 3.838870 | lrm: 1.00 | dt: 161ms | tok/sec: 1,631,458 | mfu: 39.4% | epoch: 1 | remaining: 283s    
step 00108 (5.7%) | loss: 3.830767 | lrm: 1.00 | dt: 169ms | tok/sec: 1,555,348 | mfu: 37.6% | epoch: 1 | remaining: 283s    
step 00109 (5.8%) | loss: 3.824261 | lrm: 1.00 | dt: 167ms | tok/sec: 1,569,681 | mfu: 37.9% | epoch: 1 | remaining: 282s    
step 00110 (5.9%) | loss: 3.817337 | lrm: 1.00 | dt: 168ms | tok/sec: 1,560,870 | mfu: 37.7% | epoch: 1 | remaining: 282s    
step 00111 (5.9%) | loss: 3.806964 | lrm: 1.00 | dt: 165ms | tok/sec: 1,589,877 | mfu: 38.4% | epoch: 1 | remaining: 282s    
step 00112 (6.0%) | loss: 3.794646 | lrm: 1.00 | dt: 166ms | tok/sec: 1,583,188 | mfu: 38.3% | epoch: 1 | remaining: 282s    
step 00113 (6.0%) | loss: 3.789758 | lrm: 1.00 | dt: 189ms | tok/sec: 1,385,551 | mfu: 33.5% | epoch: 1 | remaining: 282s    
step 00114 (6.1%) | loss: 3.780240 | lrm: 1.00 | dt: 162ms | tok/sec: 1,616,073 | mfu: 39.0% | epoch: 1 | remaining: 282s    
step 00115 (6.1%) | loss: 3.771957 | lrm: 1.00 | dt: 166ms | tok/sec: 1,575,405 | mfu: 38.1% | epoch: 1 | remaining: 281s    
step 00116 (6.2%) | loss: 3.761828 | lrm: 1.00 | dt: 167ms | tok/sec: 1,573,113 | mfu: 38.0% | epoch: 1 | remaining: 281s    
step 00117 (6.3%) | loss: 3.752093 | lrm: 1.00 | dt: 164ms | tok/sec: 1,597,899 | mfu: 38.6% | epoch: 1 | remaining: 281s    
step 00118 (6.3%) | loss: 3.746129 | lrm: 1.00 | dt: 164ms | tok/sec: 1,595,611 | mfu: 38.6% | epoch: 1 | remaining: 281s    
step 00119 (6.4%) | loss: 3.742640 | lrm: 1.00 | dt: 171ms | tok/sec: 1,537,133 | mfu: 37.1% | epoch: 1 | remaining: 281s    
step 00120 (6.4%) | loss: 3.733055 | lrm: 1.00 | dt: 209ms | tok/sec: 1,254,859 | mfu: 30.3% | epoch: 1 | remaining: 281s    
step 00121 (6.5%) | loss: 3.726454 | lrm: 1.00 | dt: 160ms | tok/sec: 1,639,630 | mfu: 39.6% | epoch: 1 | remaining: 280s    
step 00122 (6.5%) | loss: 3.718790 | lrm: 1.00 | dt: 161ms | tok/sec: 1,631,010 | mfu: 39.4% | epoch: 1 | remaining: 280s    
step 00123 (6.6%) | loss: 3.710892 | lrm: 1.00 | dt: 184ms | tok/sec: 1,423,487 | mfu: 34.4% | epoch: 1 | remaining: 280s    
step 00124 (6.7%) | loss: 3.708452 | lrm: 1.00 | dt: 160ms | tok/sec: 1,635,114 | mfu: 39.5% | epoch: 1 | remaining: 280s    
step 00125 (6.7%) | loss: 3.704586 | lrm: 1.00 | dt: 167ms | tok/sec: 1,568,821 | mfu: 37.9% | epoch: 1 | remaining: 280s    
step 00126 (6.8%) | loss: 3.697055 | lrm: 1.00 | dt: 173ms | tok/sec: 1,517,277 | mfu: 36.7% | epoch: 1 | remaining: 280s    
step 00127 (6.8%) | loss: 3.691865 | lrm: 1.00 | dt: 173ms | tok/sec: 1,513,034 | mfu: 36.6% | epoch: 1 | remaining: 279s    
step 00128 (6.9%) | loss: 3.681785 | lrm: 1.00 | dt: 160ms | tok/sec: 1,635,810 | mfu: 39.5% | epoch: 1 | remaining: 279s    
step 00129 (6.9%) | loss: 3.676512 | lrm: 1.00 | dt: 166ms | tok/sec: 1,579,243 | mfu: 38.2% | epoch: 1 | remaining: 279s    
step 00130 (7.0%) | loss: 3.670019 | lrm: 1.00 | dt: 187ms | tok/sec: 1,404,157 | mfu: 33.9% | epoch: 1 | remaining: 279s    
step 00131 (7.1%) | loss: 3.659566 | lrm: 1.00 | dt: 162ms | tok/sec: 1,622,809 | mfu: 39.2% | epoch: 1 | remaining: 279s    
step 00132 (7.1%) | loss: 3.657099 | lrm: 1.00 | dt: 182ms | tok/sec: 1,438,069 | mfu: 34.7% | epoch: 1 | remaining: 278s    
step 00133 (7.2%) | loss: 3.652963 | lrm: 1.00 | dt: 188ms | tok/sec: 1,392,624 | mfu: 33.6% | epoch: 1 | remaining: 278s    
step 00134 (7.2%) | loss: 3.651467 | lrm: 1.00 | dt: 161ms | tok/sec: 1,631,521 | mfu: 39.4% | epoch: 1 | remaining: 278s    
step 00135 (7.3%) | loss: 3.647273 | lrm: 1.00 | dt: 175ms | tok/sec: 1,496,369 | mfu: 36.2% | epoch: 1 | remaining: 278s    
step 00136 (7.3%) | loss: 3.642956 | lrm: 1.00 | dt: 166ms | tok/sec: 1,575,096 | mfu: 38.1% | epoch: 1 | remaining: 278s    
step 00137 (7.4%) | loss: 3.639957 | lrm: 1.00 | dt: 208ms | tok/sec: 1,259,746 | mfu: 30.4% | epoch: 1 | remaining: 278s    
step 00138 (7.5%) | loss: 3.636380 | lrm: 1.00 | dt: 166ms | tok/sec: 1,580,196 | mfu: 38.2% | epoch: 1 | remaining: 277s    
step 00139 (7.5%) | loss: 3.634164 | lrm: 1.00 | dt: 163ms | tok/sec: 1,603,546 | mfu: 38.7% | epoch: 1 | remaining: 277s    
step 00140 (7.6%) | loss: 3.628359 | lrm: 1.00 | dt: 196ms | tok/sec: 1,335,316 | mfu: 32.3% | epoch: 1 | remaining: 277s    
step 00141 (7.6%) | loss: 3.623961 | lrm: 1.00 | dt: 223ms | tok/sec: 1,176,959 | mfu: 28.4% | epoch: 1 | remaining: 277s    
step 00142 (7.7%) | loss: 3.617121 | lrm: 1.00 | dt: 166ms | tok/sec: 1,580,078 | mfu: 38.2% | epoch: 1 | remaining: 277s    
step 00143 (7.8%) | loss: 3.618786 | lrm: 1.00 | dt: 161ms | tok/sec: 1,625,616 | mfu: 39.3% | epoch: 1 | remaining: 277s    
step 00144 (7.8%) | loss: 3.606835 | lrm: 1.00 | dt: 160ms | tok/sec: 1,636,331 | mfu: 39.5% | epoch: 1 | remaining: 276s    
step 00145 (7.9%) | loss: 3.601417 | lrm: 1.00 | dt: 162ms | tok/sec: 1,615,040 | mfu: 39.0% | epoch: 1 | remaining: 276s    
step 00146 (7.9%) | loss: 3.602838 | lrm: 1.00 | dt: 168ms | tok/sec: 1,562,509 | mfu: 37.8% | epoch: 1 | remaining: 276s    
step 00147 (8.0%) | loss: 3.593842 | lrm: 1.00 | dt: 176ms | tok/sec: 1,489,148 | mfu: 36.0% | epoch: 1 | remaining: 276s    
step 00148 (8.0%) | loss: 3.592526 | lrm: 1.00 | dt: 167ms | tok/sec: 1,567,244 | mfu: 37.9% | epoch: 1 | remaining: 276s    
step 00149 (8.1%) | loss: 3.585868 | lrm: 1.00 | dt: 165ms | tok/sec: 1,593,409 | mfu: 38.5% | epoch: 1 | remaining: 276s    
step 00150 (8.2%) | loss: 3.581766 | lrm: 1.00 | dt: 161ms | tok/sec: 1,632,674 | mfu: 39.4% | epoch: 1 | remaining: 275s    
step 00151 (8.2%) | loss: 3.580771 | lrm: 1.00 | dt: 164ms | tok/sec: 1,600,148 | mfu: 38.7% | epoch: 1 | remaining: 275s    
step 00152 (8.3%) | loss: 3.577430 | lrm: 1.00 | dt: 214ms | tok/sec: 1,224,412 | mfu: 29.6% | epoch: 1 | remaining: 275s    
step 00153 (8.3%) | loss: 3.575487 | lrm: 1.00 | dt: 166ms | tok/sec: 1,574,622 | mfu: 38.0% | epoch: 1 | remaining: 275s    
step 00154 (8.4%) | loss: 3.574232 | lrm: 1.00 | dt: 160ms | tok/sec: 1,642,763 | mfu: 39.7% | epoch: 1 | remaining: 275s    
step 00155 (8.4%) | loss: 3.577096 | lrm: 1.00 | dt: 189ms | tok/sec: 1,389,391 | mfu: 33.6% | epoch: 1 | remaining: 274s    
step 00156 (8.5%) | loss: 3.579015 | lrm: 1.00 | dt: 158ms | tok/sec: 1,661,621 | mfu: 40.1% | epoch: 1 | remaining: 274s    
step 00157 (8.6%) | loss: 3.570178 | lrm: 1.00 | dt: 162ms | tok/sec: 1,615,239 | mfu: 39.0% | epoch: 1 | remaining: 274s    
step 00158 (8.6%) | loss: 3.564438 | lrm: 1.00 | dt: 210ms | tok/sec: 1,248,304 | mfu: 30.2% | epoch: 1 | remaining: 274s    
step 00159 (8.7%) | loss: 3.560359 | lrm: 1.00 | dt: 175ms | tok/sec: 1,500,116 | mfu: 36.2% | epoch: 1 | remaining: 274s    
step 00160 (8.7%) | loss: 3.555917 | lrm: 1.00 | dt: 175ms | tok/sec: 1,500,664 | mfu: 36.3% | epoch: 1 | remaining: 274s    
step 00161 (8.8%) | loss: 3.550990 | lrm: 1.00 | dt: 158ms | tok/sec: 1,659,958 | mfu: 40.1% | epoch: 1 | remaining: 273s    
step 00162 (8.9%) | loss: 3.548403 | lrm: 1.00 | dt: 161ms | tok/sec: 1,629,751 | mfu: 39.4% | epoch: 1 | remaining: 273s    
step 00163 (8.9%) | loss: 3.544167 | lrm: 1.00 | dt: 173ms | tok/sec: 1,519,155 | mfu: 36.7% | epoch: 1 | remaining: 273s    
step 00164 (9.0%) | loss: 3.543570 | lrm: 1.00 | dt: 169ms | tok/sec: 1,555,410 | mfu: 37.6% | epoch: 1 | remaining: 273s    
step 00165 (9.0%) | loss: 3.539176 | lrm: 1.00 | dt: 189ms | tok/sec: 1,388,084 | mfu: 33.5% | epoch: 1 | remaining: 273s    
step 00166 (9.1%) | loss: 3.538519 | lrm: 1.00 | dt: 159ms | tok/sec: 1,650,459 | mfu: 39.9% | epoch: 1 | remaining: 273s    
step 00167 (9.1%) | loss: 3.534654 | lrm: 1.00 | dt: 160ms | tok/sec: 1,641,951 | mfu: 39.7% | epoch: 1 | remaining: 272s    
step 00168 (9.2%) | loss: 3.529437 | lrm: 1.00 | dt: 192ms | tok/sec: 1,364,165 | mfu: 33.0% | epoch: 1 | remaining: 272s    
step 00169 (9.3%) | loss: 3.526607 | lrm: 1.00 | dt: 158ms | tok/sec: 1,656,247 | mfu: 40.0% | epoch: 1 | remaining: 272s    
step 00170 (9.3%) | loss: 3.522126 | lrm: 1.00 | dt: 218ms | tok/sec: 1,202,561 | mfu: 29.1% | epoch: 1 | remaining: 272s    
step 00171 (9.4%) | loss: 3.524947 | lrm: 1.00 | dt: 158ms | tok/sec: 1,656,464 | mfu: 40.0% | epoch: 1 | remaining: 272s    
step 00172 (9.4%) | loss: 3.524894 | lrm: 1.00 | dt: 204ms | tok/sec: 1,282,636 | mfu: 31.0% | epoch: 1 | remaining: 271s    
step 00173 (9.5%) | loss: 3.522990 | lrm: 1.00 | dt: 160ms | tok/sec: 1,640,922 | mfu: 39.6% | epoch: 1 | remaining: 271s    
step 00174 (9.6%) | loss: 3.519440 | lrm: 1.00 | dt: 160ms | tok/sec: 1,639,566 | mfu: 39.6% | epoch: 1 | remaining: 271s    
step 00175 (9.6%) | loss: 3.516483 | lrm: 1.00 | dt: 172ms | tok/sec: 1,519,716 | mfu: 36.7% | epoch: 1 | remaining: 271s    
step 00176 (9.7%) | loss: 3.517313 | lrm: 1.00 | dt: 168ms | tok/sec: 1,556,819 | mfu: 37.6% | epoch: 1 | remaining: 271s    
step 00177 (9.7%) | loss: 3.510608 | lrm: 1.00 | dt: 247ms | tok/sec: 1,059,408 | mfu: 25.6% | epoch: 1 | remaining: 271s    
step 00178 (9.8%) | loss: 3.510392 | lrm: 1.00 | dt: 161ms | tok/sec: 1,627,606 | mfu: 39.3% | epoch: 1 | remaining: 270s    
step 00179 (9.9%) | loss: 3.503453 | lrm: 1.00 | dt: 211ms | tok/sec: 1,244,846 | mfu: 30.1% | epoch: 1 | remaining: 270s    
step 00180 (9.9%) | loss: 3.499390 | lrm: 1.00 | dt: 160ms | tok/sec: 1,641,750 | mfu: 39.7% | epoch: 1 | remaining: 270s    
step 00181 (10.0%) | loss: 3.499538 | lrm: 1.00 | dt: 179ms | tok/sec: 1,465,148 | mfu: 35.4% | epoch: 1 | remaining: 270s    
step 00182 (10.0%) | loss: 3.498823 | lrm: 1.00 | dt: 161ms | tok/sec: 1,627,437 | mfu: 39.3% | epoch: 1 | remaining: 270s    
step 00183 (10.1%) | loss: 3.494842 | lrm: 1.00 | dt: 165ms | tok/sec: 1,584,765 | mfu: 38.3% | epoch: 1 | remaining: 270s    
step 00184 (10.2%) | loss: 3.489981 | lrm: 1.00 | dt: 168ms | tok/sec: 1,557,269 | mfu: 37.6% | epoch: 1 | remaining: 269s    
step 00185 (10.2%) | loss: 3.485221 | lrm: 1.00 | dt: 173ms | tok/sec: 1,516,982 | mfu: 36.7% | epoch: 1 | remaining: 269s    
step 00186 (10.3%) | loss: 3.485600 | lrm: 1.00 | dt: 180ms | tok/sec: 1,452,921 | mfu: 35.1% | epoch: 1 | remaining: 269s    
step 00187 (10.3%) | loss: 3.485651 | lrm: 1.00 | dt: 162ms | tok/sec: 1,613,879 | mfu: 39.0% | epoch: 1 | remaining: 269s    
step 00188 (10.4%) | loss: 3.482623 | lrm: 1.00 | dt: 163ms | tok/sec: 1,607,816 | mfu: 38.8% | epoch: 1 | remaining: 269s    
step 00189 (10.4%) | loss: 3.480948 | lrm: 1.00 | dt: 168ms | tok/sec: 1,556,596 | mfu: 37.6% | epoch: 1 | remaining: 269s    
step 00190 (10.5%) | loss: 3.482617 | lrm: 1.00 | dt: 168ms | tok/sec: 1,564,479 | mfu: 37.8% | epoch: 1 | remaining: 268s    
step 00191 (10.5%) | loss: 3.483418 | lrm: 1.00 | dt: 169ms | tok/sec: 1,553,526 | mfu: 37.5% | epoch: 1 | remaining: 268s    
step 00192 (10.6%) | loss: 3.483230 | lrm: 1.00 | dt: 170ms | tok/sec: 1,544,015 | mfu: 37.3% | epoch: 1 | remaining: 268s    
step 00193 (10.7%) | loss: 3.484511 | lrm: 1.00 | dt: 174ms | tok/sec: 1,509,463 | mfu: 36.5% | epoch: 1 | remaining: 268s    
step 00194 (10.7%) | loss: 3.478232 | lrm: 1.00 | dt: 162ms | tok/sec: 1,620,802 | mfu: 39.2% | epoch: 1 | remaining: 268s    
step 00195 (10.8%) | loss: 3.472760 | lrm: 1.00 | dt: 171ms | tok/sec: 1,532,851 | mfu: 37.0% | epoch: 1 | remaining: 268s    
step 00196 (10.8%) | loss: 3.470705 | lrm: 1.00 | dt: 178ms | tok/sec: 1,472,924 | mfu: 35.6% | epoch: 1 | remaining: 267s    
step 00197 (10.9%) | loss: 3.470716 | lrm: 1.00 | dt: 175ms | tok/sec: 1,501,406 | mfu: 36.3% | epoch: 1 | remaining: 267s    
step 00198 (10.9%) | loss: 3.466237 | lrm: 1.00 | dt: 185ms | tok/sec: 1,420,166 | mfu: 34.3% | epoch: 1 | remaining: 267s    
step 00199 (11.0%) | loss: 3.463534 | lrm: 1.00 | dt: 159ms | tok/sec: 1,653,003 | mfu: 39.9% | epoch: 1 | remaining: 267s    
step 00200 (11.1%) | loss: 3.461723 | lrm: 1.00 | dt: 174ms | tok/sec: 1,507,894 | mfu: 36.4% | epoch: 1 | remaining: 267s    
step 00201 (11.1%) | loss: 3.460636 | lrm: 1.00 | dt: 162ms | tok/sec: 1,614,478 | mfu: 39.0% | epoch: 1 | remaining: 266s    
step 00202 (11.2%) | loss: 3.458600 | lrm: 1.00 | dt: 177ms | tok/sec: 1,479,673 | mfu: 35.8% | epoch: 1 | remaining: 266s    
step 00203 (11.2%) | loss: 3.453116 | lrm: 1.00 | dt: 164ms | tok/sec: 1,602,151 | mfu: 38.7% | epoch: 1 | remaining: 266s    
step 00204 (11.3%) | loss: 3.449024 | lrm: 1.00 | dt: 170ms | tok/sec: 1,543,850 | mfu: 37.3% | epoch: 1 | remaining: 266s    
step 00205 (11.3%) | loss: 3.446566 | lrm: 1.00 | dt: 165ms | tok/sec: 1,587,575 | mfu: 38.4% | epoch: 1 | remaining: 266s    
step 00206 (11.4%) | loss: 3.441822 | lrm: 1.00 | dt: 165ms | tok/sec: 1,587,930 | mfu: 38.4% | epoch: 1 | remaining: 266s    
step 00207 (11.5%) | loss: 3.440669 | lrm: 1.00 | dt: 186ms | tok/sec: 1,409,229 | mfu: 34.0% | epoch: 1 | remaining: 265s    
step 00208 (11.5%) | loss: 3.429406 | lrm: 1.00 | dt: 178ms | tok/sec: 1,476,195 | mfu: 35.7% | epoch: 1 | remaining: 265s    
step 00209 (11.6%) | loss: 3.421967 | lrm: 1.00 | dt: 186ms | tok/sec: 1,407,185 | mfu: 34.0% | epoch: 1 | remaining: 265s    
step 00210 (11.6%) | loss: 3.418480 | lrm: 1.00 | dt: 158ms | tok/sec: 1,655,708 | mfu: 40.0% | epoch: 1 | remaining: 265s    
step 00211 (11.7%) | loss: 3.419536 | lrm: 1.00 | dt: 172ms | tok/sec: 1,523,086 | mfu: 36.8% | epoch: 1 | remaining: 265s    
step 00212 (11.7%) | loss: 3.416658 | lrm: 1.00 | dt: 168ms | tok/sec: 1,561,855 | mfu: 37.7% | epoch: 1 | remaining: 265s    
step 00213 (11.8%) | loss: 3.418588 | lrm: 1.00 | dt: 164ms | tok/sec: 1,599,866 | mfu: 38.7% | epoch: 1 | remaining: 264s    
step 00214 (11.9%) | loss: 3.416026 | lrm: 1.00 | dt: 169ms | tok/sec: 1,551,269 | mfu: 37.5% | epoch: 1 | remaining: 264s    
step 00215 (11.9%) | loss: 3.412469 | lrm: 1.00 | dt: 216ms | tok/sec: 1,211,555 | mfu: 29.3% | epoch: 1 | remaining: 264s    
step 00216 (12.0%) | loss: 3.413903 | lrm: 1.00 | dt: 252ms | tok/sec: 1,038,282 | mfu: 25.1% | epoch: 1 | remaining: 264s    
step 00217 (12.1%) | loss: 3.415890 | lrm: 1.00 | dt: 159ms | tok/sec: 1,648,144 | mfu: 39.8% | epoch: 1 | remaining: 264s    
step 00218 (12.1%) | loss: 3.415757 | lrm: 1.00 | dt: 176ms | tok/sec: 1,492,824 | mfu: 36.1% | epoch: 1 | remaining: 263s    
step 00219 (12.2%) | loss: 3.410248 | lrm: 1.00 | dt: 197ms | tok/sec: 1,330,375 | mfu: 32.1% | epoch: 1 | remaining: 263s    
step 00220 (12.2%) | loss: 3.410876 | lrm: 1.00 | dt: 160ms | tok/sec: 1,637,279 | mfu: 39.6% | epoch: 1 | remaining: 263s    
step 00221 (12.3%) | loss: 3.411164 | lrm: 1.00 | dt: 176ms | tok/sec: 1,487,929 | mfu: 36.0% | epoch: 1 | remaining: 263s    
step 00222 (12.4%) | loss: 3.407994 | lrm: 1.00 | dt: 164ms | tok/sec: 1,595,703 | mfu: 38.6% | epoch: 1 | remaining: 263s    
step 00223 (12.4%) | loss: 3.409566 | lrm: 1.00 | dt: 162ms | tok/sec: 1,621,086 | mfu: 39.2% | epoch: 1 | remaining: 263s    
step 00224 (12.5%) | loss: 3.413380 | lrm: 1.00 | dt: 163ms | tok/sec: 1,611,872 | mfu: 38.9% | epoch: 1 | remaining: 262s    
step 00225 (12.5%) | loss: 3.414422 | lrm: 1.00 | dt: 182ms | tok/sec: 1,440,482 | mfu: 34.8% | epoch: 1 | remaining: 262s    
step 00226 (12.6%) | loss: 3.414990 | lrm: 1.00 | dt: 159ms | tok/sec: 1,646,796 | mfu: 39.8% | epoch: 1 | remaining: 262s    
step 00227 (12.6%) | loss: 3.411393 | lrm: 1.00 | dt: 165ms | tok/sec: 1,593,227 | mfu: 38.5% | epoch: 1 | remaining: 262s    
step 00228 (12.7%) | loss: 3.414101 | lrm: 1.00 | dt: 190ms | tok/sec: 1,377,236 | mfu: 33.3% | epoch: 1 | remaining: 262s    
step 00229 (12.8%) | loss: 3.408265 | lrm: 1.00 | dt: 160ms | tok/sec: 1,634,370 | mfu: 39.5% | epoch: 1 | remaining: 262s    
step 00230 (12.8%) | loss: 3.413200 | lrm: 1.00 | dt: 173ms | tok/sec: 1,510,961 | mfu: 36.5% | epoch: 1 | remaining: 261s    
step 00231 (12.9%) | loss: 3.414163 | lrm: 1.00 | dt: 167ms | tok/sec: 1,574,097 | mfu: 38.0% | epoch: 1 | remaining: 261s    
step 00232 (12.9%) | loss: 3.414490 | lrm: 1.00 | dt: 163ms | tok/sec: 1,610,305 | mfu: 38.9% | epoch: 1 | remaining: 261s    
step 00233 (13.0%) | loss: 3.412435 | lrm: 1.00 | dt: 167ms | tok/sec: 1,565,988 | mfu: 37.8% | epoch: 1 | remaining: 261s    
step 00234 (13.0%) | loss: 3.407434 | lrm: 1.00 | dt: 265ms | tok/sec: 990,555 | mfu: 23.9% | epoch: 1 | remaining: 261s    
step 00235 (13.1%) | loss: 3.409608 | lrm: 1.00 | dt: 173ms | tok/sec: 1,517,725 | mfu: 36.7% | epoch: 1 | remaining: 260s    
step 00236 (13.2%) | loss: 3.412424 | lrm: 1.00 | dt: 161ms | tok/sec: 1,626,222 | mfu: 39.3% | epoch: 1 | remaining: 260s    
step 00237 (13.2%) | loss: 3.411636 | lrm: 1.00 | dt: 161ms | tok/sec: 1,625,770 | mfu: 39.3% | epoch: 1 | remaining: 260s    
step 00238 (13.3%) | loss: 3.406635 | lrm: 1.00 | dt: 171ms | tok/sec: 1,536,527 | mfu: 37.1% | epoch: 1 | remaining: 260s    
step 00239 (13.3%) | loss: 3.402982 | lrm: 1.00 | dt: 160ms | tok/sec: 1,641,238 | mfu: 39.7% | epoch: 1 | remaining: 260s    
step 00240 (13.4%) | loss: 3.402836 | lrm: 1.00 | dt: 179ms | tok/sec: 1,466,289 | mfu: 35.4% | epoch: 1 | remaining: 260s    
step 00241 (13.5%) | loss: 3.402872 | lrm: 1.00 | dt: 168ms | tok/sec: 1,556,118 | mfu: 37.6% | epoch: 1 | remaining: 259s    
step 00242 (13.5%) | loss: 3.404675 | lrm: 1.00 | dt: 168ms | tok/sec: 1,560,398 | mfu: 37.7% | epoch: 1 | remaining: 259s    
step 00243 (13.6%) | loss: 3.400235 | lrm: 1.00 | dt: 159ms | tok/sec: 1,644,761 | mfu: 39.7% | epoch: 1 | remaining: 259s    
step 00244 (13.6%) | loss: 3.390630 | lrm: 1.00 | dt: 190ms | tok/sec: 1,380,789 | mfu: 33.4% | epoch: 1 | remaining: 259s    
step 00245 (13.7%) | loss: 3.383655 | lrm: 1.00 | dt: 166ms | tok/sec: 1,575,640 | mfu: 38.1% | epoch: 1 | remaining: 259s    
step 00246 (13.7%) | loss: 3.380635 | lrm: 1.00 | dt: 169ms | tok/sec: 1,551,518 | mfu: 37.5% | epoch: 1 | remaining: 259s    
step 00247 (13.8%) | loss: 3.379756 | lrm: 1.00 | dt: 210ms | tok/sec: 1,246,935 | mfu: 30.1% | epoch: 1 | remaining: 258s    
step 00248 (13.9%) | loss: 3.378874 | lrm: 1.00 | dt: 172ms | tok/sec: 1,525,203 | mfu: 36.9% | epoch: 1 | remaining: 258s    
step 00249 (13.9%) | loss: 3.381400 | lrm: 1.00 | dt: 165ms | tok/sec: 1,587,153 | mfu: 38.3% | epoch: 1 | remaining: 258s    
step 00250 (14.0%) | loss: 3.381151 | lrm: 1.00 | dt: 160ms | tok/sec: 1,638,518 | mfu: 39.6% | epoch: 1 | remaining: 258s    
step 00251 (14.0%) | loss: 3.381961 | lrm: 1.00 | dt: 185ms | tok/sec: 1,417,621 | mfu: 34.3% | epoch: 1 | remaining: 258s    
step 00252 (14.1%) | loss: 3.378110 | lrm: 1.00 | dt: 200ms | tok/sec: 1,307,840 | mfu: 31.6% | epoch: 1 | remaining: 258s    
step 00253 (14.2%) | loss: 3.376649 | lrm: 1.00 | dt: 163ms | tok/sec: 1,609,857 | mfu: 38.9% | epoch: 1 | remaining: 257s    
step 00254 (14.2%) | loss: 3.373432 | lrm: 1.00 | dt: 166ms | tok/sec: 1,579,946 | mfu: 38.2% | epoch: 1 | remaining: 257s    
step 00255 (14.3%) | loss: 3.376761 | lrm: 1.00 | dt: 162ms | tok/sec: 1,622,277 | mfu: 39.2% | epoch: 1 | remaining: 257s    
step 00256 (14.3%) | loss: 3.370990 | lrm: 1.00 | dt: 183ms | tok/sec: 1,429,708 | mfu: 34.5% | epoch: 1 | remaining: 257s    
step 00257 (14.4%) | loss: 3.368981 | lrm: 1.00 | dt: 162ms | tok/sec: 1,622,816 | mfu: 39.2% | epoch: 1 | remaining: 257s    
step 00258 (14.4%) | loss: 3.370372 | lrm: 1.00 | dt: 173ms | tok/sec: 1,514,852 | mfu: 36.6% | epoch: 1 | remaining: 257s    
step 00259 (14.5%) | loss: 3.366654 | lrm: 1.00 | dt: 166ms | tok/sec: 1,578,392 | mfu: 38.1% | epoch: 1 | remaining: 256s    
step 00260 (14.5%) | loss: 3.363555 | lrm: 1.00 | dt: 164ms | tok/sec: 1,594,389 | mfu: 38.5% | epoch: 1 | remaining: 256s    
step 00261 (14.6%) | loss: 3.362428 | lrm: 1.00 | dt: 164ms | tok/sec: 1,600,968 | mfu: 38.7% | epoch: 1 | remaining: 256s    
step 00262 (14.7%) | loss: 3.362654 | lrm: 1.00 | dt: 164ms | tok/sec: 1,597,426 | mfu: 38.6% | epoch: 1 | remaining: 256s    
step 00263 (14.7%) | loss: 3.361230 | lrm: 1.00 | dt: 164ms | tok/sec: 1,596,014 | mfu: 38.6% | epoch: 1 | remaining: 256s    
step 00264 (14.8%) | loss: 3.359296 | lrm: 1.00 | dt: 169ms | tok/sec: 1,549,472 | mfu: 37.4% | epoch: 1 | remaining: 256s    
step 00265 (14.8%) | loss: 3.358891 | lrm: 1.00 | dt: 180ms | tok/sec: 1,455,466 | mfu: 35.2% | epoch: 1 | remaining: 255s    
step 00266 (14.9%) | loss: 3.356597 | lrm: 1.00 | dt: 163ms | tok/sec: 1,611,121 | mfu: 38.9% | epoch: 1 | remaining: 255s    
step 00267 (14.9%) | loss: 3.354324 | lrm: 1.00 | dt: 166ms | tok/sec: 1,582,832 | mfu: 38.2% | epoch: 1 | remaining: 255s    
step 00268 (15.0%) | loss: 3.357322 | lrm: 1.00 | dt: 203ms | tok/sec: 1,291,994 | mfu: 31.2% | epoch: 1 | remaining: 255s    
step 00269 (15.1%) | loss: 3.355586 | lrm: 1.00 | dt: 160ms | tok/sec: 1,641,951 | mfu: 39.7% | epoch: 1 | remaining: 255s    
step 00270 (15.1%) | loss: 3.349583 | lrm: 1.00 | dt: 194ms | tok/sec: 1,351,418 | mfu: 32.7% | epoch: 1 | remaining: 254s    
step 00271 (15.2%) | loss: 3.351740 | lrm: 1.00 | dt: 159ms | tok/sec: 1,646,197 | mfu: 39.8% | epoch: 1 | remaining: 254s    
step 00272 (15.2%) | loss: 3.348397 | lrm: 1.00 | dt: 170ms | tok/sec: 1,538,365 | mfu: 37.2% | epoch: 1 | remaining: 254s    
step 00273 (15.3%) | loss: 3.345537 | lrm: 1.00 | dt: 160ms | tok/sec: 1,641,584 | mfu: 39.7% | epoch: 1 | remaining: 254s    
step 00274 (15.3%) | loss: 3.340547 | lrm: 1.00 | dt: 173ms | tok/sec: 1,513,463 | mfu: 36.6% | epoch: 1 | remaining: 254s    
step 00275 (15.4%) | loss: 3.341910 | lrm: 1.00 | dt: 183ms | tok/sec: 1,432,467 | mfu: 34.6% | epoch: 1 | remaining: 254s    
step 00276 (15.5%) | loss: 3.340580 | lrm: 1.00 | dt: 162ms | tok/sec: 1,616,066 | mfu: 39.0% | epoch: 1 | remaining: 253s    
step 00277 (15.5%) | loss: 3.335388 | lrm: 1.00 | dt: 210ms | tok/sec: 1,250,200 | mfu: 30.2% | epoch: 1 | remaining: 253s    
step 00278 (15.6%) | loss: 3.339531 | lrm: 1.00 | dt: 160ms | tok/sec: 1,635,104 | mfu: 39.5% | epoch: 1 | remaining: 253s    
step 00279 (15.6%) | loss: 3.334075 | lrm: 1.00 | dt: 183ms | tok/sec: 1,432,312 | mfu: 34.6% | epoch: 1 | remaining: 253s    
step 00280 (15.7%) | loss: 3.327588 | lrm: 1.00 | dt: 159ms | tok/sec: 1,649,625 | mfu: 39.9% | epoch: 1 | remaining: 253s    
step 00281 (15.8%) | loss: 3.326143 | lrm: 1.00 | dt: 162ms | tok/sec: 1,616,978 | mfu: 39.1% | epoch: 1 | remaining: 253s    
step 00282 (15.8%) | loss: 3.322373 | lrm: 1.00 | dt: 169ms | tok/sec: 1,553,662 | mfu: 37.5% | epoch: 1 | remaining: 252s    
step 00283 (15.9%) | loss: 3.321191 | lrm: 1.00 | dt: 202ms | tok/sec: 1,296,124 | mfu: 31.3% | epoch: 1 | remaining: 252s    
step 00284 (15.9%) | loss: 3.320634 | lrm: 1.00 | dt: 189ms | tok/sec: 1,386,023 | mfu: 33.5% | epoch: 1 | remaining: 252s    
step 00285 (16.0%) | loss: 3.322138 | lrm: 1.00 | dt: 260ms | tok/sec: 1,008,827 | mfu: 24.4% | epoch: 1 | remaining: 252s    
step 00286 (16.1%) | loss: 3.322746 | lrm: 1.00 | dt: 158ms | tok/sec: 1,655,038 | mfu: 40.0% | epoch: 1 | remaining: 252s    
step 00287 (16.1%) | loss: 3.324004 | lrm: 1.00 | dt: 160ms | tok/sec: 1,637,730 | mfu: 39.6% | epoch: 1 | remaining: 251s    
step 00288 (16.2%) | loss: 3.321432 | lrm: 1.00 | dt: 160ms | tok/sec: 1,634,234 | mfu: 39.5% | epoch: 1 | remaining: 251s    
step 00289 (16.2%) | loss: 3.320357 | lrm: 1.00 | dt: 223ms | tok/sec: 1,173,708 | mfu: 28.4% | epoch: 1 | remaining: 251s    
step 00290 (16.3%) | loss: 3.327279 | lrm: 1.00 | dt: 207ms | tok/sec: 1,265,512 | mfu: 30.6% | epoch: 1 | remaining: 251s    
step 00291 (16.4%) | loss: 3.327572 | lrm: 1.00 | dt: 161ms | tok/sec: 1,628,628 | mfu: 39.4% | epoch: 1 | remaining: 251s    
step 00292 (16.4%) | loss: 3.325712 | lrm: 1.00 | dt: 162ms | tok/sec: 1,616,272 | mfu: 39.1% | epoch: 1 | remaining: 251s    
step 00293 (16.5%) | loss: 3.326861 | lrm: 1.00 | dt: 196ms | tok/sec: 1,336,213 | mfu: 32.3% | epoch: 1 | remaining: 250s    
step 00294 (16.6%) | loss: 3.325450 | lrm: 1.00 | dt: 175ms | tok/sec: 1,498,141 | mfu: 36.2% | epoch: 1 | remaining: 250s    
step 00295 (16.6%) | loss: 3.328406 | lrm: 1.00 | dt: 161ms | tok/sec: 1,630,379 | mfu: 39.4% | epoch: 1 | remaining: 250s    
step 00296 (16.7%) | loss: 3.330437 | lrm: 1.00 | dt: 174ms | tok/sec: 1,503,881 | mfu: 36.3% | epoch: 1 | remaining: 250s    
step 00297 (16.7%) | loss: 3.334202 | lrm: 1.00 | dt: 161ms | tok/sec: 1,628,915 | mfu: 39.4% | epoch: 1 | remaining: 250s    
step 00298 (16.8%) | loss: 3.329670 | lrm: 1.00 | dt: 173ms | tok/sec: 1,511,424 | mfu: 36.5% | epoch: 1 | remaining: 249s    
step 00299 (16.8%) | loss: 3.329691 | lrm: 1.00 | dt: 165ms | tok/sec: 1,591,656 | mfu: 38.5% | epoch: 1 | remaining: 249s    
step 00300 (16.9%) | loss: 3.321570 | lrm: 1.00 | dt: 168ms | tok/sec: 1,561,708 | mfu: 37.7% | epoch: 1 | remaining: 249s    
step 00301 (16.9%) | loss: 3.317114 | lrm: 1.00 | dt: 171ms | tok/sec: 1,528,713 | mfu: 36.9% | epoch: 1 | remaining: 249s    
step 00302 (17.0%) | loss: 3.316261 | lrm: 1.00 | dt: 165ms | tok/sec: 1,589,574 | mfu: 38.4% | epoch: 1 | remaining: 249s    
step 00303 (17.1%) | loss: 3.316750 | lrm: 1.00 | dt: 170ms | tok/sec: 1,538,703 | mfu: 37.2% | epoch: 1 | remaining: 249s    
step 00304 (17.1%) | loss: 3.317940 | lrm: 1.00 | dt: 192ms | tok/sec: 1,363,439 | mfu: 32.9% | epoch: 1 | remaining: 248s    
step 00305 (17.2%) | loss: 3.317003 | lrm: 1.00 | dt: 164ms | tok/sec: 1,596,322 | mfu: 38.6% | epoch: 1 | remaining: 248s    
step 00306 (17.2%) | loss: 3.313828 | lrm: 1.00 | dt: 179ms | tok/sec: 1,461,071 | mfu: 35.3% | epoch: 1 | remaining: 248s    
step 00307 (17.3%) | loss: 3.313859 | lrm: 1.00 | dt: 196ms | tok/sec: 1,337,711 | mfu: 32.3% | epoch: 1 | remaining: 248s    
step 00308 (17.4%) | loss: 3.318162 | lrm: 1.00 | dt: 161ms | tok/sec: 1,632,572 | mfu: 39.4% | epoch: 1 | remaining: 248s    
step 00309 (17.4%) | loss: 3.318192 | lrm: 1.00 | dt: 162ms | tok/sec: 1,620,804 | mfu: 39.2% | epoch: 1 | remaining: 248s    
step 00310 (17.5%) | loss: 3.318188 | lrm: 1.00 | dt: 169ms | tok/sec: 1,554,440 | mfu: 37.6% | epoch: 1 | remaining: 247s    
step 00311 (17.5%) | loss: 3.314515 | lrm: 1.00 | dt: 163ms | tok/sec: 1,609,755 | mfu: 38.9% | epoch: 1 | remaining: 247s    
step 00312 (17.6%) | loss: 3.312098 | lrm: 1.00 | dt: 170ms | tok/sec: 1,540,644 | mfu: 37.2% | epoch: 1 | remaining: 247s    
step 00313 (17.6%) | loss: 3.309572 | lrm: 1.00 | dt: 172ms | tok/sec: 1,528,147 | mfu: 36.9% | epoch: 1 | remaining: 247s    
step 00314 (17.7%) | loss: 3.305324 | lrm: 1.00 | dt: 165ms | tok/sec: 1,587,368 | mfu: 38.4% | epoch: 1 | remaining: 247s    
step 00315 (17.7%) | loss: 3.305041 | lrm: 1.00 | dt: 162ms | tok/sec: 1,613,777 | mfu: 39.0% | epoch: 1 | remaining: 247s    
step 00316 (17.8%) | loss: 3.301784 | lrm: 1.00 | dt: 165ms | tok/sec: 1,589,438 | mfu: 38.4% | epoch: 1 | remaining: 246s    
step 00317 (17.9%) | loss: 3.300738 | lrm: 1.00 | dt: 194ms | tok/sec: 1,351,495 | mfu: 32.7% | epoch: 1 | remaining: 246s    
step 00318 (17.9%) | loss: 3.301110 | lrm: 1.00 | dt: 163ms | tok/sec: 1,611,407 | mfu: 38.9% | epoch: 1 | remaining: 246s    
step 00319 (18.0%) | loss: 3.298959 | lrm: 1.00 | dt: 169ms | tok/sec: 1,555,674 | mfu: 37.6% | epoch: 1 | remaining: 246s    
step 00320 (18.0%) | loss: 3.294794 | lrm: 1.00 | dt: 164ms | tok/sec: 1,595,905 | mfu: 38.6% | epoch: 1 | remaining: 246s    
step 00321 (18.1%) | loss: 3.291488 | lrm: 1.00 | dt: 164ms | tok/sec: 1,595,479 | mfu: 38.5% | epoch: 1 | remaining: 246s    
step 00322 (18.1%) | loss: 3.292557 | lrm: 1.00 | dt: 165ms | tok/sec: 1,584,870 | mfu: 38.3% | epoch: 1 | remaining: 245s    
step 00323 (18.2%) | loss: 3.290204 | lrm: 1.00 | dt: 169ms | tok/sec: 1,552,596 | mfu: 37.5% | epoch: 1 | remaining: 245s    
step 00324 (18.3%) | loss: 3.289959 | lrm: 1.00 | dt: 166ms | tok/sec: 1,579,637 | mfu: 38.2% | epoch: 1 | remaining: 245s    
step 00325 (18.3%) | loss: 3.287927 | lrm: 1.00 | dt: 168ms | tok/sec: 1,560,296 | mfu: 37.7% | epoch: 1 | remaining: 245s    
step 00326 (18.4%) | loss: 3.290878 | lrm: 1.00 | dt: 167ms | tok/sec: 1,568,266 | mfu: 37.9% | epoch: 1 | remaining: 245s    
step 00327 (18.4%) | loss: 3.288285 | lrm: 1.00 | dt: 164ms | tok/sec: 1,600,020 | mfu: 38.7% | epoch: 1 | remaining: 245s    
step 00328 (18.5%) | loss: 3.285394 | lrm: 1.00 | dt: 165ms | tok/sec: 1,585,658 | mfu: 38.3% | epoch: 1 | remaining: 244s    
step 00329 (18.5%) | loss: 3.285628 | lrm: 1.00 | dt: 168ms | tok/sec: 1,562,520 | mfu: 37.8% | epoch: 1 | remaining: 244s    
step 00330 (18.6%) | loss: 3.287562 | lrm: 1.00 | dt: 168ms | tok/sec: 1,561,243 | mfu: 37.7% | epoch: 1 | remaining: 244s    
step 00331 (18.6%) | loss: 3.284613 | lrm: 1.00 | dt: 168ms | tok/sec: 1,559,878 | mfu: 37.7% | epoch: 1 | remaining: 244s    
step 00332 (18.7%) | loss: 3.285255 | lrm: 1.00 | dt: 164ms | tok/sec: 1,597,006 | mfu: 38.6% | epoch: 1 | remaining: 244s    
step 00333 (18.8%) | loss: 3.284130 | lrm: 1.00 | dt: 166ms | tok/sec: 1,578,866 | mfu: 38.1% | epoch: 1 | remaining: 244s    
step 00334 (18.8%) | loss: 3.282799 | lrm: 1.00 | dt: 167ms | tok/sec: 1,570,237 | mfu: 37.9% | epoch: 1 | remaining: 243s    
step 00335 (18.9%) | loss: 3.282384 | lrm: 1.00 | dt: 164ms | tok/sec: 1,598,108 | mfu: 38.6% | epoch: 1 | remaining: 243s    
step 00336 (18.9%) | loss: 3.281339 | lrm: 1.00 | dt: 166ms | tok/sec: 1,581,257 | mfu: 38.2% | epoch: 1 | remaining: 243s    
step 00337 (19.0%) | loss: 3.282984 | lrm: 1.00 | dt: 166ms | tok/sec: 1,581,291 | mfu: 38.2% | epoch: 1 | remaining: 243s    
step 00338 (19.0%) | loss: 3.282010 | lrm: 1.00 | dt: 165ms | tok/sec: 1,592,239 | mfu: 38.5% | epoch: 1 | remaining: 243s    
step 00339 (19.1%) | loss: 3.287150 | lrm: 1.00 | dt: 164ms | tok/sec: 1,593,800 | mfu: 38.5% | epoch: 1 | remaining: 243s    
step 00340 (19.1%) | loss: 3.283644 | lrm: 1.00 | dt: 166ms | tok/sec: 1,578,241 | mfu: 38.1% | epoch: 1 | remaining: 242s    
step 00341 (19.2%) | loss: 3.286746 | lrm: 1.00 | dt: 166ms | tok/sec: 1,581,626 | mfu: 38.2% | epoch: 1 | remaining: 242s    
step 00342 (19.2%) | loss: 3.280759 | lrm: 1.00 | dt: 167ms | tok/sec: 1,571,916 | mfu: 38.0% | epoch: 1 | remaining: 242s    
step 00343 (19.3%) | loss: 3.276972 | lrm: 1.00 | dt: 167ms | tok/sec: 1,573,133 | mfu: 38.0% | epoch: 1 | remaining: 242s    
step 00344 (19.4%) | loss: 3.277184 | lrm: 1.00 | dt: 166ms | tok/sec: 1,576,665 | mfu: 38.1% | epoch: 1 | remaining: 242s    
step 00345 (19.4%) | loss: 3.279541 | lrm: 1.00 | dt: 228ms | tok/sec: 1,147,382 | mfu: 27.7% | epoch: 1 | remaining: 242s    
step 00346 (19.5%) | loss: 3.279454 | lrm: 1.00 | dt: 183ms | tok/sec: 1,431,715 | mfu: 34.6% | epoch: 1 | remaining: 241s    
step 00347 (19.6%) | loss: 3.278230 | lrm: 1.00 | dt: 201ms | tok/sec: 1,301,361 | mfu: 31.4% | epoch: 1 | remaining: 241s    
step 00348 (19.6%) | loss: 3.275438 | lrm: 1.00 | dt: 195ms | tok/sec: 1,345,440 | mfu: 32.5% | epoch: 1 | remaining: 241s    
step 00349 (19.7%) | loss: 3.273087 | lrm: 1.00 | dt: 160ms | tok/sec: 1,642,145 | mfu: 39.7% | epoch: 1 | remaining: 241s    
step 00350 (19.7%) | loss: 3.273451 | lrm: 1.00 | dt: 161ms | tok/sec: 1,632,667 | mfu: 39.4% | epoch: 1 | remaining: 241s    
step 00351 (19.8%) | loss: 3.267012 | lrm: 1.00 | dt: 192ms | tok/sec: 1,367,380 | mfu: 33.0% | epoch: 1 | remaining: 240s    
step 00352 (19.9%) | loss: 3.264951 | lrm: 1.00 | dt: 160ms | tok/sec: 1,636,314 | mfu: 39.5% | epoch: 1 | remaining: 240s    
step 00353 (19.9%) | loss: 3.270267 | lrm: 1.00 | dt: 168ms | tok/sec: 1,564,949 | mfu: 37.8% | epoch: 1 | remaining: 240s    
step 00354 (20.0%) | loss: 3.270159 | lrm: 1.00 | dt: 192ms | tok/sec: 1,364,148 | mfu: 33.0% | epoch: 1 | remaining: 240s    
step 00355 (20.0%) | loss: 3.261950 | lrm: 1.00 | dt: 178ms | tok/sec: 1,475,830 | mfu: 35.7% | epoch: 1 | remaining: 240s    
step 00356 (20.1%) | loss: 3.261526 | lrm: 1.00 | dt: 160ms | tok/sec: 1,642,552 | mfu: 39.7% | epoch: 1 | remaining: 240s    
step 00357 (20.1%) | loss: 3.260832 | lrm: 1.00 | dt: 165ms | tok/sec: 1,587,861 | mfu: 38.4% | epoch: 1 | remaining: 239s    
step 00358 (20.2%) | loss: 3.263239 | lrm: 1.00 | dt: 162ms | tok/sec: 1,614,324 | mfu: 39.0% | epoch: 1 | remaining: 239s    
step 00359 (20.3%) | loss: 3.262398 | lrm: 1.00 | dt: 164ms | tok/sec: 1,597,765 | mfu: 38.6% | epoch: 1 | remaining: 239s    
step 00360 (20.3%) | loss: 3.260761 | lrm: 1.00 | dt: 171ms | tok/sec: 1,529,951 | mfu: 37.0% | epoch: 1 | remaining: 239s    
step 00361 (20.4%) | loss: 3.253049 | lrm: 1.00 | dt: 184ms | tok/sec: 1,420,921 | mfu: 34.3% | epoch: 1 | remaining: 239s    
step 00362 (20.4%) | loss: 3.253684 | lrm: 1.00 | dt: 166ms | tok/sec: 1,577,177 | mfu: 38.1% | epoch: 1 | remaining: 239s    
step 00363 (20.5%) | loss: 3.250318 | lrm: 1.00 | dt: 159ms | tok/sec: 1,647,425 | mfu: 39.8% | epoch: 1 | remaining: 238s    
step 00364 (20.5%) | loss: 3.248373 | lrm: 1.00 | dt: 167ms | tok/sec: 1,568,130 | mfu: 37.9% | epoch: 1 | remaining: 238s    
step 00365 (20.6%) | loss: 3.249677 | lrm: 1.00 | dt: 164ms | tok/sec: 1,594,192 | mfu: 38.5% | epoch: 1 | remaining: 238s    
step 00366 (20.6%) | loss: 3.243590 | lrm: 1.00 | dt: 209ms | tok/sec: 1,252,723 | mfu: 30.3% | epoch: 1 | remaining: 238s    
step 00367 (20.7%) | loss: 3.244419 | lrm: 1.00 | dt: 160ms | tok/sec: 1,641,718 | mfu: 39.7% | epoch: 1 | remaining: 238s    
step 00368 (20.8%) | loss: 3.239577 | lrm: 1.00 | dt: 285ms | tok/sec: 920,677 | mfu: 22.2% | epoch: 1 | remaining: 237s    
step 00369 (20.9%) | loss: 3.233691 | lrm: 1.00 | dt: 158ms | tok/sec: 1,658,783 | mfu: 40.1% | epoch: 1 | remaining: 237s    
step 00370 (20.9%) | loss: 3.235081 | lrm: 1.00 | dt: 177ms | tok/sec: 1,483,921 | mfu: 35.9% | epoch: 1 | remaining: 237s    
step 00371 (21.0%) | loss: 3.238355 | lrm: 1.00 | dt: 159ms | tok/sec: 1,646,589 | mfu: 39.8% | epoch: 1 | remaining: 237s    
step 00372 (21.0%) | loss: 3.235602 | lrm: 1.00 | dt: 162ms | tok/sec: 1,615,242 | mfu: 39.0% | epoch: 1 | remaining: 237s    
step 00373 (21.1%) | loss: 3.234653 | lrm: 1.00 | dt: 186ms | tok/sec: 1,406,728 | mfu: 34.0% | epoch: 1 | remaining: 237s    
step 00374 (21.1%) | loss: 3.230925 | lrm: 1.00 | dt: 172ms | tok/sec: 1,524,137 | mfu: 36.8% | epoch: 1 | remaining: 236s    
step 00375 (21.2%) | loss: 3.228150 | lrm: 1.00 | dt: 248ms | tok/sec: 1,057,450 | mfu: 25.5% | epoch: 1 | remaining: 236s    
step 00376 (21.3%) | loss: 3.226984 | lrm: 1.00 | dt: 181ms | tok/sec: 1,451,136 | mfu: 35.1% | epoch: 1 | remaining: 236s    
step 00377 (21.3%) | loss: 3.223700 | lrm: 1.00 | dt: 161ms | tok/sec: 1,631,020 | mfu: 39.4% | epoch: 1 | remaining: 236s    
step 00378 (21.4%) | loss: 3.226294 | lrm: 1.00 | dt: 179ms | tok/sec: 1,463,673 | mfu: 35.4% | epoch: 1 | remaining: 236s    
step 00379 (21.5%) | loss: 3.233081 | lrm: 1.00 | dt: 159ms | tok/sec: 1,645,625 | mfu: 39.8% | epoch: 1 | remaining: 235s    
step 00380 (21.5%) | loss: 3.232551 | lrm: 1.00 | dt: 163ms | tok/sec: 1,611,015 | mfu: 38.9% | epoch: 1 | remaining: 235s    
step 00381 (21.6%) | loss: 3.235511 | lrm: 1.00 | dt: 175ms | tok/sec: 1,499,586 | mfu: 36.2% | epoch: 1 | remaining: 235s    
step 00382 (21.6%) | loss: 3.236743 | lrm: 1.00 | dt: 170ms | tok/sec: 1,543,217 | mfu: 37.3% | epoch: 1 | remaining: 235s    
step 00383 (21.7%) | loss: 3.237893 | lrm: 1.00 | dt: 204ms | tok/sec: 1,284,884 | mfu: 31.0% | epoch: 1 | remaining: 235s    
step 00384 (21.7%) | loss: 3.238810 | lrm: 1.00 | dt: 159ms | tok/sec: 1,646,032 | mfu: 39.8% | epoch: 1 | remaining: 235s    
step 00385 (21.8%) | loss: 3.238104 | lrm: 1.00 | dt: 182ms | tok/sec: 1,442,625 | mfu: 34.9% | epoch: 1 | remaining: 234s    
step 00386 (21.9%) | loss: 3.232434 | lrm: 1.00 | dt: 171ms | tok/sec: 1,530,828 | mfu: 37.0% | epoch: 1 | remaining: 234s    
step 00387 (21.9%) | loss: 3.233150 | lrm: 1.00 | dt: 175ms | tok/sec: 1,501,669 | mfu: 36.3% | epoch: 1 | remaining: 234s    
step 00388 (22.0%) | loss: 3.229016 | lrm: 1.00 | dt: 161ms | tok/sec: 1,626,761 | mfu: 39.3% | epoch: 1 | remaining: 234s    
step 00389 (22.0%) | loss: 3.223390 | lrm: 1.00 | dt: 171ms | tok/sec: 1,530,728 | mfu: 37.0% | epoch: 1 | remaining: 234s    
step 00390 (22.1%) | loss: 3.225181 | lrm: 1.00 | dt: 167ms | tok/sec: 1,569,143 | mfu: 37.9% | epoch: 1 | remaining: 234s    
step 00391 (22.1%) | loss: 3.225829 | lrm: 1.00 | dt: 167ms | tok/sec: 1,567,995 | mfu: 37.9% | epoch: 1 | remaining: 233s    
step 00392 (22.2%) | loss: 3.224545 | lrm: 1.00 | dt: 174ms | tok/sec: 1,502,481 | mfu: 36.3% | epoch: 1 | remaining: 233s    
step 00393 (22.3%) | loss: 3.226176 | lrm: 1.00 | dt: 164ms | tok/sec: 1,596,426 | mfu: 38.6% | epoch: 1 | remaining: 233s    
step 00394 (22.3%) | loss: 3.225384 | lrm: 1.00 | dt: 163ms | tok/sec: 1,606,881 | mfu: 38.8% | epoch: 1 | remaining: 233s    
step 00395 (22.4%) | loss: 3.225242 | lrm: 1.00 | dt: 167ms | tok/sec: 1,569,672 | mfu: 37.9% | epoch: 1 | remaining: 233s    
step 00396 (22.4%) | loss: 3.227767 | lrm: 1.00 | dt: 172ms | tok/sec: 1,525,595 | mfu: 36.9% | epoch: 1 | remaining: 233s    
step 00397 (22.5%) | loss: 3.219206 | lrm: 1.00 | dt: 162ms | tok/sec: 1,620,274 | mfu: 39.1% | epoch: 1 | remaining: 232s    
step 00398 (22.5%) | loss: 3.215940 | lrm: 1.00 | dt: 166ms | tok/sec: 1,576,880 | mfu: 38.1% | epoch: 1 | remaining: 232s    
step 00399 (22.6%) | loss: 3.214537 | lrm: 1.00 | dt: 173ms | tok/sec: 1,515,798 | mfu: 36.6% | epoch: 1 | remaining: 232s    
step 00400 (22.6%) | loss: 3.212537 | lrm: 1.00 | dt: 165ms | tok/sec: 1,592,385 | mfu: 38.5% | epoch: 1 | remaining: 232s    
step 00401 (22.7%) | loss: 3.211792 | lrm: 1.00 | dt: 227ms | tok/sec: 1,154,024 | mfu: 27.9% | epoch: 1 | remaining: 232s    
step 00402 (22.8%) | loss: 3.214114 | lrm: 1.00 | dt: 160ms | tok/sec: 1,639,559 | mfu: 39.6% | epoch: 1 | remaining: 232s    
step 00403 (22.8%) | loss: 3.214676 | lrm: 1.00 | dt: 206ms | tok/sec: 1,275,121 | mfu: 30.8% | epoch: 1 | remaining: 231s    
step 00404 (22.9%) | loss: 3.214301 | lrm: 1.00 | dt: 160ms | tok/sec: 1,638,037 | mfu: 39.6% | epoch: 1 | remaining: 231s    
step 00405 (22.9%) | loss: 3.216063 | lrm: 1.00 | dt: 163ms | tok/sec: 1,606,456 | mfu: 38.8% | epoch: 1 | remaining: 231s    
step 00406 (23.0%) | loss: 3.213936 | lrm: 1.00 | dt: 231ms | tok/sec: 1,132,513 | mfu: 27.4% | epoch: 1 | remaining: 231s    
step 00407 (23.1%) | loss: 3.212353 | lrm: 1.00 | dt: 159ms | tok/sec: 1,653,759 | mfu: 40.0% | epoch: 1 | remaining: 231s    
step 00408 (23.1%) | loss: 3.210986 | lrm: 1.00 | dt: 195ms | tok/sec: 1,347,473 | mfu: 32.6% | epoch: 1 | remaining: 230s    
step 00409 (23.2%) | loss: 3.208513 | lrm: 1.00 | dt: 160ms | tok/sec: 1,643,041 | mfu: 39.7% | epoch: 1 | remaining: 230s    
step 00410 (23.3%) | loss: 3.208402 | lrm: 1.00 | dt: 174ms | tok/sec: 1,502,450 | mfu: 36.3% | epoch: 1 | remaining: 230s    
step 00411 (23.3%) | loss: 3.199677 | lrm: 1.00 | dt: 160ms | tok/sec: 1,634,915 | mfu: 39.5% | epoch: 1 | remaining: 230s    
step 00412 (23.4%) | loss: 3.201902 | lrm: 1.00 | dt: 174ms | tok/sec: 1,507,820 | mfu: 36.4% | epoch: 1 | remaining: 230s    
step 00413 (23.4%) | loss: 3.200997 | lrm: 1.00 | dt: 168ms | tok/sec: 1,558,794 | mfu: 37.7% | epoch: 1 | remaining: 230s    
step 00414 (23.5%) | loss: 3.200481 | lrm: 1.00 | dt: 167ms | tok/sec: 1,570,331 | mfu: 37.9% | epoch: 1 | remaining: 229s    
step 00415 (23.5%) | loss: 3.199695 | lrm: 1.00 | dt: 167ms | tok/sec: 1,568,718 | mfu: 37.9% | epoch: 1 | remaining: 229s    
step 00416 (23.6%) | loss: 3.198849 | lrm: 1.00 | dt: 160ms | tok/sec: 1,636,358 | mfu: 39.5% | epoch: 1 | remaining: 229s    
step 00417 (23.6%) | loss: 3.200172 | lrm: 1.00 | dt: 174ms | tok/sec: 1,503,634 | mfu: 36.3% | epoch: 1 | remaining: 229s    
step 00418 (23.7%) | loss: 3.199939 | lrm: 1.00 | dt: 166ms | tok/sec: 1,581,853 | mfu: 38.2% | epoch: 1 | remaining: 229s    
step 00419 (23.8%) | loss: 3.197844 | lrm: 1.00 | dt: 164ms | tok/sec: 1,596,688 | mfu: 38.6% | epoch: 1 | remaining: 229s    
step 00420 (23.8%) | loss: 3.199115 | lrm: 1.00 | dt: 180ms | tok/sec: 1,457,167 | mfu: 35.2% | epoch: 1 | remaining: 228s    
step 00421 (23.9%) | loss: 3.194436 | lrm: 1.00 | dt: 162ms | tok/sec: 1,617,383 | mfu: 39.1% | epoch: 1 | remaining: 228s    
step 00422 (23.9%) | loss: 3.194071 | lrm: 1.00 | dt: 185ms | tok/sec: 1,417,263 | mfu: 34.2% | epoch: 1 | remaining: 228s    
step 00423 (24.0%) | loss: 3.199951 | lrm: 1.00 | dt: 161ms | tok/sec: 1,629,787 | mfu: 39.4% | epoch: 1 | remaining: 228s    
step 00424 (24.0%) | loss: 3.202249 | lrm: 1.00 | dt: 173ms | tok/sec: 1,514,432 | mfu: 36.6% | epoch: 1 | remaining: 228s    
step 00425 (24.1%) | loss: 3.197266 | lrm: 1.00 | dt: 163ms | tok/sec: 1,604,765 | mfu: 38.8% | epoch: 1 | remaining: 228s    
step 00426 (24.2%) | loss: 3.196756 | lrm: 1.00 | dt: 168ms | tok/sec: 1,558,958 | mfu: 37.7% | epoch: 1 | remaining: 227s    
step 00427 (24.2%) | loss: 3.192683 | lrm: 1.00 | dt: 182ms | tok/sec: 1,437,294 | mfu: 34.7% | epoch: 1 | remaining: 227s    
step 00428 (24.3%) | loss: 3.188865 | lrm: 1.00 | dt: 162ms | tok/sec: 1,620,823 | mfu: 39.2% | epoch: 1 | remaining: 227s    
step 00429 (24.3%) | loss: 3.186408 | lrm: 1.00 | dt: 224ms | tok/sec: 1,170,589 | mfu: 28.3% | epoch: 1 | remaining: 227s    
step 00430 (24.4%) | loss: 3.189183 | lrm: 1.00 | dt: 166ms | tok/sec: 1,582,632 | mfu: 38.2% | epoch: 1 | remaining: 227s    
step 00431 (24.5%) | loss: 3.187817 | lrm: 1.00 | dt: 221ms | tok/sec: 1,188,237 | mfu: 28.7% | epoch: 1 | remaining: 226s    
step 00432 (24.5%) | loss: 3.184478 | lrm: 1.00 | dt: 183ms | tok/sec: 1,430,551 | mfu: 34.6% | epoch: 1 | remaining: 226s    
step 00433 (24.6%) | loss: 3.187003 | lrm: 1.00 | dt: 170ms | tok/sec: 1,539,201 | mfu: 37.2% | epoch: 1 | remaining: 226s    
step 00434 (24.6%) | loss: 3.190366 | lrm: 1.00 | dt: 159ms | tok/sec: 1,649,184 | mfu: 39.8% | epoch: 1 | remaining: 226s    
step 00435 (24.7%) | loss: 3.192292 | lrm: 1.00 | dt: 162ms | tok/sec: 1,622,148 | mfu: 39.2% | epoch: 1 | remaining: 226s    
step 00436 (24.8%) | loss: 3.191200 | lrm: 1.00 | dt: 179ms | tok/sec: 1,460,521 | mfu: 35.3% | epoch: 1 | remaining: 226s    
step 00437 (24.8%) | loss: 3.190433 | lrm: 1.00 | dt: 168ms | tok/sec: 1,561,027 | mfu: 37.7% | epoch: 1 | remaining: 225s    
step 00438 (24.9%) | loss: 3.191148 | lrm: 1.00 | dt: 186ms | tok/sec: 1,406,307 | mfu: 34.0% | epoch: 1 | remaining: 225s    
step 00439 (24.9%) | loss: 3.191548 | lrm: 1.00 | dt: 161ms | tok/sec: 1,632,776 | mfu: 39.5% | epoch: 1 | remaining: 225s    
step 00440 (25.0%) | loss: 3.192054 | lrm: 1.00 | dt: 250ms | tok/sec: 1,048,176 | mfu: 25.3% | epoch: 1 | remaining: 225s    
step 00441 (25.1%) | loss: 3.195093 | lrm: 1.00 | dt: 161ms | tok/sec: 1,625,135 | mfu: 39.3% | epoch: 1 | remaining: 225s    
step 00442 (25.1%) | loss: 3.196112 | lrm: 1.00 | dt: 167ms | tok/sec: 1,571,287 | mfu: 38.0% | epoch: 1 | remaining: 224s    
step 00443 (25.2%) | loss: 3.198766 | lrm: 1.00 | dt: 167ms | tok/sec: 1,571,759 | mfu: 38.0% | epoch: 1 | remaining: 224s    
step 00444 (25.2%) | loss: 3.188047 | lrm: 1.00 | dt: 160ms | tok/sec: 1,634,288 | mfu: 39.5% | epoch: 1 | remaining: 224s    
step 00445 (25.3%) | loss: 3.186119 | lrm: 1.00 | dt: 160ms | tok/sec: 1,636,560 | mfu: 39.5% | epoch: 1 | remaining: 224s    
step 00446 (25.3%) | loss: 3.184218 | lrm: 1.00 | dt: 182ms | tok/sec: 1,440,180 | mfu: 34.8% | epoch: 1 | remaining: 224s    
step 00447 (25.4%) | loss: 3.186716 | lrm: 1.00 | dt: 169ms | tok/sec: 1,547,132 | mfu: 37.4% | epoch: 1 | remaining: 224s    
step 00448 (25.5%) | loss: 3.185697 | lrm: 1.00 | dt: 159ms | tok/sec: 1,643,628 | mfu: 39.7% | epoch: 1 | remaining: 223s    
step 00449 (25.5%) | loss: 3.186219 | lrm: 1.00 | dt: 162ms | tok/sec: 1,616,491 | mfu: 39.1% | epoch: 1 | remaining: 223s    
step 00450 (25.6%) | loss: 3.187335 | lrm: 1.00 | dt: 162ms | tok/sec: 1,618,578 | mfu: 39.1% | epoch: 1 | remaining: 223s    
step 00451 (25.6%) | loss: 3.188581 | lrm: 1.00 | dt: 163ms | tok/sec: 1,610,947 | mfu: 38.9% | epoch: 1 | remaining: 223s    
step 00452 (25.7%) | loss: 3.192217 | lrm: 1.00 | dt: 184ms | tok/sec: 1,424,629 | mfu: 34.4% | epoch: 1 | remaining: 223s    
step 00453 (25.7%) | loss: 3.195349 | lrm: 1.00 | dt: 213ms | tok/sec: 1,233,233 | mfu: 29.8% | epoch: 1 | remaining: 223s    
step 00454 (25.8%) | loss: 3.192778 | lrm: 1.00 | dt: 159ms | tok/sec: 1,643,878 | mfu: 39.7% | epoch: 1 | remaining: 222s    
step 00455 (25.9%) | loss: 3.193135 | lrm: 1.00 | dt: 173ms | tok/sec: 1,513,755 | mfu: 36.6% | epoch: 1 | remaining: 222s    
step 00456 (25.9%) | loss: 3.195454 | lrm: 1.00 | dt: 162ms | tok/sec: 1,618,747 | mfu: 39.1% | epoch: 1 | remaining: 222s    
step 00457 (26.0%) | loss: 3.194223 | lrm: 1.00 | dt: 161ms | tok/sec: 1,629,553 | mfu: 39.4% | epoch: 1 | remaining: 222s    
step 00458 (26.0%) | loss: 3.194053 | lrm: 1.00 | dt: 162ms | tok/sec: 1,620,854 | mfu: 39.2% | epoch: 1 | remaining: 222s    
step 00459 (26.1%) | loss: 3.192486 | lrm: 1.00 | dt: 175ms | tok/sec: 1,500,116 | mfu: 36.2% | epoch: 1 | remaining: 222s    
step 00460 (26.1%) | loss: 3.192792 | lrm: 1.00 | dt: 168ms | tok/sec: 1,559,363 | mfu: 37.7% | epoch: 1 | remaining: 221s    
step 00461 (26.2%) | loss: 3.195453 | lrm: 1.00 | dt: 167ms | tok/sec: 1,567,093 | mfu: 37.9% | epoch: 1 | remaining: 221s    
step 00462 (26.2%) | loss: 3.197395 | lrm: 1.00 | dt: 167ms | tok/sec: 1,568,859 | mfu: 37.9% | epoch: 1 | remaining: 221s    
step 00463 (26.3%) | loss: 3.198567 | lrm: 1.00 | dt: 193ms | tok/sec: 1,361,346 | mfu: 32.9% | epoch: 1 | remaining: 221s    
step 00464 (26.4%) | loss: 3.192735 | lrm: 1.00 | dt: 180ms | tok/sec: 1,455,373 | mfu: 35.2% | epoch: 1 | remaining: 221s    
step 00465 (26.4%) | loss: 3.190515 | lrm: 1.00 | dt: 162ms | tok/sec: 1,619,288 | mfu: 39.1% | epoch: 1 | remaining: 221s    
step 00466 (26.5%) | loss: 3.188743 | lrm: 1.00 | dt: 183ms | tok/sec: 1,432,204 | mfu: 34.6% | epoch: 1 | remaining: 220s    
step 00467 (26.5%) | loss: 3.185775 | lrm: 1.00 | dt: 160ms | tok/sec: 1,638,977 | mfu: 39.6% | epoch: 1 | remaining: 220s    
step 00468 (26.6%) | loss: 3.189920 | lrm: 1.00 | dt: 161ms | tok/sec: 1,629,101 | mfu: 39.4% | epoch: 1 | remaining: 220s    
step 00469 (26.6%) | loss: 3.187856 | lrm: 1.00 | dt: 169ms | tok/sec: 1,547,982 | mfu: 37.4% | epoch: 1 | remaining: 220s    
step 00470 (26.7%) | loss: 3.187340 | lrm: 1.00 | dt: 168ms | tok/sec: 1,560,757 | mfu: 37.7% | epoch: 1 | remaining: 220s    
step 00471 (26.8%) | loss: 3.184925 | lrm: 1.00 | dt: 196ms | tok/sec: 1,335,370 | mfu: 32.3% | epoch: 1 | remaining: 220s    
step 00472 (26.8%) | loss: 3.182630 | lrm: 1.00 | dt: 161ms | tok/sec: 1,625,397 | mfu: 39.3% | epoch: 1 | remaining: 219s    
step 00473 (26.9%) | loss: 3.180533 | lrm: 1.00 | dt: 239ms | tok/sec: 1,097,901 | mfu: 26.5% | epoch: 1 | remaining: 219s    
step 00474 (27.0%) | loss: 3.185674 | lrm: 1.00 | dt: 162ms | tok/sec: 1,621,363 | mfu: 39.2% | epoch: 1 | remaining: 219s    
step 00475 (27.0%) | loss: 3.180107 | lrm: 1.00 | dt: 161ms | tok/sec: 1,625,183 | mfu: 39.3% | epoch: 1 | remaining: 219s    
step 00476 (27.1%) | loss: 3.181124 | lrm: 1.00 | dt: 176ms | tok/sec: 1,491,569 | mfu: 36.0% | epoch: 1 | remaining: 219s    
step 00477 (27.1%) | loss: 3.182774 | lrm: 1.00 | dt: 203ms | tok/sec: 1,289,485 | mfu: 31.2% | epoch: 1 | remaining: 218s    
step 00478 (27.2%) | loss: 3.185794 | lrm: 1.00 | dt: 247ms | tok/sec: 1,060,856 | mfu: 25.6% | epoch: 1 | remaining: 218s    
step 00479 (27.3%) | loss: 3.183293 | lrm: 1.00 | dt: 191ms | tok/sec: 1,373,357 | mfu: 33.2% | epoch: 1 | remaining: 218s    
step 00480 (27.3%) | loss: 3.178511 | lrm: 1.00 | dt: 161ms | tok/sec: 1,628,418 | mfu: 39.3% | epoch: 1 | remaining: 218s    
step 00481 (27.4%) | loss: 3.173876 | lrm: 1.00 | dt: 237ms | tok/sec: 1,108,185 | mfu: 26.8% | epoch: 1 | remaining: 218s    
step 00482 (27.5%) | loss: 3.166665 | lrm: 1.00 | dt: 159ms | tok/sec: 1,650,948 | mfu: 39.9% | epoch: 1 | remaining: 217s    
step 00483 (27.5%) | loss: 3.167438 | lrm: 1.00 | dt: 203ms | tok/sec: 1,288,480 | mfu: 31.1% | epoch: 1 | remaining: 217s    
step 00484 (27.6%) | loss: 3.165235 | lrm: 1.00 | dt: 160ms | tok/sec: 1,633,625 | mfu: 39.5% | epoch: 1 | remaining: 217s    
step 00485 (27.6%) | loss: 3.167527 | lrm: 1.00 | dt: 191ms | tok/sec: 1,374,796 | mfu: 33.2% | epoch: 1 | remaining: 217s    
step 00486 (27.7%) | loss: 3.170914 | lrm: 1.00 | dt: 160ms | tok/sec: 1,643,082 | mfu: 39.7% | epoch: 1 | remaining: 217s    
step 00487 (27.8%) | loss: 3.171287 | lrm: 1.00 | dt: 200ms | tok/sec: 1,309,631 | mfu: 31.6% | epoch: 1 | remaining: 217s    
step 00488 (27.8%) | loss: 3.174568 | lrm: 1.00 | dt: 159ms | tok/sec: 1,651,010 | mfu: 39.9% | epoch: 1 | remaining: 216s    
step 00489 (27.9%) | loss: 3.174228 | lrm: 1.00 | dt: 161ms | tok/sec: 1,627,505 | mfu: 39.3% | epoch: 1 | remaining: 216s    
step 00490 (27.9%) | loss: 3.175807 | lrm: 1.00 | dt: 168ms | tok/sec: 1,564,962 | mfu: 37.8% | epoch: 1 | remaining: 216s    
step 00491 (28.0%) | loss: 3.168945 | lrm: 1.00 | dt: 166ms | tok/sec: 1,581,730 | mfu: 38.2% | epoch: 1 | remaining: 216s    
step 00492 (28.0%) | loss: 3.165669 | lrm: 1.00 | dt: 173ms | tok/sec: 1,518,318 | mfu: 36.7% | epoch: 1 | remaining: 216s    
step 00493 (28.1%) | loss: 3.161747 | lrm: 1.00 | dt: 172ms | tok/sec: 1,527,099 | mfu: 36.9% | epoch: 1 | remaining: 216s    
step 00494 (28.2%) | loss: 3.165766 | lrm: 1.00 | dt: 166ms | tok/sec: 1,576,021 | mfu: 38.1% | epoch: 1 | remaining: 215s    
step 00495 (28.2%) | loss: 3.157885 | lrm: 1.00 | dt: 164ms | tok/sec: 1,595,810 | mfu: 38.6% | epoch: 1 | remaining: 215s    
step 00496 (28.3%) | loss: 3.156795 | lrm: 1.00 | dt: 165ms | tok/sec: 1,586,008 | mfu: 38.3% | epoch: 1 | remaining: 215s    
step 00497 (28.3%) | loss: 3.158793 | lrm: 1.00 | dt: 189ms | tok/sec: 1,388,928 | mfu: 33.6% | epoch: 1 | remaining: 215s    
step 00498 (28.4%) | loss: 3.161538 | lrm: 1.00 | dt: 172ms | tok/sec: 1,522,004 | mfu: 36.8% | epoch: 1 | remaining: 215s    
step 00499 (28.4%) | loss: 3.162653 | lrm: 1.00 | dt: 169ms | tok/sec: 1,554,407 | mfu: 37.6% | epoch: 1 | remaining: 214s    
step 00500 (28.5%) | loss: 3.157092 | lrm: 1.00 | dt: 164ms | tok/sec: 1,601,215 | mfu: 38.7% | epoch: 1 | remaining: 214s    
step 00501 (28.6%) | loss: 3.158768 | lrm: 1.00 | dt: 183ms | tok/sec: 1,432,424 | mfu: 34.6% | epoch: 1 | remaining: 214s    
step 00502 (28.6%) | loss: 3.157714 | lrm: 1.00 | dt: 175ms | tok/sec: 1,500,898 | mfu: 36.3% | epoch: 1 | remaining: 214s    
step 00503 (28.7%) | loss: 3.161383 | lrm: 1.00 | dt: 164ms | tok/sec: 1,595,245 | mfu: 38.5% | epoch: 1 | remaining: 214s    
step 00504 (28.7%) | loss: 3.160934 | lrm: 1.00 | dt: 193ms | tok/sec: 1,357,758 | mfu: 32.8% | epoch: 1 | remaining: 214s    
step 00505 (28.8%) | loss: 3.163531 | lrm: 1.00 | dt: 159ms | tok/sec: 1,647,077 | mfu: 39.8% | epoch: 1 | remaining: 213s    
step 00506 (28.8%) | loss: 3.162541 | lrm: 1.00 | dt: 185ms | tok/sec: 1,417,524 | mfu: 34.2% | epoch: 1 | remaining: 213s    
step 00507 (28.9%) | loss: 3.166379 | lrm: 1.00 | dt: 159ms | tok/sec: 1,646,234 | mfu: 39.8% | epoch: 1 | remaining: 213s    
step 00508 (29.0%) | loss: 3.157422 | lrm: 1.00 | dt: 178ms | tok/sec: 1,469,143 | mfu: 35.5% | epoch: 1 | remaining: 213s    
step 00509 (29.0%) | loss: 3.162397 | lrm: 1.00 | dt: 162ms | tok/sec: 1,617,630 | mfu: 39.1% | epoch: 1 | remaining: 213s    
step 00510 (29.1%) | loss: 3.158828 | lrm: 1.00 | dt: 172ms | tok/sec: 1,522,966 | mfu: 36.8% | epoch: 1 | remaining: 213s    
step 00511 (29.1%) | loss: 3.160245 | lrm: 1.00 | dt: 234ms | tok/sec: 1,122,672 | mfu: 27.1% | epoch: 1 | remaining: 212s    
step 00512 (29.2%) | loss: 3.159300 | lrm: 1.00 | dt: 163ms | tok/sec: 1,608,491 | mfu: 38.9% | epoch: 1 | remaining: 212s    
step 00513 (29.3%) | loss: 3.155483 | lrm: 1.00 | dt: 160ms | tok/sec: 1,636,034 | mfu: 39.5% | epoch: 1 | remaining: 212s    
step 00514 (29.3%) | loss: 3.151804 | lrm: 1.00 | dt: 196ms | tok/sec: 1,335,318 | mfu: 32.3% | epoch: 1 | remaining: 212s    
step 00515 (29.4%) | loss: 3.154180 | lrm: 1.00 | dt: 205ms | tok/sec: 1,278,531 | mfu: 30.9% | epoch: 1 | remaining: 212s    
step 00516 (29.5%) | loss: 3.153726 | lrm: 1.00 | dt: 181ms | tok/sec: 1,448,626 | mfu: 35.0% | epoch: 1 | remaining: 211s    
step 00517 (29.5%) | loss: 3.148945 | lrm: 1.00 | dt: 160ms | tok/sec: 1,637,340 | mfu: 39.6% | epoch: 1 | remaining: 211s    
step 00518 (29.6%) | loss: 3.151851 | lrm: 1.00 | dt: 173ms | tok/sec: 1,512,661 | mfu: 36.5% | epoch: 1 | remaining: 211s    
step 00519 (29.6%) | loss: 3.152897 | lrm: 1.00 | dt: 167ms | tok/sec: 1,569,706 | mfu: 37.9% | epoch: 1 | remaining: 211s    
step 00520 (29.7%) | loss: 3.153812 | lrm: 1.00 | dt: 163ms | tok/sec: 1,604,182 | mfu: 38.8% | epoch: 1 | remaining: 211s    
step 00521 (29.7%) | loss: 3.153036 | lrm: 1.00 | dt: 175ms | tok/sec: 1,500,625 | mfu: 36.3% | epoch: 1 | remaining: 211s    
step 00522 (29.8%) | loss: 3.151995 | lrm: 1.00 | dt: 189ms | tok/sec: 1,384,010 | mfu: 33.4% | epoch: 1 | remaining: 210s    
step 00523 (29.9%) | loss: 3.150465 | lrm: 1.00 | dt: 159ms | tok/sec: 1,652,069 | mfu: 39.9% | epoch: 1 | remaining: 210s    
step 00524 (29.9%) | loss: 3.153211 | lrm: 1.00 | dt: 161ms | tok/sec: 1,627,406 | mfu: 39.3% | epoch: 1 | remaining: 210s    
step 00525 (30.0%) | loss: 3.154339 | lrm: 1.00 | dt: 204ms | tok/sec: 1,287,787 | mfu: 31.1% | epoch: 1 | remaining: 210s    
step 00526 (30.0%) | loss: 3.151236 | lrm: 1.00 | dt: 197ms | tok/sec: 1,329,854 | mfu: 32.1% | epoch: 1 | remaining: 210s    
step 00527 (30.1%) | loss: 3.151484 | lrm: 1.00 | dt: 198ms | tok/sec: 1,325,506 | mfu: 32.0% | epoch: 1 | remaining: 210s    
step 00528 (30.2%) | loss: 3.148748 | lrm: 1.00 | dt: 159ms | tok/sec: 1,649,207 | mfu: 39.8% | epoch: 1 | remaining: 209s    
step 00529 (30.2%) | loss: 3.150247 | lrm: 1.00 | dt: 184ms | tok/sec: 1,425,393 | mfu: 34.4% | epoch: 1 | remaining: 209s    
step 00530 (30.3%) | loss: 3.148508 | lrm: 1.00 | dt: 164ms | tok/sec: 1,594,111 | mfu: 38.5% | epoch: 1 | remaining: 209s    
step 00531 (30.3%) | loss: 3.148414 | lrm: 1.00 | dt: 184ms | tok/sec: 1,423,653 | mfu: 34.4% | epoch: 1 | remaining: 209s    
step 00532 (30.4%) | loss: 3.148698 | lrm: 1.00 | dt: 176ms | tok/sec: 1,492,593 | mfu: 36.1% | epoch: 1 | remaining: 209s    
step 00533 (30.5%) | loss: 3.145147 | lrm: 1.00 | dt: 163ms | tok/sec: 1,605,470 | mfu: 38.8% | epoch: 1 | remaining: 208s    
step 00534 (30.5%) | loss: 3.143817 | lrm: 1.00 | dt: 178ms | tok/sec: 1,469,516 | mfu: 35.5% | epoch: 1 | remaining: 208s    
step 00535 (30.6%) | loss: 3.142259 | lrm: 1.00 | dt: 163ms | tok/sec: 1,612,728 | mfu: 39.0% | epoch: 1 | remaining: 208s    
step 00536 (30.6%) | loss: 3.137811 | lrm: 1.00 | dt: 190ms | tok/sec: 1,376,888 | mfu: 33.3% | epoch: 1 | remaining: 208s    
step 00537 (30.7%) | loss: 3.139183 | lrm: 1.00 | dt: 210ms | tok/sec: 1,247,566 | mfu: 30.1% | epoch: 1 | remaining: 208s    
step 00538 (30.8%) | loss: 3.141931 | lrm: 1.00 | dt: 160ms | tok/sec: 1,637,147 | mfu: 39.6% | epoch: 1 | remaining: 208s    
step 00539 (30.8%) | loss: 3.139057 | lrm: 1.00 | dt: 166ms | tok/sec: 1,580,100 | mfu: 38.2% | epoch: 1 | remaining: 207s    
step 00540 (30.9%) | loss: 3.140423 | lrm: 1.00 | dt: 217ms | tok/sec: 1,209,269 | mfu: 29.2% | epoch: 1 | remaining: 207s    
step 00541 (30.9%) | loss: 3.142286 | lrm: 1.00 | dt: 182ms | tok/sec: 1,436,488 | mfu: 34.7% | epoch: 1 | remaining: 207s    
step 00542 (31.0%) | loss: 3.139251 | lrm: 1.00 | dt: 169ms | tok/sec: 1,555,355 | mfu: 37.6% | epoch: 1 | remaining: 207s    
step 00543 (31.1%) | loss: 3.140465 | lrm: 1.00 | dt: 173ms | tok/sec: 1,514,514 | mfu: 36.6% | epoch: 1 | remaining: 207s    
step 00544 (31.1%) | loss: 3.142713 | lrm: 1.00 | dt: 160ms | tok/sec: 1,637,713 | mfu: 39.6% | epoch: 1 | remaining: 207s    
step 00545 (31.2%) | loss: 3.144950 | lrm: 1.00 | dt: 166ms | tok/sec: 1,583,790 | mfu: 38.3% | epoch: 1 | remaining: 206s    
step 00546 (31.2%) | loss: 3.144274 | lrm: 1.00 | dt: 174ms | tok/sec: 1,509,383 | mfu: 36.5% | epoch: 1 | remaining: 206s    
step 00547 (31.3%) | loss: 3.141057 | lrm: 1.00 | dt: 172ms | tok/sec: 1,520,943 | mfu: 36.7% | epoch: 1 | remaining: 206s    
step 00548 (31.3%) | loss: 3.140795 | lrm: 1.00 | dt: 163ms | tok/sec: 1,610,475 | mfu: 38.9% | epoch: 1 | remaining: 206s    
step 00549 (31.4%) | loss: 3.139899 | lrm: 1.00 | dt: 163ms | tok/sec: 1,609,218 | mfu: 38.9% | epoch: 1 | remaining: 206s    
step 00550 (31.4%) | loss: 3.141487 | lrm: 1.00 | dt: 204ms | tok/sec: 1,287,496 | mfu: 31.1% | epoch: 1 | remaining: 205s    
step 00551 (31.5%) | loss: 3.138454 | lrm: 1.00 | dt: 164ms | tok/sec: 1,595,532 | mfu: 38.6% | epoch: 1 | remaining: 205s    
step 00552 (31.6%) | loss: 3.138083 | lrm: 1.00 | dt: 163ms | tok/sec: 1,607,795 | mfu: 38.8% | epoch: 1 | remaining: 205s    
step 00553 (31.6%) | loss: 3.144154 | lrm: 1.00 | dt: 166ms | tok/sec: 1,577,715 | mfu: 38.1% | epoch: 1 | remaining: 205s    
step 00554 (31.7%) | loss: 3.142144 | lrm: 1.00 | dt: 164ms | tok/sec: 1,598,643 | mfu: 38.6% | epoch: 1 | remaining: 205s    
step 00555 (31.7%) | loss: 3.140409 | lrm: 1.00 | dt: 189ms | tok/sec: 1,385,382 | mfu: 33.5% | epoch: 1 | remaining: 205s    
step 00556 (31.8%) | loss: 3.143176 | lrm: 1.00 | dt: 166ms | tok/sec: 1,581,225 | mfu: 38.2% | epoch: 1 | remaining: 204s    
step 00557 (31.8%) | loss: 3.140364 | lrm: 1.00 | dt: 162ms | tok/sec: 1,614,255 | mfu: 39.0% | epoch: 1 | remaining: 204s    
step 00558 (31.9%) | loss: 3.141119 | lrm: 1.00 | dt: 178ms | tok/sec: 1,471,499 | mfu: 35.6% | epoch: 1 | remaining: 204s    
step 00559 (32.0%) | loss: 3.143167 | lrm: 1.00 | dt: 162ms | tok/sec: 1,618,018 | mfu: 39.1% | epoch: 1 | remaining: 204s    
step 00560 (32.0%) | loss: 3.141566 | lrm: 1.00 | dt: 209ms | tok/sec: 1,255,002 | mfu: 30.3% | epoch: 1 | remaining: 204s    
step 00561 (32.1%) | loss: 3.140970 | lrm: 1.00 | dt: 159ms | tok/sec: 1,647,319 | mfu: 39.8% | epoch: 1 | remaining: 204s    
step 00562 (32.1%) | loss: 3.142459 | lrm: 1.00 | dt: 230ms | tok/sec: 1,140,024 | mfu: 27.5% | epoch: 1 | remaining: 203s    
step 00563 (32.2%) | loss: 3.143842 | lrm: 1.00 | dt: 166ms | tok/sec: 1,578,143 | mfu: 38.1% | epoch: 1 | remaining: 203s    
step 00564 (32.3%) | loss: 3.147229 | lrm: 1.00 | dt: 205ms | tok/sec: 1,280,661 | mfu: 30.9% | epoch: 1 | remaining: 203s    
step 00565 (32.3%) | loss: 3.145836 | lrm: 1.00 | dt: 187ms | tok/sec: 1,400,473 | mfu: 33.8% | epoch: 1 | remaining: 203s    
step 00566 (32.4%) | loss: 3.144151 | lrm: 1.00 | dt: 159ms | tok/sec: 1,649,682 | mfu: 39.9% | epoch: 1 | remaining: 203s    
step 00567 (32.5%) | loss: 3.145562 | lrm: 1.00 | dt: 192ms | tok/sec: 1,361,895 | mfu: 32.9% | epoch: 1 | remaining: 202s    
step 00568 (32.5%) | loss: 3.146310 | lrm: 1.00 | dt: 161ms | tok/sec: 1,627,688 | mfu: 39.3% | epoch: 1 | remaining: 202s    
step 00569 (32.6%) | loss: 3.143326 | lrm: 1.00 | dt: 178ms | tok/sec: 1,475,220 | mfu: 35.6% | epoch: 1 | remaining: 202s    
step 00570 (32.6%) | loss: 3.141996 | lrm: 1.00 | dt: 166ms | tok/sec: 1,578,154 | mfu: 38.1% | epoch: 1 | remaining: 202s    
step 00571 (32.7%) | loss: 3.140691 | lrm: 1.00 | dt: 164ms | tok/sec: 1,595,678 | mfu: 38.6% | epoch: 1 | remaining: 202s    
step 00572 (32.7%) | loss: 3.142494 | lrm: 1.00 | dt: 180ms | tok/sec: 1,459,312 | mfu: 35.3% | epoch: 1 | remaining: 202s    
step 00573 (32.8%) | loss: 3.142010 | lrm: 1.00 | dt: 164ms | tok/sec: 1,600,942 | mfu: 38.7% | epoch: 1 | remaining: 201s    
step 00574 (32.9%) | loss: 3.138321 | lrm: 1.00 | dt: 179ms | tok/sec: 1,466,451 | mfu: 35.4% | epoch: 1 | remaining: 201s    
step 00575 (32.9%) | loss: 3.137162 | lrm: 1.00 | dt: 163ms | tok/sec: 1,605,750 | mfu: 38.8% | epoch: 1 | remaining: 201s    
step 00576 (33.0%) | loss: 3.136454 | lrm: 1.00 | dt: 165ms | tok/sec: 1,587,772 | mfu: 38.4% | epoch: 1 | remaining: 201s    
step 00577 (33.0%) | loss: 3.141388 | lrm: 1.00 | dt: 166ms | tok/sec: 1,575,780 | mfu: 38.1% | epoch: 1 | remaining: 201s    
step 00578 (33.1%) | loss: 3.144572 | lrm: 1.00 | dt: 165ms | tok/sec: 1,588,123 | mfu: 38.4% | epoch: 1 | remaining: 201s    
step 00579 (33.1%) | loss: 3.141816 | lrm: 1.00 | dt: 240ms | tok/sec: 1,092,656 | mfu: 26.4% | epoch: 1 | remaining: 200s    
step 00580 (33.2%) | loss: 3.139126 | lrm: 1.00 | dt: 163ms | tok/sec: 1,607,367 | mfu: 38.8% | epoch: 1 | remaining: 200s    
step 00581 (33.3%) | loss: 3.136973 | lrm: 1.00 | dt: 201ms | tok/sec: 1,302,618 | mfu: 31.5% | epoch: 1 | remaining: 200s    
step 00582 (33.3%) | loss: 3.140532 | lrm: 1.00 | dt: 172ms | tok/sec: 1,520,155 | mfu: 36.7% | epoch: 1 | remaining: 200s    
step 00583 (33.4%) | loss: 3.138544 | lrm: 1.00 | dt: 167ms | tok/sec: 1,574,245 | mfu: 38.0% | epoch: 1 | remaining: 200s    
step 00584 (33.4%) | loss: 3.130890 | lrm: 1.00 | dt: 160ms | tok/sec: 1,634,373 | mfu: 39.5% | epoch: 1 | remaining: 199s    
step 00585 (33.5%) | loss: 3.129934 | lrm: 1.00 | dt: 176ms | tok/sec: 1,486,855 | mfu: 35.9% | epoch: 1 | remaining: 199s    
step 00586 (33.6%) | loss: 3.124868 | lrm: 1.00 | dt: 163ms | tok/sec: 1,605,801 | mfu: 38.8% | epoch: 1 | remaining: 199s    
step 00587 (33.6%) | loss: 3.124177 | lrm: 1.00 | dt: 168ms | tok/sec: 1,558,132 | mfu: 37.6% | epoch: 1 | remaining: 199s    
step 00588 (33.7%) | loss: 3.125300 | lrm: 1.00 | dt: 202ms | tok/sec: 1,297,375 | mfu: 31.3% | epoch: 1 | remaining: 199s    
step 00589 (33.7%) | loss: 3.124838 | lrm: 1.00 | dt: 183ms | tok/sec: 1,430,206 | mfu: 34.6% | epoch: 1 | remaining: 199s    
step 00590 (33.8%) | loss: 3.125705 | lrm: 1.00 | dt: 185ms | tok/sec: 1,416,651 | mfu: 34.2% | epoch: 1 | remaining: 198s    
step 00591 (33.9%) | loss: 3.130565 | lrm: 1.00 | dt: 180ms | tok/sec: 1,453,367 | mfu: 35.1% | epoch: 1 | remaining: 198s    
step 00592 (33.9%) | loss: 3.131881 | lrm: 1.00 | dt: 232ms | tok/sec: 1,131,709 | mfu: 27.3% | epoch: 1 | remaining: 198s    
step 00593 (34.0%) | loss: 3.133795 | lrm: 1.00 | dt: 197ms | tok/sec: 1,328,352 | mfu: 32.1% | epoch: 1 | remaining: 198s    
step 00594 (34.1%) | loss: 3.128555 | lrm: 1.00 | dt: 160ms | tok/sec: 1,637,940 | mfu: 39.6% | epoch: 1 | remaining: 198s    
step 00595 (34.1%) | loss: 3.134256 | lrm: 1.00 | dt: 206ms | tok/sec: 1,274,831 | mfu: 30.8% | epoch: 1 | remaining: 197s    
step 00596 (34.2%) | loss: 3.135621 | lrm: 1.00 | dt: 243ms | tok/sec: 1,078,859 | mfu: 26.1% | epoch: 1 | remaining: 197s    
step 00597 (34.3%) | loss: 3.132182 | lrm: 1.00 | dt: 168ms | tok/sec: 1,556,702 | mfu: 37.6% | epoch: 1 | remaining: 197s    
step 00598 (34.3%) | loss: 3.130211 | lrm: 1.00 | dt: 172ms | tok/sec: 1,520,268 | mfu: 36.7% | epoch: 1 | remaining: 197s    
step 00599 (34.4%) | loss: 3.122272 | lrm: 1.00 | dt: 161ms | tok/sec: 1,628,486 | mfu: 39.3% | epoch: 1 | remaining: 197s    
step 00600 (34.4%) | loss: 3.123533 | lrm: 1.00 | dt: 169ms | tok/sec: 1,550,335 | mfu: 37.5% | epoch: 1 | remaining: 197s    
step 00601 (34.5%) | loss: 3.124401 | lrm: 1.00 | dt: 162ms | tok/sec: 1,619,078 | mfu: 39.1% | epoch: 1 | remaining: 196s    
step 00602 (34.5%) | loss: 3.123316 | lrm: 1.00 | dt: 175ms | tok/sec: 1,495,382 | mfu: 36.1% | epoch: 1 | remaining: 196s    
step 00603 (34.6%) | loss: 3.125649 | lrm: 1.00 | dt: 169ms | tok/sec: 1,552,984 | mfu: 37.5% | epoch: 1 | remaining: 196s    
step 00604 (34.7%) | loss: 3.123401 | lrm: 1.00 | dt: 166ms | tok/sec: 1,583,343 | mfu: 38.3% | epoch: 1 | remaining: 196s    
step 00605 (34.7%) | loss: 3.123457 | lrm: 1.00 | dt: 161ms | tok/sec: 1,628,563 | mfu: 39.3% | epoch: 1 | remaining: 196s    
step 00606 (34.8%) | loss: 3.125295 | lrm: 1.00 | dt: 222ms | tok/sec: 1,181,783 | mfu: 28.6% | epoch: 1 | remaining: 195s    
step 00607 (34.8%) | loss: 3.125358 | lrm: 1.00 | dt: 201ms | tok/sec: 1,304,525 | mfu: 31.5% | epoch: 1 | remaining: 195s    
step 00608 (34.9%) | loss: 3.124728 | lrm: 1.00 | dt: 185ms | tok/sec: 1,417,963 | mfu: 34.3% | epoch: 1 | remaining: 195s    
step 00609 (35.0%) | loss: 3.122746 | lrm: 1.00 | dt: 200ms | tok/sec: 1,310,424 | mfu: 31.7% | epoch: 1 | remaining: 195s    
step 00610 (35.0%) | loss: 3.122885 | lrm: 1.00 | dt: 176ms | tok/sec: 1,493,530 | mfu: 36.1% | epoch: 1 | remaining: 195s    
step 00611 (35.1%) | loss: 3.122178 | lrm: 1.00 | dt: 162ms | tok/sec: 1,620,510 | mfu: 39.2% | epoch: 1 | remaining: 195s    
step 00612 (35.1%) | loss: 3.120391 | lrm: 1.00 | dt: 248ms | tok/sec: 1,055,032 | mfu: 25.5% | epoch: 1 | remaining: 194s    
step 00613 (35.2%) | loss: 3.117323 | lrm: 1.00 | dt: 184ms | tok/sec: 1,423,332 | mfu: 34.4% | epoch: 1 | remaining: 194s    
step 00614 (35.3%) | loss: 3.113796 | lrm: 1.00 | dt: 184ms | tok/sec: 1,426,251 | mfu: 34.5% | epoch: 1 | remaining: 194s    
step 00615 (35.4%) | loss: 3.110075 | lrm: 1.00 | dt: 160ms | tok/sec: 1,633,984 | mfu: 39.5% | epoch: 1 | remaining: 194s    
step 00616 (35.4%) | loss: 3.108042 | lrm: 1.00 | dt: 205ms | tok/sec: 1,280,535 | mfu: 30.9% | epoch: 1 | remaining: 194s    
step 00617 (35.5%) | loss: 3.106689 | lrm: 1.00 | dt: 184ms | tok/sec: 1,421,141 | mfu: 34.3% | epoch: 1 | remaining: 193s    
step 00618 (35.5%) | loss: 3.101841 | lrm: 1.00 | dt: 173ms | tok/sec: 1,517,155 | mfu: 36.7% | epoch: 1 | remaining: 193s    
step 00619 (35.6%) | loss: 3.100027 | lrm: 1.00 | dt: 160ms | tok/sec: 1,634,266 | mfu: 39.5% | epoch: 1 | remaining: 193s    
step 00620 (35.6%) | loss: 3.097218 | lrm: 1.00 | dt: 164ms | tok/sec: 1,598,345 | mfu: 38.6% | epoch: 1 | remaining: 193s    
step 00621 (35.7%) | loss: 3.101363 | lrm: 1.00 | dt: 163ms | tok/sec: 1,611,742 | mfu: 38.9% | epoch: 1 | remaining: 193s    
step 00622 (35.8%) | loss: 3.099138 | lrm: 1.00 | dt: 170ms | tok/sec: 1,540,819 | mfu: 37.2% | epoch: 1 | remaining: 193s    
step 00623 (35.8%) | loss: 3.102130 | lrm: 1.00 | dt: 173ms | tok/sec: 1,511,954 | mfu: 36.5% | epoch: 1 | remaining: 192s    
step 00624 (35.9%) | loss: 3.102468 | lrm: 1.00 | dt: 166ms | tok/sec: 1,575,134 | mfu: 38.1% | epoch: 1 | remaining: 192s    
step 00625 (35.9%) | loss: 3.103693 | lrm: 1.00 | dt: 164ms | tok/sec: 1,599,019 | mfu: 38.6% | epoch: 1 | remaining: 192s    
step 00626 (36.0%) | loss: 3.105771 | lrm: 1.00 | dt: 172ms | tok/sec: 1,521,015 | mfu: 36.8% | epoch: 1 | remaining: 192s    
step 00627 (36.0%) | loss: 3.105446 | lrm: 1.00 | dt: 166ms | tok/sec: 1,581,580 | mfu: 38.2% | epoch: 1 | remaining: 192s    
step 00628 (36.1%) | loss: 3.099390 | lrm: 1.00 | dt: 168ms | tok/sec: 1,564,967 | mfu: 37.8% | epoch: 1 | remaining: 192s    
step 00629 (36.2%) | loss: 3.096925 | lrm: 1.00 | dt: 167ms | tok/sec: 1,570,795 | mfu: 38.0% | epoch: 1 | remaining: 191s    
step 00630 (36.2%) | loss: 3.097621 | lrm: 1.00 | dt: 166ms | tok/sec: 1,578,492 | mfu: 38.1% | epoch: 1 | remaining: 191s    
step 00631 (36.3%) | loss: 3.097493 | lrm: 1.00 | dt: 166ms | tok/sec: 1,581,168 | mfu: 38.2% | epoch: 1 | remaining: 191s    
step 00632 (36.3%) | loss: 3.104802 | lrm: 1.00 | dt: 164ms | tok/sec: 1,597,396 | mfu: 38.6% | epoch: 1 | remaining: 191s    
step 00633 (36.4%) | loss: 3.107249 | lrm: 1.00 | dt: 197ms | tok/sec: 1,332,760 | mfu: 32.2% | epoch: 1 | remaining: 191s    
step 00634 (36.4%) | loss: 3.106029 | lrm: 1.00 | dt: 159ms | tok/sec: 1,648,341 | mfu: 39.8% | epoch: 1 | remaining: 191s    
step 00635 (36.5%) | loss: 3.101591 | lrm: 1.00 | dt: 232ms | tok/sec: 1,131,910 | mfu: 27.3% | epoch: 1 | remaining: 190s    
step 00636 (36.6%) | loss: 3.104717 | lrm: 1.00 | dt: 182ms | tok/sec: 1,438,789 | mfu: 34.8% | epoch: 1 | remaining: 190s    
step 00637 (36.6%) | loss: 3.103091 | lrm: 1.00 | dt: 182ms | tok/sec: 1,442,585 | mfu: 34.9% | epoch: 1 | remaining: 190s    
step 00638 (36.7%) | loss: 3.105462 | lrm: 1.00 | dt: 173ms | tok/sec: 1,517,985 | mfu: 36.7% | epoch: 1 | remaining: 190s    
step 00639 (36.7%) | loss: 3.106441 | lrm: 1.00 | dt: 196ms | tok/sec: 1,338,662 | mfu: 32.3% | epoch: 1 | remaining: 190s    
step 00640 (36.8%) | loss: 3.104205 | lrm: 1.00 | dt: 170ms | tok/sec: 1,544,398 | mfu: 37.3% | epoch: 1 | remaining: 189s    
step 00641 (36.9%) | loss: 3.103729 | lrm: 1.00 | dt: 219ms | tok/sec: 1,199,540 | mfu: 29.0% | epoch: 1 | remaining: 189s    
step 00642 (36.9%) | loss: 3.105232 | lrm: 1.00 | dt: 193ms | tok/sec: 1,355,281 | mfu: 32.7% | epoch: 1 | remaining: 189s    
step 00643 (37.0%) | loss: 3.109733 | lrm: 1.00 | dt: 159ms | tok/sec: 1,646,971 | mfu: 39.8% | epoch: 1 | remaining: 189s    
step 00644 (37.1%) | loss: 3.106816 | lrm: 1.00 | dt: 196ms | tok/sec: 1,336,854 | mfu: 32.3% | epoch: 1 | remaining: 189s    
step 00645 (37.1%) | loss: 3.103760 | lrm: 1.00 | dt: 166ms | tok/sec: 1,579,079 | mfu: 38.2% | epoch: 1 | remaining: 188s    
step 00646 (37.2%) | loss: 3.105306 | lrm: 1.00 | dt: 161ms | tok/sec: 1,630,783 | mfu: 39.4% | epoch: 1 | remaining: 188s    
step 00647 (37.2%) | loss: 3.102428 | lrm: 1.00 | dt: 172ms | tok/sec: 1,524,649 | mfu: 36.8% | epoch: 1 | remaining: 188s    
step 00648 (37.3%) | loss: 3.099912 | lrm: 1.00 | dt: 167ms | tok/sec: 1,570,497 | mfu: 37.9% | epoch: 1 | remaining: 188s    
step 00649 (37.3%) | loss: 3.100932 | lrm: 1.00 | dt: 165ms | tok/sec: 1,589,022 | mfu: 38.4% | epoch: 1 | remaining: 188s    
step 00650 (37.4%) | loss: 3.097129 | lrm: 1.00 | dt: 173ms | tok/sec: 1,515,413 | mfu: 36.6% | epoch: 1 | remaining: 188s    
step 00651 (37.5%) | loss: 3.095836 | lrm: 1.00 | dt: 167ms | tok/sec: 1,570,006 | mfu: 37.9% | epoch: 1 | remaining: 187s    
step 00652 (37.5%) | loss: 3.091776 | lrm: 1.00 | dt: 163ms | tok/sec: 1,609,569 | mfu: 38.9% | epoch: 1 | remaining: 187s    
step 00653 (37.6%) | loss: 3.096584 | lrm: 1.00 | dt: 163ms | tok/sec: 1,605,581 | mfu: 38.8% | epoch: 1 | remaining: 187s    
step 00654 (37.6%) | loss: 3.099274 | lrm: 1.00 | dt: 171ms | tok/sec: 1,536,218 | mfu: 37.1% | epoch: 1 | remaining: 187s    
step 00655 (37.7%) | loss: 3.104307 | lrm: 1.00 | dt: 166ms | tok/sec: 1,581,293 | mfu: 38.2% | epoch: 1 | remaining: 187s    
step 00656 (37.7%) | loss: 3.099615 | lrm: 1.00 | dt: 170ms | tok/sec: 1,543,637 | mfu: 37.3% | epoch: 1 | remaining: 187s    
step 00657 (37.8%) | loss: 3.095737 | lrm: 1.00 | dt: 167ms | tok/sec: 1,565,919 | mfu: 37.8% | epoch: 1 | remaining: 186s    
step 00658 (37.8%) | loss: 3.096220 | lrm: 1.00 | dt: 174ms | tok/sec: 1,508,995 | mfu: 36.5% | epoch: 1 | remaining: 186s    
step 00659 (37.9%) | loss: 3.098575 | lrm: 1.00 | dt: 162ms | tok/sec: 1,620,011 | mfu: 39.1% | epoch: 1 | remaining: 186s    
step 00660 (38.0%) | loss: 3.100830 | lrm: 1.00 | dt: 176ms | tok/sec: 1,492,320 | mfu: 36.1% | epoch: 1 | remaining: 186s    
step 00661 (38.0%) | loss: 3.099158 | lrm: 1.00 | dt: 162ms | tok/sec: 1,621,779 | mfu: 39.2% | epoch: 1 | remaining: 186s    
step 00662 (38.1%) | loss: 3.099514 | lrm: 1.00 | dt: 168ms | tok/sec: 1,564,252 | mfu: 37.8% | epoch: 1 | remaining: 186s    
step 00663 (38.1%) | loss: 3.102270 | lrm: 1.00 | dt: 166ms | tok/sec: 1,575,579 | mfu: 38.1% | epoch: 1 | remaining: 185s    
step 00664 (38.2%) | loss: 3.105521 | lrm: 1.00 | dt: 168ms | tok/sec: 1,562,372 | mfu: 37.7% | epoch: 1 | remaining: 185s    
step 00665 (38.2%) | loss: 3.104358 | lrm: 1.00 | dt: 166ms | tok/sec: 1,583,749 | mfu: 38.3% | epoch: 1 | remaining: 185s    
step 00666 (38.3%) | loss: 3.106616 | lrm: 1.00 | dt: 168ms | tok/sec: 1,556,037 | mfu: 37.6% | epoch: 1 | remaining: 185s    
step 00667 (38.4%) | loss: 3.105404 | lrm: 1.00 | dt: 166ms | tok/sec: 1,583,047 | mfu: 38.2% | epoch: 1 | remaining: 185s    
step 00668 (38.4%) | loss: 3.105334 | lrm: 1.00 | dt: 167ms | tok/sec: 1,571,999 | mfu: 38.0% | epoch: 1 | remaining: 185s    
step 00669 (38.5%) | loss: 3.104142 | lrm: 1.00 | dt: 166ms | tok/sec: 1,579,145 | mfu: 38.2% | epoch: 1 | remaining: 184s    
step 00670 (38.5%) | loss: 3.105357 | lrm: 1.00 | dt: 189ms | tok/sec: 1,386,175 | mfu: 33.5% | epoch: 1 | remaining: 184s    
step 00671 (38.6%) | loss: 3.102722 | lrm: 1.00 | dt: 161ms | tok/sec: 1,630,256 | mfu: 39.4% | epoch: 1 | remaining: 184s    
step 00672 (38.6%) | loss: 3.093720 | lrm: 1.00 | dt: 175ms | tok/sec: 1,495,081 | mfu: 36.1% | epoch: 1 | remaining: 184s    
step 00673 (38.7%) | loss: 3.096700 | lrm: 1.00 | dt: 161ms | tok/sec: 1,628,913 | mfu: 39.4% | epoch: 1 | remaining: 184s    
step 00674 (38.7%) | loss: 3.097352 | lrm: 1.00 | dt: 165ms | tok/sec: 1,587,052 | mfu: 38.3% | epoch: 1 | remaining: 184s    
step 00675 (38.8%) | loss: 3.102256 | lrm: 1.00 | dt: 168ms | tok/sec: 1,561,710 | mfu: 37.7% | epoch: 1 | remaining: 183s    
step 00676 (38.9%) | loss: 3.099464 | lrm: 1.00 | dt: 169ms | tok/sec: 1,547,158 | mfu: 37.4% | epoch: 1 | remaining: 183s    
step 00677 (38.9%) | loss: 3.098156 | lrm: 1.00 | dt: 165ms | tok/sec: 1,590,744 | mfu: 38.4% | epoch: 1 | remaining: 183s    
step 00678 (39.0%) | loss: 3.098415 | lrm: 1.00 | dt: 168ms | tok/sec: 1,563,267 | mfu: 37.8% | epoch: 1 | remaining: 183s    
step 00679 (39.0%) | loss: 3.099345 | lrm: 1.00 | dt: 165ms | tok/sec: 1,588,565 | mfu: 38.4% | epoch: 1 | remaining: 183s    
step 00680 (39.1%) | loss: 3.092878 | lrm: 1.00 | dt: 165ms | tok/sec: 1,592,901 | mfu: 38.5% | epoch: 1 | remaining: 183s    
step 00681 (39.1%) | loss: 3.096232 | lrm: 1.00 | dt: 168ms | tok/sec: 1,561,211 | mfu: 37.7% | epoch: 1 | remaining: 182s    
step 00682 (39.2%) | loss: 3.099228 | lrm: 1.00 | dt: 167ms | tok/sec: 1,572,795 | mfu: 38.0% | epoch: 1 | remaining: 182s    
step 00683 (39.2%) | loss: 3.103785 | lrm: 1.00 | dt: 165ms | tok/sec: 1,588,065 | mfu: 38.4% | epoch: 1 | remaining: 182s    
step 00684 (39.3%) | loss: 3.101103 | lrm: 1.00 | dt: 167ms | tok/sec: 1,569,806 | mfu: 37.9% | epoch: 1 | remaining: 182s    
step 00685 (39.4%) | loss: 3.102871 | lrm: 1.00 | dt: 162ms | tok/sec: 1,619,448 | mfu: 39.1% | epoch: 1 | remaining: 182s    
step 00686 (39.4%) | loss: 3.106370 | lrm: 1.00 | dt: 198ms | tok/sec: 1,323,755 | mfu: 32.0% | epoch: 1 | remaining: 182s    
step 00687 (39.5%) | loss: 3.102539 | lrm: 1.00 | dt: 170ms | tok/sec: 1,543,421 | mfu: 37.3% | epoch: 1 | remaining: 181s    
step 00688 (39.5%) | loss: 3.107004 | lrm: 1.00 | dt: 164ms | tok/sec: 1,597,600 | mfu: 38.6% | epoch: 1 | remaining: 181s    
step 00689 (39.6%) | loss: 3.106496 | lrm: 1.00 | dt: 176ms | tok/sec: 1,487,752 | mfu: 35.9% | epoch: 1 | remaining: 181s    
step 00690 (39.6%) | loss: 3.106218 | lrm: 1.00 | dt: 162ms | tok/sec: 1,619,460 | mfu: 39.1% | epoch: 1 | remaining: 181s    
step 00691 (39.7%) | loss: 3.111358 | lrm: 1.00 | dt: 166ms | tok/sec: 1,578,111 | mfu: 38.1% | epoch: 1 | remaining: 181s    
step 00692 (39.8%) | loss: 3.109155 | lrm: 1.00 | dt: 171ms | tok/sec: 1,534,332 | mfu: 37.1% | epoch: 1 | remaining: 181s    
step 00693 (39.8%) | loss: 3.105568 | lrm: 1.00 | dt: 165ms | tok/sec: 1,583,977 | mfu: 38.3% | epoch: 1 | remaining: 180s    
step 00694 (39.9%) | loss: 3.105469 | lrm: 1.00 | dt: 163ms | tok/sec: 1,605,152 | mfu: 38.8% | epoch: 1 | remaining: 180s    
step 00695 (39.9%) | loss: 3.100834 | lrm: 1.00 | dt: 164ms | tok/sec: 1,594,932 | mfu: 38.5% | epoch: 1 | remaining: 180s    
step 00696 (40.0%) | loss: 3.100903 | lrm: 1.00 | dt: 169ms | tok/sec: 1,547,640 | mfu: 37.4% | epoch: 1 | remaining: 180s    
step 00697 (40.0%) | loss: 3.098857 | lrm: 1.00 | dt: 167ms | tok/sec: 1,570,199 | mfu: 37.9% | epoch: 1 | remaining: 180s    
step 00698 (40.1%) | loss: 3.095221 | lrm: 1.00 | dt: 167ms | tok/sec: 1,568,228 | mfu: 37.9% | epoch: 1 | remaining: 180s    
step 00699 (40.1%) | loss: 3.095477 | lrm: 1.00 | dt: 166ms | tok/sec: 1,581,112 | mfu: 38.2% | epoch: 1 | remaining: 179s    
step 00700 (40.2%) | loss: 3.095194 | lrm: 1.00 | dt: 167ms | tok/sec: 1,569,957 | mfu: 37.9% | epoch: 1 | remaining: 179s    
step 00701 (40.3%) | loss: 3.094694 | lrm: 1.00 | dt: 166ms | tok/sec: 1,582,604 | mfu: 38.2% | epoch: 1 | remaining: 179s    
step 00702 (40.3%) | loss: 3.094771 | lrm: 1.00 | dt: 165ms | tok/sec: 1,588,878 | mfu: 38.4% | epoch: 1 | remaining: 179s    
step 00703 (40.4%) | loss: 3.094419 | lrm: 1.00 | dt: 166ms | tok/sec: 1,579,544 | mfu: 38.2% | epoch: 1 | remaining: 179s    
step 00704 (40.4%) | loss: 3.091626 | lrm: 1.00 | dt: 167ms | tok/sec: 1,573,128 | mfu: 38.0% | epoch: 1 | remaining: 179s    
step 00705 (40.5%) | loss: 3.090285 | lrm: 1.00 | dt: 182ms | tok/sec: 1,443,091 | mfu: 34.9% | epoch: 1 | remaining: 178s    
step 00706 (40.5%) | loss: 3.093993 | lrm: 1.00 | dt: 160ms | tok/sec: 1,642,216 | mfu: 39.7% | epoch: 1 | remaining: 178s    
step 00707 (40.6%) | loss: 3.094617 | lrm: 1.00 | dt: 161ms | tok/sec: 1,623,444 | mfu: 39.2% | epoch: 1 | remaining: 178s    
step 00708 (40.6%) | loss: 3.090957 | lrm: 1.00 | dt: 170ms | tok/sec: 1,544,231 | mfu: 37.3% | epoch: 1 | remaining: 178s    
step 00709 (40.7%) | loss: 3.087389 | lrm: 1.00 | dt: 166ms | tok/sec: 1,576,916 | mfu: 38.1% | epoch: 1 | remaining: 178s    
step 00710 (40.8%) | loss: 3.090290 | lrm: 1.00 | dt: 166ms | tok/sec: 1,578,852 | mfu: 38.1% | epoch: 1 | remaining: 178s    
step 00711 (40.8%) | loss: 3.085144 | lrm: 1.00 | dt: 170ms | tok/sec: 1,542,927 | mfu: 37.3% | epoch: 1 | remaining: 177s    
step 00712 (40.9%) | loss: 3.086120 | lrm: 1.00 | dt: 170ms | tok/sec: 1,545,327 | mfu: 37.3% | epoch: 1 | remaining: 177s    
step 00713 (40.9%) | loss: 3.090002 | lrm: 1.00 | dt: 162ms | tok/sec: 1,617,494 | mfu: 39.1% | epoch: 1 | remaining: 177s    
step 00714 (41.0%) | loss: 3.083986 | lrm: 1.00 | dt: 174ms | tok/sec: 1,510,421 | mfu: 36.5% | epoch: 1 | remaining: 177s    
step 00715 (41.0%) | loss: 3.088901 | lrm: 1.00 | dt: 163ms | tok/sec: 1,611,551 | mfu: 38.9% | epoch: 1 | remaining: 177s    
step 00716 (41.1%) | loss: 3.084781 | lrm: 1.00 | dt: 168ms | tok/sec: 1,563,794 | mfu: 37.8% | epoch: 1 | remaining: 177s    
step 00717 (41.1%) | loss: 3.088093 | lrm: 1.00 | dt: 193ms | tok/sec: 1,359,704 | mfu: 32.9% | epoch: 1 | remaining: 176s    
step 00718 (41.2%) | loss: 3.085425 | lrm: 1.00 | dt: 160ms | tok/sec: 1,634,640 | mfu: 39.5% | epoch: 1 | remaining: 176s    
step 00719 (41.3%) | loss: 3.087892 | lrm: 1.00 | dt: 160ms | tok/sec: 1,636,955 | mfu: 39.6% | epoch: 1 | remaining: 176s    
step 00720 (41.3%) | loss: 3.086518 | lrm: 1.00 | dt: 170ms | tok/sec: 1,538,566 | mfu: 37.2% | epoch: 1 | remaining: 176s    
step 00721 (41.4%) | loss: 3.086239 | lrm: 1.00 | dt: 163ms | tok/sec: 1,606,047 | mfu: 38.8% | epoch: 1 | remaining: 176s    
step 00722 (41.4%) | loss: 3.085333 | lrm: 1.00 | dt: 171ms | tok/sec: 1,532,529 | mfu: 37.0% | epoch: 1 | remaining: 176s    
step 00723 (41.5%) | loss: 3.086198 | lrm: 1.00 | dt: 173ms | tok/sec: 1,513,049 | mfu: 36.6% | epoch: 1 | remaining: 175s    
step 00724 (41.5%) | loss: 3.080000 | lrm: 1.00 | dt: 166ms | tok/sec: 1,582,873 | mfu: 38.2% | epoch: 1 | remaining: 175s    
step 00725 (41.6%) | loss: 3.076894 | lrm: 1.00 | dt: 163ms | tok/sec: 1,605,810 | mfu: 38.8% | epoch: 1 | remaining: 175s    
step 00726 (41.7%) | loss: 3.085306 | lrm: 1.00 | dt: 176ms | tok/sec: 1,492,247 | mfu: 36.1% | epoch: 1 | remaining: 175s    
step 00727 (41.7%) | loss: 3.087512 | lrm: 1.00 | dt: 220ms | tok/sec: 1,192,567 | mfu: 28.8% | epoch: 1 | remaining: 175s    
step 00728 (41.8%) | loss: 3.087917 | lrm: 1.00 | dt: 160ms | tok/sec: 1,637,606 | mfu: 39.6% | epoch: 1 | remaining: 174s    
step 00729 (41.8%) | loss: 3.085623 | lrm: 1.00 | dt: 169ms | tok/sec: 1,550,728 | mfu: 37.5% | epoch: 1 | remaining: 174s    
step 00730 (41.9%) | loss: 3.087720 | lrm: 1.00 | dt: 161ms | tok/sec: 1,623,693 | mfu: 39.2% | epoch: 1 | remaining: 174s    
step 00731 (41.9%) | loss: 3.087484 | lrm: 1.00 | dt: 169ms | tok/sec: 1,551,192 | mfu: 37.5% | epoch: 1 | remaining: 174s    
step 00732 (42.0%) | loss: 3.081018 | lrm: 1.00 | dt: 163ms | tok/sec: 1,611,468 | mfu: 38.9% | epoch: 1 | remaining: 174s    
step 00733 (42.1%) | loss: 3.079613 | lrm: 1.00 | dt: 178ms | tok/sec: 1,471,869 | mfu: 35.6% | epoch: 1 | remaining: 174s    
step 00734 (42.1%) | loss: 3.080806 | lrm: 1.00 | dt: 167ms | tok/sec: 1,570,968 | mfu: 38.0% | epoch: 1 | remaining: 173s    
step 00735 (42.2%) | loss: 3.083872 | lrm: 1.00 | dt: 164ms | tok/sec: 1,598,364 | mfu: 38.6% | epoch: 1 | remaining: 173s    
step 00736 (42.2%) | loss: 3.083241 | lrm: 1.00 | dt: 162ms | tok/sec: 1,619,093 | mfu: 39.1% | epoch: 1 | remaining: 173s    
step 00737 (42.3%) | loss: 3.084257 | lrm: 1.00 | dt: 163ms | tok/sec: 1,608,980 | mfu: 38.9% | epoch: 1 | remaining: 173s    
step 00738 (42.3%) | loss: 3.078656 | lrm: 1.00 | dt: 178ms | tok/sec: 1,469,758 | mfu: 35.5% | epoch: 1 | remaining: 173s    
step 00739 (42.4%) | loss: 3.080761 | lrm: 1.00 | dt: 168ms | tok/sec: 1,563,876 | mfu: 37.8% | epoch: 1 | remaining: 173s    
step 00740 (42.5%) | loss: 3.079608 | lrm: 1.00 | dt: 194ms | tok/sec: 1,353,251 | mfu: 32.7% | epoch: 1 | remaining: 172s    
step 00741 (42.5%) | loss: 3.077637 | lrm: 1.00 | dt: 158ms | tok/sec: 1,657,203 | mfu: 40.0% | epoch: 1 | remaining: 172s    
step 00742 (42.6%) | loss: 3.075238 | lrm: 1.00 | dt: 160ms | tok/sec: 1,634,920 | mfu: 39.5% | epoch: 1 | remaining: 172s    
step 00743 (42.6%) | loss: 3.075035 | lrm: 1.00 | dt: 163ms | tok/sec: 1,610,326 | mfu: 38.9% | epoch: 1 | remaining: 172s    
step 00744 (42.7%) | loss: 3.073032 | lrm: 1.00 | dt: 171ms | tok/sec: 1,534,413 | mfu: 37.1% | epoch: 1 | remaining: 172s    
step 00745 (42.7%) | loss: 3.077270 | lrm: 1.00 | dt: 168ms | tok/sec: 1,561,841 | mfu: 37.7% | epoch: 1 | remaining: 172s    
step 00746 (42.8%) | loss: 3.073527 | lrm: 1.00 | dt: 173ms | tok/sec: 1,518,840 | mfu: 36.7% | epoch: 1 | remaining: 171s    
step 00747 (42.8%) | loss: 3.075342 | lrm: 1.00 | dt: 162ms | tok/sec: 1,615,961 | mfu: 39.0% | epoch: 1 | remaining: 171s    
step 00748 (42.9%) | loss: 3.080843 | lrm: 1.00 | dt: 165ms | tok/sec: 1,588,246 | mfu: 38.4% | epoch: 1 | remaining: 171s    
step 00749 (43.0%) | loss: 3.076243 | lrm: 1.00 | dt: 162ms | tok/sec: 1,621,351 | mfu: 39.2% | epoch: 1 | remaining: 171s    
step 00750 (43.0%) | loss: 3.072066 | lrm: 1.00 | dt: 168ms | tok/sec: 1,556,196 | mfu: 37.6% | epoch: 1 | remaining: 171s    
step 00751 (43.1%) | loss: 3.072066 | lrm: 1.00 | dt: 168ms | tok/sec: 1,560,613 | mfu: 37.7% | epoch: 1 | remaining: 171s    
step 00752 (43.1%) | loss: 3.069081 | lrm: 1.00 | dt: 170ms | tok/sec: 1,539,636 | mfu: 37.2% | epoch: 1 | remaining: 170s    
step 00753 (43.2%) | loss: 3.071159 | lrm: 1.00 | dt: 167ms | tok/sec: 1,573,500 | mfu: 38.0% | epoch: 1 | remaining: 170s    
step 00754 (43.2%) | loss: 3.073861 | lrm: 1.00 | dt: 168ms | tok/sec: 1,564,844 | mfu: 37.8% | epoch: 1 | remaining: 170s    
step 00755 (43.3%) | loss: 3.073214 | lrm: 1.00 | dt: 184ms | tok/sec: 1,423,983 | mfu: 34.4% | epoch: 1 | remaining: 170s    
step 00756 (43.4%) | loss: 3.076933 | lrm: 1.00 | dt: 163ms | tok/sec: 1,611,518 | mfu: 38.9% | epoch: 1 | remaining: 170s    
step 00757 (43.4%) | loss: 3.078622 | lrm: 1.00 | dt: 167ms | tok/sec: 1,570,896 | mfu: 38.0% | epoch: 1 | remaining: 170s    
step 00758 (43.5%) | loss: 3.082293 | lrm: 1.00 | dt: 167ms | tok/sec: 1,565,495 | mfu: 37.8% | epoch: 1 | remaining: 169s    
step 00759 (43.5%) | loss: 3.080623 | lrm: 1.00 | dt: 166ms | tok/sec: 1,579,277 | mfu: 38.2% | epoch: 1 | remaining: 169s    
step 00760 (43.6%) | loss: 3.075817 | lrm: 1.00 | dt: 179ms | tok/sec: 1,462,336 | mfu: 35.3% | epoch: 1 | remaining: 169s    
step 00761 (43.6%) | loss: 3.069901 | lrm: 1.00 | dt: 164ms | tok/sec: 1,597,570 | mfu: 38.6% | epoch: 1 | remaining: 169s    
step 00762 (43.7%) | loss: 3.072269 | lrm: 1.00 | dt: 185ms | tok/sec: 1,414,492 | mfu: 34.2% | epoch: 1 | remaining: 169s    
step 00763 (43.7%) | loss: 3.074762 | lrm: 1.00 | dt: 158ms | tok/sec: 1,654,490 | mfu: 40.0% | epoch: 1 | remaining: 169s    
step 00764 (43.8%) | loss: 3.073740 | lrm: 1.00 | dt: 167ms | tok/sec: 1,573,606 | mfu: 38.0% | epoch: 1 | remaining: 168s    
step 00765 (43.9%) | loss: 3.071244 | lrm: 1.00 | dt: 166ms | tok/sec: 1,582,716 | mfu: 38.2% | epoch: 1 | remaining: 168s    
step 00766 (43.9%) | loss: 3.067687 | lrm: 1.00 | dt: 168ms | tok/sec: 1,564,319 | mfu: 37.8% | epoch: 1 | remaining: 168s    
step 00767 (44.0%) | loss: 3.066787 | lrm: 1.00 | dt: 168ms | tok/sec: 1,563,211 | mfu: 37.8% | epoch: 1 | remaining: 168s    
step 00768 (44.0%) | loss: 3.070641 | lrm: 1.00 | dt: 184ms | tok/sec: 1,427,386 | mfu: 34.5% | epoch: 1 | remaining: 168s    
step 00769 (44.1%) | loss: 3.072144 | lrm: 1.00 | dt: 162ms | tok/sec: 1,619,610 | mfu: 39.1% | epoch: 1 | remaining: 168s    
step 00770 (44.1%) | loss: 3.069478 | lrm: 1.00 | dt: 168ms | tok/sec: 1,563,074 | mfu: 37.8% | epoch: 1 | remaining: 167s    
step 00771 (44.2%) | loss: 3.072879 | lrm: 1.00 | dt: 178ms | tok/sec: 1,471,511 | mfu: 35.6% | epoch: 1 | remaining: 167s    
step 00772 (44.3%) | loss: 3.073240 | lrm: 1.00 | dt: 160ms | tok/sec: 1,641,022 | mfu: 39.6% | epoch: 1 | remaining: 167s    
step 00773 (44.3%) | loss: 3.076778 | lrm: 1.00 | dt: 164ms | tok/sec: 1,602,947 | mfu: 38.7% | epoch: 1 | remaining: 167s    
step 00774 (44.4%) | loss: 3.079557 | lrm: 1.00 | dt: 168ms | tok/sec: 1,561,832 | mfu: 37.7% | epoch: 1 | remaining: 167s    
step 00775 (44.4%) | loss: 3.078769 | lrm: 1.00 | dt: 165ms | tok/sec: 1,589,215 | mfu: 38.4% | epoch: 1 | remaining: 167s    
step 00776 (44.5%) | loss: 3.073087 | lrm: 1.00 | dt: 174ms | tok/sec: 1,504,972 | mfu: 36.4% | epoch: 1 | remaining: 166s    
step 00777 (44.5%) | loss: 3.072153 | lrm: 1.00 | dt: 166ms | tok/sec: 1,575,157 | mfu: 38.1% | epoch: 1 | remaining: 166s    
step 00778 (44.6%) | loss: 3.071663 | lrm: 1.00 | dt: 183ms | tok/sec: 1,432,859 | mfu: 34.6% | epoch: 1 | remaining: 166s    
step 00779 (44.6%) | loss: 3.073280 | lrm: 1.00 | dt: 160ms | tok/sec: 1,636,131 | mfu: 39.5% | epoch: 1 | remaining: 166s    
step 00780 (44.7%) | loss: 3.070737 | lrm: 1.00 | dt: 165ms | tok/sec: 1,587,437 | mfu: 38.4% | epoch: 1 | remaining: 166s    
step 00781 (44.8%) | loss: 3.071835 | lrm: 1.00 | dt: 164ms | tok/sec: 1,593,682 | mfu: 38.5% | epoch: 1 | remaining: 166s    
step 00782 (44.8%) | loss: 3.070038 | lrm: 1.00 | dt: 166ms | tok/sec: 1,580,950 | mfu: 38.2% | epoch: 1 | remaining: 165s    
step 00783 (44.9%) | loss: 3.068868 | lrm: 1.00 | dt: 277ms | tok/sec: 945,692 | mfu: 22.8% | epoch: 1 | remaining: 165s    
step 00784 (45.0%) | loss: 3.066062 | lrm: 1.00 | dt: 163ms | tok/sec: 1,610,803 | mfu: 38.9% | epoch: 1 | remaining: 165s    
step 00785 (45.0%) | loss: 3.062651 | lrm: 1.00 | dt: 187ms | tok/sec: 1,402,549 | mfu: 33.9% | epoch: 1 | remaining: 165s    
step 00786 (45.1%) | loss: 3.060901 | lrm: 1.00 | dt: 159ms | tok/sec: 1,647,726 | mfu: 39.8% | epoch: 1 | remaining: 165s    
step 00787 (45.1%) | loss: 3.062518 | lrm: 1.00 | dt: 293ms | tok/sec: 893,978 | mfu: 21.6% | epoch: 1 | remaining: 164s    
step 00788 (45.2%) | loss: 3.065745 | lrm: 1.00 | dt: 167ms | tok/sec: 1,565,506 | mfu: 37.8% | epoch: 1 | remaining: 164s    
step 00789 (45.3%) | loss: 3.062494 | lrm: 1.00 | dt: 159ms | tok/sec: 1,649,853 | mfu: 39.9% | epoch: 1 | remaining: 164s    
step 00790 (45.3%) | loss: 3.063392 | lrm: 1.00 | dt: 161ms | tok/sec: 1,630,626 | mfu: 39.4% | epoch: 1 | remaining: 164s    
step 00791 (45.4%) | loss: 3.059122 | lrm: 1.00 | dt: 161ms | tok/sec: 1,626,441 | mfu: 39.3% | epoch: 1 | remaining: 164s    
step 00792 (45.4%) | loss: 3.064444 | lrm: 1.00 | dt: 162ms | tok/sec: 1,621,189 | mfu: 39.2% | epoch: 1 | remaining: 164s    
step 00793 (45.5%) | loss: 3.058638 | lrm: 1.00 | dt: 183ms | tok/sec: 1,434,208 | mfu: 34.7% | epoch: 1 | remaining: 163s    
step 00794 (45.6%) | loss: 3.059872 | lrm: 1.00 | dt: 173ms | tok/sec: 1,517,937 | mfu: 36.7% | epoch: 1 | remaining: 163s    
step 00795 (45.6%) | loss: 3.062935 | lrm: 1.00 | dt: 161ms | tok/sec: 1,628,848 | mfu: 39.4% | epoch: 1 | remaining: 163s    
step 00796 (45.7%) | loss: 3.061600 | lrm: 1.00 | dt: 161ms | tok/sec: 1,631,015 | mfu: 39.4% | epoch: 1 | remaining: 163s    
step 00797 (45.7%) | loss: 3.063517 | lrm: 1.00 | dt: 180ms | tok/sec: 1,459,568 | mfu: 35.3% | epoch: 1 | remaining: 163s    
step 00798 (45.8%) | loss: 3.060357 | lrm: 1.00 | dt: 162ms | tok/sec: 1,617,004 | mfu: 39.1% | epoch: 1 | remaining: 162s    
step 00799 (45.8%) | loss: 3.053573 | lrm: 1.00 | dt: 256ms | tok/sec: 1,022,634 | mfu: 24.7% | epoch: 1 | remaining: 162s    
step 00800 (45.9%) | loss: 3.056055 | lrm: 1.00 | dt: 168ms | tok/sec: 1,562,321 | mfu: 37.7% | epoch: 1 | remaining: 162s    
step 00801 (46.0%) | loss: 3.055304 | lrm: 1.00 | dt: 189ms | tok/sec: 1,384,104 | mfu: 33.4% | epoch: 1 | remaining: 162s    
step 00802 (46.0%) | loss: 3.056945 | lrm: 1.00 | dt: 178ms | tok/sec: 1,473,285 | mfu: 35.6% | epoch: 1 | remaining: 162s    
step 00803 (46.1%) | loss: 3.051539 | lrm: 1.00 | dt: 160ms | tok/sec: 1,633,649 | mfu: 39.5% | epoch: 1 | remaining: 162s    
step 00804 (46.2%) | loss: 3.050407 | lrm: 1.00 | dt: 194ms | tok/sec: 1,347,858 | mfu: 32.6% | epoch: 1 | remaining: 161s    
step 00805 (46.2%) | loss: 3.050446 | lrm: 1.00 | dt: 160ms | tok/sec: 1,638,081 | mfu: 39.6% | epoch: 1 | remaining: 161s    
step 00806 (46.3%) | loss: 3.049758 | lrm: 1.00 | dt: 174ms | tok/sec: 1,510,255 | mfu: 36.5% | epoch: 1 | remaining: 161s    
step 00807 (46.3%) | loss: 3.048762 | lrm: 1.00 | dt: 201ms | tok/sec: 1,303,208 | mfu: 31.5% | epoch: 1 | remaining: 161s    
step 00808 (46.4%) | loss: 3.050882 | lrm: 1.00 | dt: 160ms | tok/sec: 1,638,635 | mfu: 39.6% | epoch: 1 | remaining: 161s    
step 00809 (46.4%) | loss: 3.049740 | lrm: 1.00 | dt: 162ms | tok/sec: 1,621,669 | mfu: 39.2% | epoch: 1 | remaining: 160s    
step 00810 (46.5%) | loss: 3.052181 | lrm: 1.00 | dt: 168ms | tok/sec: 1,559,821 | mfu: 37.7% | epoch: 1 | remaining: 160s    
step 00811 (46.6%) | loss: 3.052478 | lrm: 1.00 | dt: 162ms | tok/sec: 1,620,238 | mfu: 39.1% | epoch: 1 | remaining: 160s    
step 00812 (46.6%) | loss: 3.048936 | lrm: 1.00 | dt: 163ms | tok/sec: 1,607,832 | mfu: 38.8% | epoch: 1 | remaining: 160s    
step 00813 (46.7%) | loss: 3.052666 | lrm: 1.00 | dt: 172ms | tok/sec: 1,524,252 | mfu: 36.8% | epoch: 1 | remaining: 160s    
step 00814 (46.7%) | loss: 3.052964 | lrm: 1.00 | dt: 167ms | tok/sec: 1,566,003 | mfu: 37.8% | epoch: 1 | remaining: 160s    
step 00815 (46.8%) | loss: 3.055473 | lrm: 1.00 | dt: 162ms | tok/sec: 1,622,629 | mfu: 39.2% | epoch: 1 | remaining: 159s    
step 00816 (46.8%) | loss: 3.057717 | lrm: 1.00 | dt: 166ms | tok/sec: 1,574,784 | mfu: 38.0% | epoch: 1 | remaining: 159s    
step 00817 (46.9%) | loss: 3.050946 | lrm: 1.00 | dt: 189ms | tok/sec: 1,383,567 | mfu: 33.4% | epoch: 1 | remaining: 159s    
step 00818 (47.0%) | loss: 3.049512 | lrm: 1.00 | dt: 166ms | tok/sec: 1,576,645 | mfu: 38.1% | epoch: 1 | remaining: 159s    
step 00819 (47.0%) | loss: 3.051592 | lrm: 1.00 | dt: 181ms | tok/sec: 1,446,286 | mfu: 34.9% | epoch: 1 | remaining: 159s    
step 00820 (47.1%) | loss: 3.052946 | lrm: 1.00 | dt: 160ms | tok/sec: 1,638,992 | mfu: 39.6% | epoch: 1 | remaining: 159s    
step 00821 (47.1%) | loss: 3.058839 | lrm: 1.00 | dt: 180ms | tok/sec: 1,459,188 | mfu: 35.3% | epoch: 1 | remaining: 158s    
step 00822 (47.2%) | loss: 3.061661 | lrm: 1.00 | dt: 161ms | tok/sec: 1,625,784 | mfu: 39.3% | epoch: 1 | remaining: 158s    
step 00823 (47.2%) | loss: 3.067106 | lrm: 1.00 | dt: 170ms | tok/sec: 1,543,785 | mfu: 37.3% | epoch: 1 | remaining: 158s    
step 00824 (47.3%) | loss: 3.065574 | lrm: 1.00 | dt: 164ms | tok/sec: 1,602,396 | mfu: 38.7% | epoch: 1 | remaining: 158s    
step 00825 (47.3%) | loss: 3.062559 | lrm: 1.00 | dt: 166ms | tok/sec: 1,578,367 | mfu: 38.1% | epoch: 1 | remaining: 158s    
step 00826 (47.4%) | loss: 3.059769 | lrm: 1.00 | dt: 165ms | tok/sec: 1,590,834 | mfu: 38.4% | epoch: 1 | remaining: 158s    
step 00827 (47.5%) | loss: 3.063389 | lrm: 1.00 | dt: 227ms | tok/sec: 1,154,637 | mfu: 27.9% | epoch: 1 | remaining: 157s    
step 00828 (47.5%) | loss: 3.065294 | lrm: 1.00 | dt: 174ms | tok/sec: 1,510,843 | mfu: 36.5% | epoch: 1 | remaining: 157s    
step 00829 (47.6%) | loss: 3.063521 | lrm: 1.00 | dt: 161ms | tok/sec: 1,630,326 | mfu: 39.4% | epoch: 1 | remaining: 157s    
step 00830 (47.6%) | loss: 3.054841 | lrm: 1.00 | dt: 164ms | tok/sec: 1,602,403 | mfu: 38.7% | epoch: 1 | remaining: 157s    
step 00831 (47.7%) | loss: 3.053755 | lrm: 1.00 | dt: 163ms | tok/sec: 1,610,338 | mfu: 38.9% | epoch: 1 | remaining: 157s    
step 00832 (47.8%) | loss: 3.055761 | lrm: 1.00 | dt: 162ms | tok/sec: 1,621,385 | mfu: 39.2% | epoch: 1 | remaining: 157s    
step 00833 (47.8%) | loss: 3.058013 | lrm: 1.00 | dt: 178ms | tok/sec: 1,473,609 | mfu: 35.6% | epoch: 1 | remaining: 156s    
step 00834 (47.9%) | loss: 3.056414 | lrm: 1.00 | dt: 169ms | tok/sec: 1,548,411 | mfu: 37.4% | epoch: 1 | remaining: 156s    
step 00835 (47.9%) | loss: 3.059521 | lrm: 1.00 | dt: 164ms | tok/sec: 1,595,423 | mfu: 38.5% | epoch: 1 | remaining: 156s    
step 00836 (48.0%) | loss: 3.061759 | lrm: 1.00 | dt: 163ms | tok/sec: 1,604,517 | mfu: 38.8% | epoch: 1 | remaining: 156s    
step 00837 (48.0%) | loss: 3.062123 | lrm: 1.00 | dt: 239ms | tok/sec: 1,097,894 | mfu: 26.5% | epoch: 1 | remaining: 156s    
step 00838 (48.1%) | loss: 3.063308 | lrm: 1.00 | dt: 159ms | tok/sec: 1,652,846 | mfu: 39.9% | epoch: 1 | remaining: 156s    
step 00839 (48.2%) | loss: 3.056802 | lrm: 1.00 | dt: 175ms | tok/sec: 1,500,611 | mfu: 36.3% | epoch: 1 | remaining: 155s    
step 00840 (48.2%) | loss: 3.055701 | lrm: 1.00 | dt: 160ms | tok/sec: 1,639,843 | mfu: 39.6% | epoch: 1 | remaining: 155s    
step 00841 (48.3%) | loss: 3.054082 | lrm: 1.00 | dt: 196ms | tok/sec: 1,338,427 | mfu: 32.3% | epoch: 1 | remaining: 155s    
step 00842 (48.3%) | loss: 3.051761 | lrm: 1.00 | dt: 161ms | tok/sec: 1,626,626 | mfu: 39.3% | epoch: 1 | remaining: 155s    
step 00843 (48.4%) | loss: 3.048026 | lrm: 1.00 | dt: 192ms | tok/sec: 1,366,540 | mfu: 33.0% | epoch: 1 | remaining: 155s    
step 00844 (48.5%) | loss: 3.049957 | lrm: 1.00 | dt: 217ms | tok/sec: 1,209,987 | mfu: 29.2% | epoch: 1 | remaining: 154s    
step 00845 (48.5%) | loss: 3.049512 | lrm: 1.00 | dt: 160ms | tok/sec: 1,638,272 | mfu: 39.6% | epoch: 1 | remaining: 154s    
step 00846 (48.6%) | loss: 3.044147 | lrm: 1.00 | dt: 178ms | tok/sec: 1,475,773 | mfu: 35.7% | epoch: 1 | remaining: 154s    
step 00847 (48.6%) | loss: 3.051274 | lrm: 1.00 | dt: 159ms | tok/sec: 1,648,374 | mfu: 39.8% | epoch: 1 | remaining: 154s    
step 00848 (48.7%) | loss: 3.048949 | lrm: 1.00 | dt: 164ms | tok/sec: 1,600,994 | mfu: 38.7% | epoch: 1 | remaining: 154s    
step 00849 (48.8%) | loss: 3.051380 | lrm: 1.00 | dt: 168ms | tok/sec: 1,562,987 | mfu: 37.8% | epoch: 1 | remaining: 154s    
step 00850 (48.8%) | loss: 3.052319 | lrm: 1.00 | dt: 177ms | tok/sec: 1,477,371 | mfu: 35.7% | epoch: 1 | remaining: 153s    
step 00851 (48.9%) | loss: 3.053839 | lrm: 1.00 | dt: 176ms | tok/sec: 1,485,973 | mfu: 35.9% | epoch: 1 | remaining: 153s    
step 00852 (48.9%) | loss: 3.051131 | lrm: 1.00 | dt: 160ms | tok/sec: 1,642,972 | mfu: 39.7% | epoch: 1 | remaining: 153s    
step 00853 (49.0%) | loss: 3.047334 | lrm: 1.00 | dt: 198ms | tok/sec: 1,321,239 | mfu: 31.9% | epoch: 1 | remaining: 153s    
step 00854 (49.0%) | loss: 3.049085 | lrm: 1.00 | dt: 160ms | tok/sec: 1,638,360 | mfu: 39.6% | epoch: 1 | remaining: 153s    
step 00855 (49.1%) | loss: 3.050168 | lrm: 1.00 | dt: 198ms | tok/sec: 1,326,488 | mfu: 32.0% | epoch: 1 | remaining: 153s    
step 00856 (49.2%) | loss: 3.049504 | lrm: 1.00 | dt: 161ms | tok/sec: 1,629,186 | mfu: 39.4% | epoch: 1 | remaining: 152s    
step 00857 (49.2%) | loss: 3.047530 | lrm: 1.00 | dt: 169ms | tok/sec: 1,552,706 | mfu: 37.5% | epoch: 1 | remaining: 152s    
step 00858 (49.3%) | loss: 3.048430 | lrm: 1.00 | dt: 161ms | tok/sec: 1,631,761 | mfu: 39.4% | epoch: 1 | remaining: 152s    
step 00859 (49.3%) | loss: 3.043581 | lrm: 1.00 | dt: 172ms | tok/sec: 1,526,936 | mfu: 36.9% | epoch: 1 | remaining: 152s    
step 00860 (49.4%) | loss: 3.040953 | lrm: 1.00 | dt: 208ms | tok/sec: 1,262,986 | mfu: 30.5% | epoch: 1 | remaining: 152s    
step 00861 (49.5%) | loss: 3.044007 | lrm: 1.00 | dt: 159ms | tok/sec: 1,648,749 | mfu: 39.8% | epoch: 1 | remaining: 151s    
step 00862 (49.5%) | loss: 3.048278 | lrm: 1.00 | dt: 177ms | tok/sec: 1,483,196 | mfu: 35.8% | epoch: 1 | remaining: 151s    
step 00863 (49.6%) | loss: 3.048790 | lrm: 1.00 | dt: 159ms | tok/sec: 1,646,613 | mfu: 39.8% | epoch: 1 | remaining: 151s    
step 00864 (49.6%) | loss: 3.048394 | lrm: 1.00 | dt: 172ms | tok/sec: 1,526,211 | mfu: 36.9% | epoch: 1 | remaining: 151s    
step 00865 (49.7%) | loss: 3.047722 | lrm: 1.00 | dt: 164ms | tok/sec: 1,597,052 | mfu: 38.6% | epoch: 1 | remaining: 151s    
step 00866 (49.7%) | loss: 3.050321 | lrm: 1.00 | dt: 172ms | tok/sec: 1,527,190 | mfu: 36.9% | epoch: 1 | remaining: 151s    
step 00867 (49.8%) | loss: 3.047617 | lrm: 1.00 | dt: 197ms | tok/sec: 1,331,324 | mfu: 32.2% | epoch: 1 | remaining: 150s    
step 00868 (49.9%) | loss: 3.048069 | lrm: 1.00 | dt: 184ms | tok/sec: 1,424,590 | mfu: 34.4% | epoch: 1 | remaining: 150s    
step 00869 (49.9%) | loss: 3.052309 | lrm: 1.00 | dt: 197ms | tok/sec: 1,331,364 | mfu: 32.2% | epoch: 1 | remaining: 150s    
step 00870 (50.0%) | loss: 3.052139 | lrm: 1.00 | dt: 176ms | tok/sec: 1,489,316 | mfu: 36.0% | epoch: 1 | remaining: 150s    
step 00871 (50.0%) | loss: 3.048188 | lrm: 1.00 | dt: 160ms | tok/sec: 1,634,839 | mfu: 39.5% | epoch: 1 | remaining: 150s    
step 00872 (50.1%) | loss: 3.051436 | lrm: 1.00 | dt: 242ms | tok/sec: 1,082,461 | mfu: 26.2% | epoch: 1 | remaining: 149s    
step 00873 (50.2%) | loss: 3.053482 | lrm: 1.00 | dt: 160ms | tok/sec: 1,635,776 | mfu: 39.5% | epoch: 1 | remaining: 149s    
step 00874 (50.2%) | loss: 3.052261 | lrm: 1.00 | dt: 195ms | tok/sec: 1,343,028 | mfu: 32.4% | epoch: 1 | remaining: 149s    
step 00875 (50.3%) | loss: 3.056189 | lrm: 0.99 | dt: 159ms | tok/sec: 1,646,835 | mfu: 39.8% | epoch: 1 | remaining: 149s    
step 00876 (50.3%) | loss: 3.051106 | lrm: 0.99 | dt: 220ms | tok/sec: 1,189,561 | mfu: 28.7% | epoch: 1 | remaining: 149s    
step 00877 (50.4%) | loss: 3.052400 | lrm: 0.99 | dt: 160ms | tok/sec: 1,642,879 | mfu: 39.7% | epoch: 1 | remaining: 149s    
step 00878 (50.5%) | loss: 3.051356 | lrm: 0.99 | dt: 160ms | tok/sec: 1,640,332 | mfu: 39.6% | epoch: 1 | remaining: 148s    
step 00879 (50.5%) | loss: 3.052777 | lrm: 0.99 | dt: 175ms | tok/sec: 1,497,509 | mfu: 36.2% | epoch: 1 | remaining: 148s    
step 00880 (50.6%) | loss: 3.051469 | lrm: 0.99 | dt: 219ms | tok/sec: 1,195,191 | mfu: 28.9% | epoch: 1 | remaining: 148s    
step 00881 (50.7%) | loss: 3.050222 | lrm: 0.99 | dt: 180ms | tok/sec: 1,457,955 | mfu: 35.2% | epoch: 1 | remaining: 148s    
step 00882 (50.7%) | loss: 3.049579 | lrm: 0.99 | dt: 160ms | tok/sec: 1,642,412 | mfu: 39.7% | epoch: 1 | remaining: 148s    
step 00883 (50.8%) | loss: 3.058390 | lrm: 0.98 | dt: 179ms | tok/sec: 1,462,528 | mfu: 35.3% | epoch: 1 | remaining: 148s    
step 00884 (50.8%) | loss: 3.055721 | lrm: 0.98 | dt: 183ms | tok/sec: 1,431,616 | mfu: 34.6% | epoch: 1 | remaining: 147s    
step 00885 (50.9%) | loss: 3.058341 | lrm: 0.98 | dt: 161ms | tok/sec: 1,624,765 | mfu: 39.3% | epoch: 1 | remaining: 147s    
step 00886 (50.9%) | loss: 3.057730 | lrm: 0.98 | dt: 169ms | tok/sec: 1,554,570 | mfu: 37.6% | epoch: 1 | remaining: 147s    
step 00887 (51.0%) | loss: 3.052749 | lrm: 0.98 | dt: 172ms | tok/sec: 1,527,451 | mfu: 36.9% | epoch: 1 | remaining: 147s    
step 00888 (51.1%) | loss: 3.054110 | lrm: 0.98 | dt: 171ms | tok/sec: 1,531,494 | mfu: 37.0% | epoch: 1 | remaining: 147s    
step 00889 (51.1%) | loss: 3.058183 | lrm: 0.98 | dt: 165ms | tok/sec: 1,589,234 | mfu: 38.4% | epoch: 1 | remaining: 146s    
step 00890 (51.2%) | loss: 3.059439 | lrm: 0.98 | dt: 163ms | tok/sec: 1,611,192 | mfu: 38.9% | epoch: 1 | remaining: 146s    
step 00891 (51.2%) | loss: 3.059477 | lrm: 0.98 | dt: 164ms | tok/sec: 1,597,521 | mfu: 38.6% | epoch: 1 | remaining: 146s    
step 00892 (51.3%) | loss: 3.056779 | lrm: 0.97 | dt: 167ms | tok/sec: 1,570,241 | mfu: 37.9% | epoch: 1 | remaining: 146s    
step 00893 (51.3%) | loss: 3.055211 | lrm: 0.97 | dt: 183ms | tok/sec: 1,434,189 | mfu: 34.7% | epoch: 1 | remaining: 146s    
step 00894 (51.4%) | loss: 3.049951 | lrm: 0.97 | dt: 163ms | tok/sec: 1,606,829 | mfu: 38.8% | epoch: 1 | remaining: 146s    
step 00895 (51.4%) | loss: 3.044139 | lrm: 0.97 | dt: 168ms | tok/sec: 1,560,744 | mfu: 37.7% | epoch: 1 | remaining: 145s    
step 00896 (51.5%) | loss: 3.046807 | lrm: 0.97 | dt: 161ms | tok/sec: 1,623,683 | mfu: 39.2% | epoch: 1 | remaining: 145s    
step 00897 (51.6%) | loss: 3.046070 | lrm: 0.97 | dt: 167ms | tok/sec: 1,571,280 | mfu: 38.0% | epoch: 1 | remaining: 145s    
step 00898 (51.6%) | loss: 3.043680 | lrm: 0.97 | dt: 168ms | tok/sec: 1,562,569 | mfu: 37.8% | epoch: 1 | remaining: 145s    
step 00899 (51.7%) | loss: 3.044278 | lrm: 0.97 | dt: 168ms | tok/sec: 1,557,245 | mfu: 37.6% | epoch: 1 | remaining: 145s    
step 00900 (51.7%) | loss: 3.039648 | lrm: 0.97 | dt: 201ms | tok/sec: 1,304,061 | mfu: 31.5% | epoch: 1 | remaining: 145s    
step 00901 (51.8%) | loss: 3.038800 | lrm: 0.96 | dt: 195ms | tok/sec: 1,344,484 | mfu: 32.5% | epoch: 1 | remaining: 144s    
step 00902 (51.9%) | loss: 3.042647 | lrm: 0.96 | dt: 164ms | tok/sec: 1,597,217 | mfu: 38.6% | epoch: 1 | remaining: 144s    
step 00903 (51.9%) | loss: 3.041049 | lrm: 0.96 | dt: 167ms | tok/sec: 1,568,241 | mfu: 37.9% | epoch: 1 | remaining: 144s    
step 00904 (52.0%) | loss: 3.044691 | lrm: 0.96 | dt: 160ms | tok/sec: 1,642,412 | mfu: 39.7% | epoch: 1 | remaining: 144s    
step 00905 (52.0%) | loss: 3.039987 | lrm: 0.96 | dt: 164ms | tok/sec: 1,600,250 | mfu: 38.7% | epoch: 1 | remaining: 144s    
step 00906 (52.1%) | loss: 3.037389 | lrm: 0.96 | dt: 172ms | tok/sec: 1,526,709 | mfu: 36.9% | epoch: 1 | remaining: 144s    
step 00907 (52.1%) | loss: 3.040373 | lrm: 0.96 | dt: 174ms | tok/sec: 1,509,316 | mfu: 36.5% | epoch: 1 | remaining: 143s    
step 00908 (52.2%) | loss: 3.037438 | lrm: 0.96 | dt: 165ms | tok/sec: 1,583,975 | mfu: 38.3% | epoch: 1 | remaining: 143s    
step 00909 (52.2%) | loss: 3.033987 | lrm: 0.96 | dt: 166ms | tok/sec: 1,576,738 | mfu: 38.1% | epoch: 1 | remaining: 143s    
step 00910 (52.3%) | loss: 3.030610 | lrm: 0.95 | dt: 160ms | tok/sec: 1,637,830 | mfu: 39.6% | epoch: 1 | remaining: 143s    
step 00911 (52.4%) | loss: 3.033146 | lrm: 0.95 | dt: 189ms | tok/sec: 1,390,305 | mfu: 33.6% | epoch: 1 | remaining: 143s    
step 00912 (52.4%) | loss: 3.033458 | lrm: 0.95 | dt: 204ms | tok/sec: 1,284,931 | mfu: 31.0% | epoch: 1 | remaining: 143s    
step 00913 (52.5%) | loss: 3.035474 | lrm: 0.95 | dt: 199ms | tok/sec: 1,319,417 | mfu: 31.9% | epoch: 1 | remaining: 142s    
step 00914 (52.6%) | loss: 3.033910 | lrm: 0.95 | dt: 226ms | tok/sec: 1,162,307 | mfu: 28.1% | epoch: 1 | remaining: 142s    
step 00915 (52.6%) | loss: 3.034588 | lrm: 0.95 | dt: 160ms | tok/sec: 1,642,368 | mfu: 39.7% | epoch: 1 | remaining: 142s    
step 00916 (52.7%) | loss: 3.030274 | lrm: 0.95 | dt: 164ms | tok/sec: 1,598,929 | mfu: 38.6% | epoch: 1 | remaining: 142s    
step 00917 (52.7%) | loss: 3.030002 | lrm: 0.95 | dt: 167ms | tok/sec: 1,571,204 | mfu: 38.0% | epoch: 1 | remaining: 142s    
step 00918 (52.8%) | loss: 3.032849 | lrm: 0.94 | dt: 160ms | tok/sec: 1,633,351 | mfu: 39.5% | epoch: 1 | remaining: 141s    
step 00919 (52.8%) | loss: 3.033237 | lrm: 0.94 | dt: 167ms | tok/sec: 1,566,952 | mfu: 37.9% | epoch: 1 | remaining: 141s    
step 00920 (52.9%) | loss: 3.035316 | lrm: 0.94 | dt: 177ms | tok/sec: 1,482,696 | mfu: 35.8% | epoch: 1 | remaining: 141s    
step 00921 (53.0%) | loss: 3.033508 | lrm: 0.94 | dt: 179ms | tok/sec: 1,463,615 | mfu: 35.4% | epoch: 1 | remaining: 141s    
step 00922 (53.0%) | loss: 3.036999 | lrm: 0.94 | dt: 161ms | tok/sec: 1,626,393 | mfu: 39.3% | epoch: 1 | remaining: 141s    
step 00923 (53.1%) | loss: 3.035540 | lrm: 0.94 | dt: 165ms | tok/sec: 1,585,766 | mfu: 38.3% | epoch: 1 | remaining: 141s    
step 00924 (53.1%) | loss: 3.037325 | lrm: 0.94 | dt: 160ms | tok/sec: 1,635,058 | mfu: 39.5% | epoch: 1 | remaining: 140s    
step 00925 (53.2%) | loss: 3.035790 | lrm: 0.94 | dt: 166ms | tok/sec: 1,581,196 | mfu: 38.2% | epoch: 1 | remaining: 140s    
step 00926 (53.2%) | loss: 3.035606 | lrm: 0.94 | dt: 174ms | tok/sec: 1,506,919 | mfu: 36.4% | epoch: 1 | remaining: 140s    
step 00927 (53.3%) | loss: 3.033670 | lrm: 0.93 | dt: 168ms | tok/sec: 1,564,446 | mfu: 37.8% | epoch: 1 | remaining: 140s    
step 00928 (53.4%) | loss: 3.035905 | lrm: 0.93 | dt: 262ms | tok/sec: 999,860 | mfu: 24.2% | epoch: 1 | remaining: 140s    
step 00929 (53.4%) | loss: 3.039316 | lrm: 0.93 | dt: 164ms | tok/sec: 1,595,972 | mfu: 38.6% | epoch: 1 | remaining: 140s    
step 00930 (53.5%) | loss: 3.039809 | lrm: 0.93 | dt: 171ms | tok/sec: 1,532,008 | mfu: 37.0% | epoch: 1 | remaining: 139s    
step 00931 (53.6%) | loss: 3.035009 | lrm: 0.93 | dt: 166ms | tok/sec: 1,576,073 | mfu: 38.1% | epoch: 1 | remaining: 139s    
step 00932 (53.6%) | loss: 3.032226 | lrm: 0.93 | dt: 161ms | tok/sec: 1,630,749 | mfu: 39.4% | epoch: 1 | remaining: 139s    
step 00933 (53.7%) | loss: 3.031737 | lrm: 0.93 | dt: 162ms | tok/sec: 1,621,406 | mfu: 39.2% | epoch: 1 | remaining: 139s    
step 00934 (53.7%) | loss: 3.031054 | lrm: 0.93 | dt: 180ms | tok/sec: 1,452,804 | mfu: 35.1% | epoch: 1 | remaining: 139s    
step 00935 (53.8%) | loss: 3.027250 | lrm: 0.92 | dt: 168ms | tok/sec: 1,564,829 | mfu: 37.8% | epoch: 1 | remaining: 139s    
step 00936 (53.8%) | loss: 3.029899 | lrm: 0.92 | dt: 162ms | tok/sec: 1,620,610 | mfu: 39.2% | epoch: 1 | remaining: 138s    
step 00937 (53.9%) | loss: 3.030516 | lrm: 0.92 | dt: 193ms | tok/sec: 1,356,149 | mfu: 32.8% | epoch: 1 | remaining: 138s    
step 00938 (53.9%) | loss: 3.036162 | lrm: 0.92 | dt: 179ms | tok/sec: 1,461,896 | mfu: 35.3% | epoch: 1 | remaining: 138s    
step 00939 (54.0%) | loss: 3.030321 | lrm: 0.92 | dt: 184ms | tok/sec: 1,424,677 | mfu: 34.4% | epoch: 1 | remaining: 138s    
step 00940 (54.1%) | loss: 3.032239 | lrm: 0.92 | dt: 162ms | tok/sec: 1,621,342 | mfu: 39.2% | epoch: 1 | remaining: 138s    
step 00941 (54.1%) | loss: 3.023571 | lrm: 0.92 | dt: 162ms | tok/sec: 1,620,615 | mfu: 39.2% | epoch: 1 | remaining: 137s    
step 00942 (54.2%) | loss: 3.027619 | lrm: 0.92 | dt: 175ms | tok/sec: 1,494,726 | mfu: 36.1% | epoch: 1 | remaining: 137s    
step 00943 (54.2%) | loss: 3.024996 | lrm: 0.92 | dt: 164ms | tok/sec: 1,597,602 | mfu: 38.6% | epoch: 1 | remaining: 137s    
step 00944 (54.3%) | loss: 3.026638 | lrm: 0.91 | dt: 175ms | tok/sec: 1,499,156 | mfu: 36.2% | epoch: 1 | remaining: 137s    
step 00945 (54.3%) | loss: 3.026313 | lrm: 0.91 | dt: 167ms | tok/sec: 1,570,380 | mfu: 37.9% | epoch: 1 | remaining: 137s    
step 00946 (54.4%) | loss: 3.019197 | lrm: 0.91 | dt: 172ms | tok/sec: 1,522,721 | mfu: 36.8% | epoch: 1 | remaining: 137s    
step 00947 (54.5%) | loss: 3.021037 | lrm: 0.91 | dt: 164ms | tok/sec: 1,596,090 | mfu: 38.6% | epoch: 1 | remaining: 136s    
step 00948 (54.5%) | loss: 3.018760 | lrm: 0.91 | dt: 165ms | tok/sec: 1,587,785 | mfu: 38.4% | epoch: 1 | remaining: 136s    
step 00949 (54.6%) | loss: 3.019675 | lrm: 0.91 | dt: 180ms | tok/sec: 1,453,968 | mfu: 35.1% | epoch: 1 | remaining: 136s    
step 00950 (54.6%) | loss: 3.017035 | lrm: 0.91 | dt: 161ms | tok/sec: 1,626,241 | mfu: 39.3% | epoch: 1 | remaining: 136s    
step 00951 (54.7%) | loss: 3.018879 | lrm: 0.91 | dt: 184ms | tok/sec: 1,428,399 | mfu: 34.5% | epoch: 1 | remaining: 136s    
step 00952 (54.7%) | loss: 3.024749 | lrm: 0.91 | dt: 170ms | tok/sec: 1,543,427 | mfu: 37.3% | epoch: 1 | remaining: 136s    
step 00953 (54.8%) | loss: 3.030655 | lrm: 0.90 | dt: 177ms | tok/sec: 1,480,219 | mfu: 35.8% | epoch: 1 | remaining: 135s    
step 00954 (54.9%) | loss: 3.031626 | lrm: 0.90 | dt: 171ms | tok/sec: 1,532,147 | mfu: 37.0% | epoch: 1 | remaining: 135s    
step 00955 (54.9%) | loss: 3.025959 | lrm: 0.90 | dt: 163ms | tok/sec: 1,607,158 | mfu: 38.8% | epoch: 1 | remaining: 135s    
step 00956 (55.0%) | loss: 3.024485 | lrm: 0.90 | dt: 176ms | tok/sec: 1,490,408 | mfu: 36.0% | epoch: 1 | remaining: 135s    
step 00957 (55.0%) | loss: 3.024380 | lrm: 0.90 | dt: 175ms | tok/sec: 1,497,978 | mfu: 36.2% | epoch: 1 | remaining: 135s    
step 00958 (55.1%) | loss: 3.027488 | lrm: 0.90 | dt: 181ms | tok/sec: 1,449,380 | mfu: 35.0% | epoch: 1 | remaining: 135s    
step 00959 (55.2%) | loss: 3.023009 | lrm: 0.90 | dt: 211ms | tok/sec: 1,243,535 | mfu: 30.0% | epoch: 1 | remaining: 134s    
step 00960 (55.2%) | loss: 3.021928 | lrm: 0.90 | dt: 159ms | tok/sec: 1,647,763 | mfu: 39.8% | epoch: 1 | remaining: 134s    
step 00961 (55.3%) | loss: 3.020474 | lrm: 0.89 | dt: 177ms | tok/sec: 1,479,647 | mfu: 35.8% | epoch: 1 | remaining: 134s    
step 00962 (55.3%) | loss: 3.020117 | lrm: 0.89 | dt: 169ms | tok/sec: 1,552,221 | mfu: 37.5% | epoch: 1 | remaining: 134s    
step 00963 (55.4%) | loss: 3.020430 | lrm: 0.89 | dt: 182ms | tok/sec: 1,441,271 | mfu: 34.8% | epoch: 1 | remaining: 134s    
step 00964 (55.4%) | loss: 3.018572 | lrm: 0.89 | dt: 160ms | tok/sec: 1,635,350 | mfu: 39.5% | epoch: 1 | remaining: 133s    
step 00965 (55.5%) | loss: 3.017702 | lrm: 0.89 | dt: 221ms | tok/sec: 1,187,696 | mfu: 28.7% | epoch: 1 | remaining: 133s    
step 00966 (55.6%) | loss: 3.017452 | lrm: 0.89 | dt: 159ms | tok/sec: 1,643,551 | mfu: 39.7% | epoch: 1 | remaining: 133s    
step 00967 (55.6%) | loss: 3.018937 | lrm: 0.89 | dt: 170ms | tok/sec: 1,539,677 | mfu: 37.2% | epoch: 1 | remaining: 133s    
step 00968 (55.7%) | loss: 3.015845 | lrm: 0.89 | dt: 162ms | tok/sec: 1,618,278 | mfu: 39.1% | epoch: 1 | remaining: 133s    
step 00969 (55.7%) | loss: 3.014746 | lrm: 0.89 | dt: 177ms | tok/sec: 1,478,213 | mfu: 35.7% | epoch: 1 | remaining: 133s    
step 00970 (55.8%) | loss: 3.011124 | lrm: 0.88 | dt: 163ms | tok/sec: 1,607,837 | mfu: 38.8% | epoch: 1 | remaining: 132s    
step 00971 (55.9%) | loss: 3.008362 | lrm: 0.88 | dt: 177ms | tok/sec: 1,484,723 | mfu: 35.9% | epoch: 1 | remaining: 132s    
step 00972 (55.9%) | loss: 3.002404 | lrm: 0.88 | dt: 184ms | tok/sec: 1,426,588 | mfu: 34.5% | epoch: 1 | remaining: 132s    
step 00973 (56.0%) | loss: 3.000933 | lrm: 0.88 | dt: 159ms | tok/sec: 1,646,877 | mfu: 39.8% | epoch: 1 | remaining: 132s    
step 00974 (56.0%) | loss: 2.998546 | lrm: 0.88 | dt: 163ms | tok/sec: 1,611,806 | mfu: 38.9% | epoch: 1 | remaining: 132s    
step 00975 (56.1%) | loss: 2.996999 | lrm: 0.88 | dt: 192ms | tok/sec: 1,366,501 | mfu: 33.0% | epoch: 1 | remaining: 132s    
step 00976 (56.1%) | loss: 2.994610 | lrm: 0.88 | dt: 163ms | tok/sec: 1,608,216 | mfu: 38.9% | epoch: 1 | remaining: 131s    
step 00977 (56.2%) | loss: 2.995454 | lrm: 0.88 | dt: 189ms | tok/sec: 1,383,578 | mfu: 33.4% | epoch: 1 | remaining: 131s    
step 00978 (56.3%) | loss: 2.993369 | lrm: 0.87 | dt: 194ms | tok/sec: 1,351,844 | mfu: 32.7% | epoch: 1 | remaining: 131s    
step 00979 (56.3%) | loss: 2.993156 | lrm: 0.87 | dt: 165ms | tok/sec: 1,588,150 | mfu: 38.4% | epoch: 1 | remaining: 131s    
step 00980 (56.4%) | loss: 2.989815 | lrm: 0.87 | dt: 160ms | tok/sec: 1,634,018 | mfu: 39.5% | epoch: 1 | remaining: 131s    
step 00981 (56.4%) | loss: 2.991813 | lrm: 0.87 | dt: 165ms | tok/sec: 1,586,127 | mfu: 38.3% | epoch: 1 | remaining: 131s    
step 00982 (56.5%) | loss: 2.989479 | lrm: 0.87 | dt: 164ms | tok/sec: 1,601,864 | mfu: 38.7% | epoch: 1 | remaining: 130s    
step 00983 (56.5%) | loss: 2.988822 | lrm: 0.87 | dt: 170ms | tok/sec: 1,544,880 | mfu: 37.3% | epoch: 1 | remaining: 130s    
step 00984 (56.6%) | loss: 2.986384 | lrm: 0.87 | dt: 183ms | tok/sec: 1,433,561 | mfu: 34.6% | epoch: 1 | remaining: 130s    
step 00985 (56.7%) | loss: 2.994099 | lrm: 0.87 | dt: 162ms | tok/sec: 1,619,362 | mfu: 39.1% | epoch: 1 | remaining: 130s    
step 00986 (56.7%) | loss: 2.992284 | lrm: 0.87 | dt: 191ms | tok/sec: 1,371,973 | mfu: 33.1% | epoch: 1 | remaining: 130s    
step 00987 (56.8%) | loss: 2.998594 | lrm: 0.86 | dt: 160ms | tok/sec: 1,639,735 | mfu: 39.6% | epoch: 1 | remaining: 129s    
step 00988 (56.8%) | loss: 3.001431 | lrm: 0.86 | dt: 162ms | tok/sec: 1,620,298 | mfu: 39.1% | epoch: 1 | remaining: 129s    
step 00989 (56.9%) | loss: 3.004386 | lrm: 0.86 | dt: 171ms | tok/sec: 1,531,329 | mfu: 37.0% | epoch: 1 | remaining: 129s    
step 00990 (56.9%) | loss: 3.000628 | lrm: 0.86 | dt: 168ms | tok/sec: 1,557,949 | mfu: 37.6% | epoch: 1 | remaining: 129s    
step 00991 (57.0%) | loss: 3.000506 | lrm: 0.86 | dt: 169ms | tok/sec: 1,553,702 | mfu: 37.5% | epoch: 1 | remaining: 129s    
step 00992 (57.1%) | loss: 2.997291 | lrm: 0.86 | dt: 166ms | tok/sec: 1,579,349 | mfu: 38.2% | epoch: 1 | remaining: 129s    
step 00993 (57.1%) | loss: 2.997423 | lrm: 0.86 | dt: 163ms | tok/sec: 1,606,979 | mfu: 38.8% | epoch: 1 | remaining: 128s    
step 00994 (57.2%) | loss: 2.998493 | lrm: 0.86 | dt: 194ms | tok/sec: 1,353,080 | mfu: 32.7% | epoch: 1 | remaining: 128s    
step 00995 (57.2%) | loss: 2.999490 | lrm: 0.86 | dt: 168ms | tok/sec: 1,563,685 | mfu: 37.8% | epoch: 1 | remaining: 128s    
step 00996 (57.3%) | loss: 3.000376 | lrm: 0.85 | dt: 176ms | tok/sec: 1,492,152 | mfu: 36.1% | epoch: 1 | remaining: 128s    
step 00997 (57.3%) | loss: 2.999495 | lrm: 0.85 | dt: 164ms | tok/sec: 1,593,991 | mfu: 38.5% | epoch: 1 | remaining: 128s    
step 00998 (57.4%) | loss: 2.999255 | lrm: 0.85 | dt: 180ms | tok/sec: 1,454,882 | mfu: 35.2% | epoch: 1 | remaining: 128s    
step 00999 (57.5%) | loss: 3.003036 | lrm: 0.85 | dt: 161ms | tok/sec: 1,630,911 | mfu: 39.4% | epoch: 1 | remaining: 127s    
step 01000 (57.5%) | loss: 3.001571 | lrm: 0.85 | dt: 167ms | tok/sec: 1,572,807 | mfu: 38.0% | epoch: 1 | remaining: 127s    
step 01001 (57.6%) | loss: 3.007556 | lrm: 0.85 | dt: 180ms | tok/sec: 1,454,141 | mfu: 35.1% | epoch: 1 | remaining: 127s    
step 01002 (57.6%) | loss: 3.007281 | lrm: 0.85 | dt: 159ms | tok/sec: 1,650,653 | mfu: 39.9% | epoch: 1 | remaining: 127s    
step 01003 (57.7%) | loss: 3.002261 | lrm: 0.85 | dt: 164ms | tok/sec: 1,602,527 | mfu: 38.7% | epoch: 1 | remaining: 127s    
step 01004 (57.7%) | loss: 2.999003 | lrm: 0.85 | dt: 166ms | tok/sec: 1,577,455 | mfu: 38.1% | epoch: 1 | remaining: 127s    
step 01005 (57.8%) | loss: 2.997463 | lrm: 0.84 | dt: 167ms | tok/sec: 1,565,689 | mfu: 37.8% | epoch: 1 | remaining: 126s    
step 01006 (57.8%) | loss: 2.997095 | lrm: 0.84 | dt: 166ms | tok/sec: 1,580,464 | mfu: 38.2% | epoch: 1 | remaining: 126s    
step 01007 (57.9%) | loss: 2.999736 | lrm: 0.84 | dt: 170ms | tok/sec: 1,541,999 | mfu: 37.3% | epoch: 1 | remaining: 126s    
step 01008 (58.0%) | loss: 2.991386 | lrm: 0.84 | dt: 173ms | tok/sec: 1,519,260 | mfu: 36.7% | epoch: 1 | remaining: 126s    
step 01009 (58.0%) | loss: 2.990375 | lrm: 0.84 | dt: 161ms | tok/sec: 1,626,318 | mfu: 39.3% | epoch: 1 | remaining: 126s    
step 01010 (58.1%) | loss: 2.991606 | lrm: 0.84 | dt: 176ms | tok/sec: 1,489,659 | mfu: 36.0% | epoch: 1 | remaining: 126s    
step 01011 (58.1%) | loss: 2.989935 | lrm: 0.84 | dt: 164ms | tok/sec: 1,597,433 | mfu: 38.6% | epoch: 1 | remaining: 125s    
step 01012 (58.2%) | loss: 2.992279 | lrm: 0.84 | dt: 169ms | tok/sec: 1,550,619 | mfu: 37.5% | epoch: 1 | remaining: 125s    
step 01013 (58.2%) | loss: 2.991761 | lrm: 0.84 | dt: 169ms | tok/sec: 1,553,006 | mfu: 37.5% | epoch: 1 | remaining: 125s    
step 01014 (58.3%) | loss: 2.990999 | lrm: 0.83 | dt: 165ms | tok/sec: 1,586,738 | mfu: 38.3% | epoch: 1 | remaining: 125s    
step 01015 (58.4%) | loss: 2.994842 | lrm: 0.83 | dt: 164ms | tok/sec: 1,601,050 | mfu: 38.7% | epoch: 1 | remaining: 125s    
step 01016 (58.4%) | loss: 2.994564 | lrm: 0.83 | dt: 180ms | tok/sec: 1,453,236 | mfu: 35.1% | epoch: 1 | remaining: 125s    
step 01017 (58.5%) | loss: 2.995604 | lrm: 0.83 | dt: 171ms | tok/sec: 1,536,070 | mfu: 37.1% | epoch: 1 | remaining: 124s    
step 01018 (58.5%) | loss: 2.994223 | lrm: 0.83 | dt: 184ms | tok/sec: 1,426,194 | mfu: 34.5% | epoch: 1 | remaining: 124s    
step 01019 (58.6%) | loss: 2.990566 | lrm: 0.83 | dt: 160ms | tok/sec: 1,640,694 | mfu: 39.6% | epoch: 1 | remaining: 124s    
step 01020 (58.6%) | loss: 2.989242 | lrm: 0.83 | dt: 165ms | tok/sec: 1,587,586 | mfu: 38.4% | epoch: 1 | remaining: 124s    
step 01021 (58.7%) | loss: 2.990623 | lrm: 0.83 | dt: 182ms | tok/sec: 1,442,898 | mfu: 34.9% | epoch: 1 | remaining: 124s    
step 01022 (58.8%) | loss: 2.986166 | lrm: 0.82 | dt: 164ms | tok/sec: 1,599,196 | mfu: 38.6% | epoch: 1 | remaining: 124s    
step 01023 (58.8%) | loss: 2.982472 | lrm: 0.82 | dt: 165ms | tok/sec: 1,591,230 | mfu: 38.4% | epoch: 1 | remaining: 123s    
step 01024 (58.9%) | loss: 2.981829 | lrm: 0.82 | dt: 201ms | tok/sec: 1,305,410 | mfu: 31.5% | epoch: 1 | remaining: 123s    
step 01025 (58.9%) | loss: 2.986236 | lrm: 0.82 | dt: 160ms | tok/sec: 1,634,813 | mfu: 39.5% | epoch: 1 | remaining: 123s    
step 01026 (59.0%) | loss: 2.984318 | lrm: 0.82 | dt: 218ms | tok/sec: 1,200,775 | mfu: 29.0% | epoch: 1 | remaining: 123s    
step 01027 (59.1%) | loss: 2.980876 | lrm: 0.82 | dt: 159ms | tok/sec: 1,646,086 | mfu: 39.8% | epoch: 1 | remaining: 123s    
step 01028 (59.1%) | loss: 2.980259 | lrm: 0.82 | dt: 161ms | tok/sec: 1,626,498 | mfu: 39.3% | epoch: 1 | remaining: 123s    
step 01029 (59.2%) | loss: 2.977956 | lrm: 0.82 | dt: 166ms | tok/sec: 1,577,751 | mfu: 38.1% | epoch: 1 | remaining: 122s    
step 01030 (59.2%) | loss: 2.982524 | lrm: 0.82 | dt: 169ms | tok/sec: 1,548,034 | mfu: 37.4% | epoch: 1 | remaining: 122s    
step 01031 (59.3%) | loss: 2.983200 | lrm: 0.81 | dt: 167ms | tok/sec: 1,570,488 | mfu: 37.9% | epoch: 1 | remaining: 122s    
step 01032 (59.3%) | loss: 2.985096 | lrm: 0.81 | dt: 173ms | tok/sec: 1,511,696 | mfu: 36.5% | epoch: 1 | remaining: 122s    
step 01033 (59.4%) | loss: 2.988733 | lrm: 0.81 | dt: 175ms | tok/sec: 1,501,703 | mfu: 36.3% | epoch: 1 | remaining: 122s    
step 01034 (59.4%) | loss: 2.986025 | lrm: 0.81 | dt: 180ms | tok/sec: 1,459,351 | mfu: 35.3% | epoch: 1 | remaining: 121s    
step 01035 (59.5%) | loss: 2.990420 | lrm: 0.81 | dt: 159ms | tok/sec: 1,647,188 | mfu: 39.8% | epoch: 1 | remaining: 121s    
step 01036 (59.6%) | loss: 2.987535 | lrm: 0.81 | dt: 162ms | tok/sec: 1,617,323 | mfu: 39.1% | epoch: 1 | remaining: 121s    
step 01037 (59.6%) | loss: 2.987951 | lrm: 0.81 | dt: 166ms | tok/sec: 1,577,939 | mfu: 38.1% | epoch: 1 | remaining: 121s    
step 01038 (59.7%) | loss: 2.986824 | lrm: 0.81 | dt: 214ms | tok/sec: 1,226,438 | mfu: 29.6% | epoch: 1 | remaining: 121s    
step 01039 (59.7%) | loss: 2.985005 | lrm: 0.81 | dt: 158ms | tok/sec: 1,654,674 | mfu: 40.0% | epoch: 1 | remaining: 121s    
step 01040 (59.8%) | loss: 2.989487 | lrm: 0.80 | dt: 223ms | tok/sec: 1,174,127 | mfu: 28.4% | epoch: 1 | remaining: 120s    
step 01041 (59.9%) | loss: 2.990634 | lrm: 0.80 | dt: 159ms | tok/sec: 1,648,272 | mfu: 39.8% | epoch: 1 | remaining: 120s    
step 01042 (59.9%) | loss: 2.990061 | lrm: 0.80 | dt: 160ms | tok/sec: 1,640,565 | mfu: 39.6% | epoch: 1 | remaining: 120s    
step 01043 (60.0%) | loss: 2.989280 | lrm: 0.80 | dt: 167ms | tok/sec: 1,570,919 | mfu: 38.0% | epoch: 1 | remaining: 120s    
step 01044 (60.0%) | loss: 2.993540 | lrm: 0.80 | dt: 165ms | tok/sec: 1,584,016 | mfu: 38.3% | epoch: 1 | remaining: 120s    
step 01045 (60.1%) | loss: 2.992208 | lrm: 0.80 | dt: 181ms | tok/sec: 1,447,725 | mfu: 35.0% | epoch: 1 | remaining: 120s    
step 01046 (60.1%) | loss: 2.989285 | lrm: 0.80 | dt: 171ms | tok/sec: 1,529,759 | mfu: 37.0% | epoch: 1 | remaining: 119s    
step 01047 (60.2%) | loss: 2.990638 | lrm: 0.80 | dt: 166ms | tok/sec: 1,578,084 | mfu: 38.1% | epoch: 1 | remaining: 119s    
step 01048 (60.3%) | loss: 2.993471 | lrm: 0.79 | dt: 163ms | tok/sec: 1,603,387 | mfu: 38.7% | epoch: 1 | remaining: 119s    
step 01049 (60.3%) | loss: 2.992576 | lrm: 0.79 | dt: 162ms | tok/sec: 1,616,006 | mfu: 39.0% | epoch: 1 | remaining: 119s    
step 01050 (60.4%) | loss: 2.984673 | lrm: 0.79 | dt: 175ms | tok/sec: 1,495,281 | mfu: 36.1% | epoch: 1 | remaining: 119s    
step 01051 (60.4%) | loss: 2.983360 | lrm: 0.79 | dt: 166ms | tok/sec: 1,577,722 | mfu: 38.1% | epoch: 1 | remaining: 119s    
step 01052 (60.5%) | loss: 2.985044 | lrm: 0.79 | dt: 167ms | tok/sec: 1,570,715 | mfu: 38.0% | epoch: 1 | remaining: 118s    
step 01053 (60.5%) | loss: 2.981737 | lrm: 0.79 | dt: 165ms | tok/sec: 1,584,080 | mfu: 38.3% | epoch: 1 | remaining: 118s    
step 01054 (60.6%) | loss: 2.981405 | lrm: 0.79 | dt: 167ms | tok/sec: 1,565,829 | mfu: 37.8% | epoch: 1 | remaining: 118s    
step 01055 (60.6%) | loss: 2.979289 | lrm: 0.79 | dt: 162ms | tok/sec: 1,616,173 | mfu: 39.0% | epoch: 1 | remaining: 118s    
step 01056 (60.7%) | loss: 2.975297 | lrm: 0.79 | dt: 185ms | tok/sec: 1,413,255 | mfu: 34.1% | epoch: 1 | remaining: 118s    
step 01057 (60.8%) | loss: 2.973414 | lrm: 0.78 | dt: 170ms | tok/sec: 1,540,974 | mfu: 37.2% | epoch: 1 | remaining: 118s    
step 01058 (60.8%) | loss: 2.969014 | lrm: 0.78 | dt: 165ms | tok/sec: 1,584,936 | mfu: 38.3% | epoch: 1 | remaining: 117s    
step 01059 (60.9%) | loss: 2.969340 | lrm: 0.78 | dt: 165ms | tok/sec: 1,593,545 | mfu: 38.5% | epoch: 1 | remaining: 117s    
step 01060 (60.9%) | loss: 2.970023 | lrm: 0.78 | dt: 163ms | tok/sec: 1,604,409 | mfu: 38.8% | epoch: 1 | remaining: 117s    
step 01061 (61.0%) | loss: 2.970311 | lrm: 0.78 | dt: 164ms | tok/sec: 1,595,886 | mfu: 38.6% | epoch: 1 | remaining: 117s    
step 01062 (61.0%) | loss: 2.974905 | lrm: 0.78 | dt: 169ms | tok/sec: 1,549,766 | mfu: 37.4% | epoch: 1 | remaining: 117s    
step 01063 (61.1%) | loss: 2.970247 | lrm: 0.78 | dt: 165ms | tok/sec: 1,593,492 | mfu: 38.5% | epoch: 1 | remaining: 117s    
step 01064 (61.2%) | loss: 2.969106 | lrm: 0.78 | dt: 167ms | tok/sec: 1,571,516 | mfu: 38.0% | epoch: 1 | remaining: 116s    
step 01065 (61.2%) | loss: 2.965862 | lrm: 0.78 | dt: 163ms | tok/sec: 1,608,227 | mfu: 38.9% | epoch: 1 | remaining: 116s    
step 01066 (61.3%) | loss: 2.971338 | lrm: 0.77 | dt: 173ms | tok/sec: 1,518,821 | mfu: 36.7% | epoch: 1 | remaining: 116s    
step 01067 (61.3%) | loss: 2.974809 | lrm: 0.77 | dt: 162ms | tok/sec: 1,622,984 | mfu: 39.2% | epoch: 1 | remaining: 116s    
step 01068 (61.4%) | loss: 2.976866 | lrm: 0.77 | dt: 181ms | tok/sec: 1,445,571 | mfu: 34.9% | epoch: 1 | remaining: 116s    
step 01069 (61.4%) | loss: 2.972084 | lrm: 0.77 | dt: 164ms | tok/sec: 1,599,233 | mfu: 38.6% | epoch: 1 | remaining: 116s    
step 01070 (61.5%) | loss: 2.976461 | lrm: 0.77 | dt: 164ms | tok/sec: 1,603,326 | mfu: 38.7% | epoch: 1 | remaining: 115s    
step 01071 (61.5%) | loss: 2.974412 | lrm: 0.77 | dt: 171ms | tok/sec: 1,529,763 | mfu: 37.0% | epoch: 1 | remaining: 115s    
step 01072 (61.6%) | loss: 2.975619 | lrm: 0.77 | dt: 162ms | tok/sec: 1,617,592 | mfu: 39.1% | epoch: 1 | remaining: 115s    
step 01073 (61.7%) | loss: 2.969382 | lrm: 0.77 | dt: 164ms | tok/sec: 1,594,095 | mfu: 38.5% | epoch: 1 | remaining: 115s    
step 01074 (61.7%) | loss: 2.965648 | lrm: 0.77 | dt: 168ms | tok/sec: 1,563,543 | mfu: 37.8% | epoch: 1 | remaining: 115s    
step 01075 (61.8%) | loss: 2.964437 | lrm: 0.76 | dt: 192ms | tok/sec: 1,365,561 | mfu: 33.0% | epoch: 1 | remaining: 115s    
step 01076 (61.8%) | loss: 2.958667 | lrm: 0.76 | dt: 158ms | tok/sec: 1,654,159 | mfu: 40.0% | epoch: 1 | remaining: 114s    
step 01077 (61.9%) | loss: 2.963940 | lrm: 0.76 | dt: 165ms | tok/sec: 1,591,149 | mfu: 38.4% | epoch: 1 | remaining: 114s    
step 01078 (61.9%) | loss: 2.968947 | lrm: 0.76 | dt: 163ms | tok/sec: 1,605,951 | mfu: 38.8% | epoch: 1 | remaining: 114s    
step 01079 (62.0%) | loss: 2.964636 | lrm: 0.76 | dt: 180ms | tok/sec: 1,454,449 | mfu: 35.1% | epoch: 1 | remaining: 114s    
step 01080 (62.0%) | loss: 2.960845 | lrm: 0.76 | dt: 169ms | tok/sec: 1,554,649 | mfu: 37.6% | epoch: 1 | remaining: 114s    
step 01081 (62.1%) | loss: 2.962658 | lrm: 0.76 | dt: 166ms | tok/sec: 1,575,109 | mfu: 38.1% | epoch: 1 | remaining: 114s    
step 01082 (62.2%) | loss: 2.964031 | lrm: 0.76 | dt: 164ms | tok/sec: 1,600,908 | mfu: 38.7% | epoch: 1 | remaining: 113s    
step 01083 (62.2%) | loss: 2.963228 | lrm: 0.76 | dt: 167ms | tok/sec: 1,565,869 | mfu: 37.8% | epoch: 1 | remaining: 113s    
step 01084 (62.3%) | loss: 2.966289 | lrm: 0.75 | dt: 210ms | tok/sec: 1,246,291 | mfu: 30.1% | epoch: 1 | remaining: 113s    
step 01085 (62.3%) | loss: 2.963384 | lrm: 0.75 | dt: 200ms | tok/sec: 1,309,576 | mfu: 31.6% | epoch: 1 | remaining: 113s    
step 01086 (62.4%) | loss: 2.967639 | lrm: 0.75 | dt: 159ms | tok/sec: 1,647,909 | mfu: 39.8% | epoch: 1 | remaining: 113s    
step 01087 (62.5%) | loss: 2.963298 | lrm: 0.75 | dt: 310ms | tok/sec: 845,284 | mfu: 20.4% | epoch: 1 | remaining: 112s    
step 01088 (62.6%) | loss: 2.959694 | lrm: 0.75 | dt: 162ms | tok/sec: 1,621,205 | mfu: 39.2% | epoch: 1 | remaining: 112s    
step 01089 (62.6%) | loss: 2.958494 | lrm: 0.75 | dt: 172ms | tok/sec: 1,523,004 | mfu: 36.8% | epoch: 1 | remaining: 112s    
step 01090 (62.7%) | loss: 2.963075 | lrm: 0.75 | dt: 160ms | tok/sec: 1,635,095 | mfu: 39.5% | epoch: 1 | remaining: 112s    
step 01091 (62.7%) | loss: 2.961574 | lrm: 0.75 | dt: 159ms | tok/sec: 1,644,434 | mfu: 39.7% | epoch: 1 | remaining: 112s    
step 01092 (62.8%) | loss: 2.961934 | lrm: 0.74 | dt: 161ms | tok/sec: 1,628,257 | mfu: 39.3% | epoch: 1 | remaining: 111s    
step 01093 (62.8%) | loss: 2.962477 | lrm: 0.74 | dt: 179ms | tok/sec: 1,462,857 | mfu: 35.3% | epoch: 1 | remaining: 111s    
step 01094 (62.9%) | loss: 2.961619 | lrm: 0.74 | dt: 168ms | tok/sec: 1,556,246 | mfu: 37.6% | epoch: 1 | remaining: 111s    
step 01095 (63.0%) | loss: 2.964168 | lrm: 0.74 | dt: 161ms | tok/sec: 1,624,031 | mfu: 39.2% | epoch: 1 | remaining: 111s    
step 01096 (63.0%) | loss: 2.959129 | lrm: 0.74 | dt: 174ms | tok/sec: 1,509,037 | mfu: 36.5% | epoch: 1 | remaining: 111s    
step 01097 (63.1%) | loss: 2.961079 | lrm: 0.74 | dt: 177ms | tok/sec: 1,483,214 | mfu: 35.8% | epoch: 1 | remaining: 111s    
step 01098 (63.1%) | loss: 2.962085 | lrm: 0.74 | dt: 167ms | tok/sec: 1,570,230 | mfu: 37.9% | epoch: 1 | remaining: 110s    
step 01099 (63.2%) | loss: 2.953824 | lrm: 0.74 | dt: 168ms | tok/sec: 1,561,919 | mfu: 37.7% | epoch: 1 | remaining: 110s    
step 01100 (63.2%) | loss: 2.950499 | lrm: 0.74 | dt: 166ms | tok/sec: 1,575,791 | mfu: 38.1% | epoch: 1 | remaining: 110s    
step 01101 (63.3%) | loss: 2.950528 | lrm: 0.73 | dt: 165ms | tok/sec: 1,584,091 | mfu: 38.3% | epoch: 1 | remaining: 110s    
step 01102 (63.3%) | loss: 2.951699 | lrm: 0.73 | dt: 164ms | tok/sec: 1,599,587 | mfu: 38.6% | epoch: 1 | remaining: 110s    
step 01103 (63.4%) | loss: 2.949573 | lrm: 0.73 | dt: 174ms | tok/sec: 1,506,401 | mfu: 36.4% | epoch: 1 | remaining: 110s    
step 01104 (63.5%) | loss: 2.951285 | lrm: 0.73 | dt: 271ms | tok/sec: 967,238 | mfu: 23.4% | epoch: 1 | remaining: 109s    
step 01105 (63.5%) | loss: 2.947738 | lrm: 0.73 | dt: 164ms | tok/sec: 1,593,617 | mfu: 38.5% | epoch: 1 | remaining: 109s    
step 01106 (63.6%) | loss: 2.953680 | lrm: 0.73 | dt: 159ms | tok/sec: 1,651,731 | mfu: 39.9% | epoch: 1 | remaining: 109s    
step 01107 (63.7%) | loss: 2.955994 | lrm: 0.73 | dt: 160ms | tok/sec: 1,640,868 | mfu: 39.6% | epoch: 1 | remaining: 109s    
step 01108 (63.7%) | loss: 2.957710 | lrm: 0.73 | dt: 175ms | tok/sec: 1,497,682 | mfu: 36.2% | epoch: 1 | remaining: 109s    
step 01109 (63.8%) | loss: 2.962318 | lrm: 0.72 | dt: 193ms | tok/sec: 1,361,073 | mfu: 32.9% | epoch: 1 | remaining: 109s    
step 01110 (63.8%) | loss: 2.960057 | lrm: 0.72 | dt: 168ms | tok/sec: 1,559,909 | mfu: 37.7% | epoch: 1 | remaining: 108s    
step 01111 (63.9%) | loss: 2.958202 | lrm: 0.72 | dt: 166ms | tok/sec: 1,579,594 | mfu: 38.2% | epoch: 1 | remaining: 108s    
step 01112 (63.9%) | loss: 2.959715 | lrm: 0.72 | dt: 162ms | tok/sec: 1,615,560 | mfu: 39.0% | epoch: 1 | remaining: 108s    
step 01113 (64.0%) | loss: 2.959759 | lrm: 0.72 | dt: 252ms | tok/sec: 1,039,415 | mfu: 25.1% | epoch: 1 | remaining: 108s    
step 01114 (64.1%) | loss: 2.959852 | lrm: 0.72 | dt: 183ms | tok/sec: 1,430,677 | mfu: 34.6% | epoch: 1 | remaining: 108s    
step 01115 (64.1%) | loss: 2.954973 | lrm: 0.72 | dt: 175ms | tok/sec: 1,499,958 | mfu: 36.2% | epoch: 1 | remaining: 107s    
step 01116 (64.2%) | loss: 2.950722 | lrm: 0.72 | dt: 163ms | tok/sec: 1,606,111 | mfu: 38.8% | epoch: 1 | remaining: 107s    
step 01117 (64.3%) | loss: 2.948069 | lrm: 0.71 | dt: 159ms | tok/sec: 1,648,791 | mfu: 39.8% | epoch: 1 | remaining: 107s    
step 01118 (64.3%) | loss: 2.945279 | lrm: 0.71 | dt: 160ms | tok/sec: 1,637,671 | mfu: 39.6% | epoch: 1 | remaining: 107s    
step 01119 (64.4%) | loss: 2.948848 | lrm: 0.71 | dt: 223ms | tok/sec: 1,176,031 | mfu: 28.4% | epoch: 1 | remaining: 107s    
step 01120 (64.4%) | loss: 2.952575 | lrm: 0.71 | dt: 160ms | tok/sec: 1,643,461 | mfu: 39.7% | epoch: 1 | remaining: 107s    
step 01121 (64.5%) | loss: 2.948665 | lrm: 0.71 | dt: 161ms | tok/sec: 1,626,448 | mfu: 39.3% | epoch: 1 | remaining: 106s    
step 01122 (64.5%) | loss: 2.948761 | lrm: 0.71 | dt: 178ms | tok/sec: 1,470,948 | mfu: 35.5% | epoch: 1 | remaining: 106s    
step 01123 (64.6%) | loss: 2.954023 | lrm: 0.71 | dt: 174ms | tok/sec: 1,505,998 | mfu: 36.4% | epoch: 1 | remaining: 106s    
step 01124 (64.7%) | loss: 2.948068 | lrm: 0.71 | dt: 160ms | tok/sec: 1,642,344 | mfu: 39.7% | epoch: 1 | remaining: 106s    
step 01125 (64.7%) | loss: 2.946129 | lrm: 0.71 | dt: 175ms | tok/sec: 1,501,322 | mfu: 36.3% | epoch: 1 | remaining: 106s    
step 01126 (64.8%) | loss: 2.945660 | lrm: 0.70 | dt: 179ms | tok/sec: 1,461,945 | mfu: 35.3% | epoch: 1 | remaining: 106s    
step 01127 (64.8%) | loss: 2.946184 | lrm: 0.70 | dt: 181ms | tok/sec: 1,451,065 | mfu: 35.1% | epoch: 1 | remaining: 105s    
step 01128 (64.9%) | loss: 2.948725 | lrm: 0.70 | dt: 160ms | tok/sec: 1,641,392 | mfu: 39.7% | epoch: 1 | remaining: 105s    
step 01129 (64.9%) | loss: 2.954887 | lrm: 0.70 | dt: 162ms | tok/sec: 1,623,072 | mfu: 39.2% | epoch: 1 | remaining: 105s    
step 01130 (65.0%) | loss: 2.958889 | lrm: 0.70 | dt: 164ms | tok/sec: 1,598,722 | mfu: 38.6% | epoch: 1 | remaining: 105s    
step 01131 (65.1%) | loss: 2.957995 | lrm: 0.70 | dt: 168ms | tok/sec: 1,562,554 | mfu: 37.8% | epoch: 1 | remaining: 105s    
step 01132 (65.1%) | loss: 2.953111 | lrm: 0.70 | dt: 175ms | tok/sec: 1,498,709 | mfu: 36.2% | epoch: 1 | remaining: 104s    
step 01133 (65.2%) | loss: 2.954807 | lrm: 0.70 | dt: 163ms | tok/sec: 1,609,661 | mfu: 38.9% | epoch: 1 | remaining: 104s    
step 01134 (65.2%) | loss: 2.953721 | lrm: 0.70 | dt: 169ms | tok/sec: 1,549,491 | mfu: 37.4% | epoch: 1 | remaining: 104s    
step 01135 (65.3%) | loss: 2.950695 | lrm: 0.69 | dt: 184ms | tok/sec: 1,428,358 | mfu: 34.5% | epoch: 1 | remaining: 104s    
step 01136 (65.3%) | loss: 2.949787 | lrm: 0.69 | dt: 165ms | tok/sec: 1,593,488 | mfu: 38.5% | epoch: 1 | remaining: 104s    
step 01137 (65.4%) | loss: 2.951297 | lrm: 0.69 | dt: 163ms | tok/sec: 1,608,470 | mfu: 38.9% | epoch: 1 | remaining: 104s    
step 01138 (65.4%) | loss: 2.949316 | lrm: 0.69 | dt: 169ms | tok/sec: 1,555,531 | mfu: 37.6% | epoch: 1 | remaining: 103s    
step 01139 (65.5%) | loss: 2.950304 | lrm: 0.69 | dt: 163ms | tok/sec: 1,607,200 | mfu: 38.8% | epoch: 1 | remaining: 103s    
step 01140 (65.6%) | loss: 2.946166 | lrm: 0.69 | dt: 162ms | tok/sec: 1,614,718 | mfu: 39.0% | epoch: 1 | remaining: 103s    
step 01141 (65.6%) | loss: 2.946458 | lrm: 0.69 | dt: 165ms | tok/sec: 1,584,810 | mfu: 38.3% | epoch: 1 | remaining: 103s    
step 01142 (65.7%) | loss: 2.942143 | lrm: 0.69 | dt: 162ms | tok/sec: 1,620,747 | mfu: 39.2% | epoch: 1 | remaining: 103s    
step 01143 (65.7%) | loss: 2.937299 | lrm: 0.69 | dt: 164ms | tok/sec: 1,596,359 | mfu: 38.6% | epoch: 1 | remaining: 103s    
step 01144 (65.8%) | loss: 2.937910 | lrm: 0.68 | dt: 166ms | tok/sec: 1,582,283 | mfu: 38.2% | epoch: 1 | remaining: 103s    
step 01145 (65.8%) | loss: 2.934768 | lrm: 0.68 | dt: 163ms | tok/sec: 1,604,353 | mfu: 38.8% | epoch: 1 | remaining: 102s    
step 01146 (65.9%) | loss: 2.932644 | lrm: 0.68 | dt: 178ms | tok/sec: 1,475,919 | mfu: 35.7% | epoch: 1 | remaining: 102s    
step 01147 (65.9%) | loss: 2.942076 | lrm: 0.68 | dt: 162ms | tok/sec: 1,619,438 | mfu: 39.1% | epoch: 1 | remaining: 102s    
step 01148 (66.0%) | loss: 2.951606 | lrm: 0.68 | dt: 162ms | tok/sec: 1,616,329 | mfu: 39.1% | epoch: 1 | remaining: 102s    
step 01149 (66.1%) | loss: 2.954396 | lrm: 0.68 | dt: 185ms | tok/sec: 1,414,610 | mfu: 34.2% | epoch: 1 | remaining: 102s    
step 01150 (66.1%) | loss: 2.952888 | lrm: 0.68 | dt: 162ms | tok/sec: 1,613,332 | mfu: 39.0% | epoch: 1 | remaining: 101s    
step 01151 (66.2%) | loss: 2.948541 | lrm: 0.68 | dt: 164ms | tok/sec: 1,599,543 | mfu: 38.6% | epoch: 1 | remaining: 101s    
step 01152 (66.2%) | loss: 2.951252 | lrm: 0.68 | dt: 167ms | tok/sec: 1,570,701 | mfu: 38.0% | epoch: 1 | remaining: 101s    
step 01153 (66.3%) | loss: 2.952554 | lrm: 0.67 | dt: 167ms | tok/sec: 1,570,060 | mfu: 37.9% | epoch: 1 | remaining: 101s    
step 01154 (66.3%) | loss: 2.952031 | lrm: 0.67 | dt: 163ms | tok/sec: 1,606,507 | mfu: 38.8% | epoch: 1 | remaining: 101s    
step 01155 (66.4%) | loss: 2.950909 | lrm: 0.67 | dt: 171ms | tok/sec: 1,532,085 | mfu: 37.0% | epoch: 1 | remaining: 101s    
step 01156 (66.4%) | loss: 2.952959 | lrm: 0.67 | dt: 161ms | tok/sec: 1,631,671 | mfu: 39.4% | epoch: 1 | remaining: 100s    
step 01157 (66.5%) | loss: 2.946622 | lrm: 0.67 | dt: 166ms | tok/sec: 1,575,231 | mfu: 38.1% | epoch: 1 | remaining: 100s    
step 01158 (66.6%) | loss: 2.952550 | lrm: 0.67 | dt: 171ms | tok/sec: 1,531,867 | mfu: 37.0% | epoch: 1 | remaining: 100s    
step 01159 (66.6%) | loss: 2.952505 | lrm: 0.67 | dt: 202ms | tok/sec: 1,295,033 | mfu: 31.3% | epoch: 1 | remaining: 100s    
step 01160 (66.7%) | loss: 2.949946 | lrm: 0.67 | dt: 185ms | tok/sec: 1,415,490 | mfu: 34.2% | epoch: 1 | remaining: 100s    
step 01161 (66.7%) | loss: 2.949514 | lrm: 0.67 | dt: 160ms | tok/sec: 1,638,233 | mfu: 39.6% | epoch: 1 | remaining: 100s    
step 01162 (66.8%) | loss: 2.949222 | lrm: 0.66 | dt: 160ms | tok/sec: 1,643,296 | mfu: 39.7% | epoch: 1 | remaining: 99s    
step 01163 (66.8%) | loss: 2.946393 | lrm: 0.66 | dt: 160ms | tok/sec: 1,643,114 | mfu: 39.7% | epoch: 1 | remaining: 99s    
step 01164 (66.9%) | loss: 2.941328 | lrm: 0.66 | dt: 176ms | tok/sec: 1,491,142 | mfu: 36.0% | epoch: 1 | remaining: 99s    
step 01165 (67.0%) | loss: 2.941609 | lrm: 0.66 | dt: 169ms | tok/sec: 1,549,251 | mfu: 37.4% | epoch: 1 | remaining: 99s    
step 01166 (67.0%) | loss: 2.941065 | lrm: 0.66 | dt: 191ms | tok/sec: 1,369,213 | mfu: 33.1% | epoch: 1 | remaining: 99s    
step 01167 (67.1%) | loss: 2.937057 | lrm: 0.66 | dt: 172ms | tok/sec: 1,522,671 | mfu: 36.8% | epoch: 1 | remaining: 99s    
step 01168 (67.1%) | loss: 2.933564 | lrm: 0.66 | dt: 162ms | tok/sec: 1,617,937 | mfu: 39.1% | epoch: 1 | remaining: 98s    
step 01169 (67.2%) | loss: 2.933399 | lrm: 0.66 | dt: 206ms | tok/sec: 1,272,051 | mfu: 30.7% | epoch: 1 | remaining: 98s    
step 01170 (67.3%) | loss: 2.931912 | lrm: 0.65 | dt: 159ms | tok/sec: 1,648,324 | mfu: 39.8% | epoch: 1 | remaining: 98s    
step 01171 (67.3%) | loss: 2.933527 | lrm: 0.65 | dt: 168ms | tok/sec: 1,563,538 | mfu: 37.8% | epoch: 1 | remaining: 98s    
step 01172 (67.4%) | loss: 2.931982 | lrm: 0.65 | dt: 163ms | tok/sec: 1,607,893 | mfu: 38.8% | epoch: 1 | remaining: 98s    
step 01173 (67.4%) | loss: 2.931609 | lrm: 0.65 | dt: 165ms | tok/sec: 1,592,057 | mfu: 38.5% | epoch: 1 | remaining: 98s    
step 01174 (67.5%) | loss: 2.930342 | lrm: 0.65 | dt: 161ms | tok/sec: 1,627,560 | mfu: 39.3% | epoch: 1 | remaining: 97s    
step 01175 (67.5%) | loss: 2.930389 | lrm: 0.65 | dt: 191ms | tok/sec: 1,375,295 | mfu: 33.2% | epoch: 1 | remaining: 97s    
step 01176 (67.6%) | loss: 2.931057 | lrm: 0.65 | dt: 175ms | tok/sec: 1,495,020 | mfu: 36.1% | epoch: 1 | remaining: 97s    
step 01177 (67.7%) | loss: 2.925620 | lrm: 0.65 | dt: 161ms | tok/sec: 1,632,880 | mfu: 39.5% | epoch: 1 | remaining: 97s    
step 01178 (67.7%) | loss: 2.925039 | lrm: 0.65 | dt: 176ms | tok/sec: 1,491,716 | mfu: 36.0% | epoch: 1 | remaining: 97s    
step 01179 (67.8%) | loss: 2.929817 | lrm: 0.64 | dt: 159ms | tok/sec: 1,645,812 | mfu: 39.8% | epoch: 1 | remaining: 97s    
step 01180 (67.8%) | loss: 2.935536 | lrm: 0.64 | dt: 163ms | tok/sec: 1,606,843 | mfu: 38.8% | epoch: 1 | remaining: 96s    
step 01181 (67.9%) | loss: 2.937908 | lrm: 0.64 | dt: 182ms | tok/sec: 1,438,462 | mfu: 34.8% | epoch: 1 | remaining: 96s    
step 01182 (67.9%) | loss: 2.936244 | lrm: 0.64 | dt: 166ms | tok/sec: 1,577,530 | mfu: 38.1% | epoch: 1 | remaining: 96s    
step 01183 (68.0%) | loss: 2.938379 | lrm: 0.64 | dt: 201ms | tok/sec: 1,307,372 | mfu: 31.6% | epoch: 1 | remaining: 96s    
step 01184 (68.1%) | loss: 2.939349 | lrm: 0.64 | dt: 159ms | tok/sec: 1,644,368 | mfu: 39.7% | epoch: 1 | remaining: 96s    
step 01185 (68.1%) | loss: 2.934351 | lrm: 0.64 | dt: 168ms | tok/sec: 1,558,737 | mfu: 37.7% | epoch: 1 | remaining: 96s    
step 01186 (68.2%) | loss: 2.937654 | lrm: 0.64 | dt: 159ms | tok/sec: 1,653,057 | mfu: 39.9% | epoch: 1 | remaining: 95s    
step 01187 (68.2%) | loss: 2.940616 | lrm: 0.64 | dt: 167ms | tok/sec: 1,573,311 | mfu: 38.0% | epoch: 1 | remaining: 95s    
step 01188 (68.3%) | loss: 2.938160 | lrm: 0.63 | dt: 166ms | tok/sec: 1,581,309 | mfu: 38.2% | epoch: 1 | remaining: 95s    
step 01189 (68.3%) | loss: 2.939052 | lrm: 0.63 | dt: 171ms | tok/sec: 1,532,738 | mfu: 37.0% | epoch: 1 | remaining: 95s    
step 01190 (68.4%) | loss: 2.939026 | lrm: 0.63 | dt: 222ms | tok/sec: 1,179,761 | mfu: 28.5% | epoch: 1 | remaining: 95s    
step 01191 (68.5%) | loss: 2.937551 | lrm: 0.63 | dt: 160ms | tok/sec: 1,639,591 | mfu: 39.6% | epoch: 1 | remaining: 94s    
step 01192 (68.5%) | loss: 2.935801 | lrm: 0.63 | dt: 183ms | tok/sec: 1,434,375 | mfu: 34.7% | epoch: 1 | remaining: 94s    
step 01193 (68.6%) | loss: 2.941047 | lrm: 0.63 | dt: 160ms | tok/sec: 1,641,000 | mfu: 39.6% | epoch: 1 | remaining: 94s    
step 01194 (68.6%) | loss: 2.938602 | lrm: 0.63 | dt: 161ms | tok/sec: 1,632,507 | mfu: 39.4% | epoch: 1 | remaining: 94s    
step 01195 (68.7%) | loss: 2.931877 | lrm: 0.63 | dt: 203ms | tok/sec: 1,288,572 | mfu: 31.1% | epoch: 1 | remaining: 94s    
step 01196 (68.7%) | loss: 2.932407 | lrm: 0.63 | dt: 163ms | tok/sec: 1,605,712 | mfu: 38.8% | epoch: 1 | remaining: 94s    
step 01197 (68.8%) | loss: 2.929075 | lrm: 0.62 | dt: 175ms | tok/sec: 1,494,027 | mfu: 36.1% | epoch: 1 | remaining: 93s    
step 01198 (68.9%) | loss: 2.930231 | lrm: 0.62 | dt: 163ms | tok/sec: 1,607,235 | mfu: 38.8% | epoch: 1 | remaining: 93s    
step 01199 (68.9%) | loss: 2.925710 | lrm: 0.62 | dt: 190ms | tok/sec: 1,376,118 | mfu: 33.2% | epoch: 1 | remaining: 93s    
step 01200 (69.0%) | loss: 2.929616 | lrm: 0.62 | dt: 252ms | tok/sec: 1,041,054 | mfu: 25.2% | epoch: 1 | remaining: 93s    
step 01201 (69.1%) | loss: 2.929007 | lrm: 0.62 | dt: 172ms | tok/sec: 1,522,152 | mfu: 36.8% | epoch: 1 | remaining: 93s    
step 01202 (69.1%) | loss: 2.926107 | lrm: 0.62 | dt: 174ms | tok/sec: 1,506,931 | mfu: 36.4% | epoch: 1 | remaining: 92s    
step 01203 (69.2%) | loss: 2.921721 | lrm: 0.62 | dt: 160ms | tok/sec: 1,640,286 | mfu: 39.6% | epoch: 1 | remaining: 92s    
step 01204 (69.2%) | loss: 2.917495 | lrm: 0.62 | dt: 172ms | tok/sec: 1,525,072 | mfu: 36.8% | epoch: 1 | remaining: 92s    
step 01205 (69.3%) | loss: 2.916116 | lrm: 0.61 | dt: 175ms | tok/sec: 1,495,958 | mfu: 36.1% | epoch: 1 | remaining: 92s    
step 01206 (69.3%) | loss: 2.915804 | lrm: 0.61 | dt: 170ms | tok/sec: 1,545,729 | mfu: 37.3% | epoch: 1 | remaining: 92s    
step 01207 (69.4%) | loss: 2.915379 | lrm: 0.61 | dt: 165ms | tok/sec: 1,587,423 | mfu: 38.4% | epoch: 1 | remaining: 92s    
step 01208 (69.5%) | loss: 2.915255 | lrm: 0.61 | dt: 163ms | tok/sec: 1,607,828 | mfu: 38.8% | epoch: 1 | remaining: 91s    
step 01209 (69.5%) | loss: 2.918059 | lrm: 0.61 | dt: 184ms | tok/sec: 1,422,027 | mfu: 34.4% | epoch: 1 | remaining: 91s    
step 01210 (69.6%) | loss: 2.917303 | lrm: 0.61 | dt: 160ms | tok/sec: 1,641,934 | mfu: 39.7% | epoch: 1 | remaining: 91s    
step 01211 (69.6%) | loss: 2.914155 | lrm: 0.61 | dt: 162ms | tok/sec: 1,617,792 | mfu: 39.1% | epoch: 1 | remaining: 91s    
step 01212 (69.7%) | loss: 2.912143 | lrm: 0.61 | dt: 179ms | tok/sec: 1,467,543 | mfu: 35.5% | epoch: 1 | remaining: 91s    
step 01213 (69.7%) | loss: 2.916454 | lrm: 0.61 | dt: 164ms | tok/sec: 1,602,531 | mfu: 38.7% | epoch: 1 | remaining: 91s    
step 01214 (69.8%) | loss: 2.915243 | lrm: 0.60 | dt: 163ms | tok/sec: 1,603,443 | mfu: 38.7% | epoch: 1 | remaining: 90s    
step 01215 (69.9%) | loss: 2.917909 | lrm: 0.60 | dt: 174ms | tok/sec: 1,504,477 | mfu: 36.4% | epoch: 1 | remaining: 90s    
step 01216 (69.9%) | loss: 2.917503 | lrm: 0.60 | dt: 161ms | tok/sec: 1,626,494 | mfu: 39.3% | epoch: 1 | remaining: 90s    
step 01217 (70.0%) | loss: 2.915813 | lrm: 0.60 | dt: 184ms | tok/sec: 1,425,578 | mfu: 34.4% | epoch: 1 | remaining: 90s    
step 01218 (70.0%) | loss: 2.916362 | lrm: 0.60 | dt: 210ms | tok/sec: 1,251,275 | mfu: 30.2% | epoch: 1 | remaining: 90s    
step 01219 (70.1%) | loss: 2.910821 | lrm: 0.60 | dt: 167ms | tok/sec: 1,568,933 | mfu: 37.9% | epoch: 1 | remaining: 90s    
step 01220 (70.2%) | loss: 2.913123 | lrm: 0.60 | dt: 160ms | tok/sec: 1,636,019 | mfu: 39.5% | epoch: 1 | remaining: 89s    
step 01221 (70.2%) | loss: 2.915726 | lrm: 0.60 | dt: 170ms | tok/sec: 1,545,645 | mfu: 37.3% | epoch: 1 | remaining: 89s    
step 01222 (70.3%) | loss: 2.916839 | lrm: 0.59 | dt: 168ms | tok/sec: 1,560,717 | mfu: 37.7% | epoch: 1 | remaining: 89s    
step 01223 (70.3%) | loss: 2.919104 | lrm: 0.59 | dt: 165ms | tok/sec: 1,592,408 | mfu: 38.5% | epoch: 1 | remaining: 89s    
step 01224 (70.4%) | loss: 2.916075 | lrm: 0.59 | dt: 175ms | tok/sec: 1,502,200 | mfu: 36.3% | epoch: 1 | remaining: 89s    
step 01225 (70.4%) | loss: 2.914005 | lrm: 0.59 | dt: 167ms | tok/sec: 1,568,528 | mfu: 37.9% | epoch: 1 | remaining: 89s    
step 01226 (70.5%) | loss: 2.909563 | lrm: 0.59 | dt: 172ms | tok/sec: 1,528,445 | mfu: 36.9% | epoch: 1 | remaining: 88s    
step 01227 (70.5%) | loss: 2.909505 | lrm: 0.59 | dt: 160ms | tok/sec: 1,638,799 | mfu: 39.6% | epoch: 1 | remaining: 88s    
step 01228 (70.6%) | loss: 2.914278 | lrm: 0.59 | dt: 160ms | tok/sec: 1,637,745 | mfu: 39.6% | epoch: 1 | remaining: 88s    
step 01229 (70.6%) | loss: 2.909417 | lrm: 0.59 | dt: 167ms | tok/sec: 1,571,662 | mfu: 38.0% | epoch: 1 | remaining: 88s    
step 01230 (70.7%) | loss: 2.914925 | lrm: 0.59 | dt: 175ms | tok/sec: 1,497,237 | mfu: 36.2% | epoch: 1 | remaining: 88s    
step 01231 (70.8%) | loss: 2.912896 | lrm: 0.58 | dt: 218ms | tok/sec: 1,203,689 | mfu: 29.1% | epoch: 1 | remaining: 87s    
step 01232 (70.8%) | loss: 2.909012 | lrm: 0.58 | dt: 235ms | tok/sec: 1,115,926 | mfu: 27.0% | epoch: 1 | remaining: 87s    
step 01233 (70.9%) | loss: 2.907840 | lrm: 0.58 | dt: 193ms | tok/sec: 1,355,975 | mfu: 32.8% | epoch: 1 | remaining: 87s    
step 01234 (71.0%) | loss: 2.909207 | lrm: 0.58 | dt: 159ms | tok/sec: 1,652,503 | mfu: 39.9% | epoch: 1 | remaining: 87s    
step 01235 (71.0%) | loss: 2.908576 | lrm: 0.58 | dt: 241ms | tok/sec: 1,088,855 | mfu: 26.3% | epoch: 1 | remaining: 87s    
step 01236 (71.1%) | loss: 2.906717 | lrm: 0.58 | dt: 166ms | tok/sec: 1,580,475 | mfu: 38.2% | epoch: 1 | remaining: 87s    
step 01237 (71.2%) | loss: 2.911548 | lrm: 0.58 | dt: 217ms | tok/sec: 1,206,485 | mfu: 29.2% | epoch: 1 | remaining: 86s    
step 01238 (71.2%) | loss: 2.912809 | lrm: 0.58 | dt: 185ms | tok/sec: 1,416,376 | mfu: 34.2% | epoch: 1 | remaining: 86s    
step 01239 (71.3%) | loss: 2.909815 | lrm: 0.57 | dt: 167ms | tok/sec: 1,571,121 | mfu: 38.0% | epoch: 1 | remaining: 86s    
step 01240 (71.4%) | loss: 2.913389 | lrm: 0.57 | dt: 173ms | tok/sec: 1,519,504 | mfu: 36.7% | epoch: 1 | remaining: 86s    
step 01241 (71.4%) | loss: 2.911927 | lrm: 0.57 | dt: 161ms | tok/sec: 1,624,086 | mfu: 39.2% | epoch: 1 | remaining: 86s    
step 01242 (71.5%) | loss: 2.909788 | lrm: 0.57 | dt: 161ms | tok/sec: 1,628,442 | mfu: 39.3% | epoch: 1 | remaining: 85s    
step 01243 (71.5%) | loss: 2.910651 | lrm: 0.57 | dt: 174ms | tok/sec: 1,510,675 | mfu: 36.5% | epoch: 1 | remaining: 85s    
step 01244 (71.6%) | loss: 2.914808 | lrm: 0.57 | dt: 171ms | tok/sec: 1,529,959 | mfu: 37.0% | epoch: 1 | remaining: 85s    
step 01245 (71.6%) | loss: 2.918298 | lrm: 0.57 | dt: 164ms | tok/sec: 1,593,633 | mfu: 38.5% | epoch: 1 | remaining: 85s    
step 01246 (71.7%) | loss: 2.914759 | lrm: 0.57 | dt: 165ms | tok/sec: 1,584,456 | mfu: 38.3% | epoch: 1 | remaining: 85s    
step 01247 (71.7%) | loss: 2.914498 | lrm: 0.57 | dt: 183ms | tok/sec: 1,429,297 | mfu: 34.5% | epoch: 1 | remaining: 85s    
step 01248 (71.8%) | loss: 2.914706 | lrm: 0.56 | dt: 160ms | tok/sec: 1,639,261 | mfu: 39.6% | epoch: 1 | remaining: 84s    
step 01249 (71.9%) | loss: 2.911811 | lrm: 0.56 | dt: 164ms | tok/sec: 1,593,666 | mfu: 38.5% | epoch: 1 | remaining: 84s    
step 01250 (71.9%) | loss: 2.910826 | lrm: 0.56 | dt: 167ms | tok/sec: 1,572,584 | mfu: 38.0% | epoch: 1 | remaining: 84s    
step 01251 (72.0%) | loss: 2.909654 | lrm: 0.56 | dt: 164ms | tok/sec: 1,602,814 | mfu: 38.7% | epoch: 1 | remaining: 84s    
step 01252 (72.0%) | loss: 2.907570 | lrm: 0.56 | dt: 162ms | tok/sec: 1,616,681 | mfu: 39.1% | epoch: 1 | remaining: 84s    
step 01253 (72.1%) | loss: 2.913426 | lrm: 0.56 | dt: 168ms | tok/sec: 1,563,887 | mfu: 37.8% | epoch: 1 | remaining: 84s    
step 01254 (72.1%) | loss: 2.916160 | lrm: 0.56 | dt: 162ms | tok/sec: 1,617,176 | mfu: 39.1% | epoch: 1 | remaining: 83s    
step 01255 (72.2%) | loss: 2.914731 | lrm: 0.56 | dt: 165ms | tok/sec: 1,590,519 | mfu: 38.4% | epoch: 1 | remaining: 83s    
step 01256 (72.2%) | loss: 2.906573 | lrm: 0.56 | dt: 167ms | tok/sec: 1,570,244 | mfu: 37.9% | epoch: 1 | remaining: 83s    
step 01257 (72.3%) | loss: 2.907715 | lrm: 0.55 | dt: 166ms | tok/sec: 1,578,553 | mfu: 38.1% | epoch: 1 | remaining: 83s    
step 01258 (72.4%) | loss: 2.908623 | lrm: 0.55 | dt: 163ms | tok/sec: 1,612,461 | mfu: 39.0% | epoch: 1 | remaining: 83s    
step 01259 (72.4%) | loss: 2.903922 | lrm: 0.55 | dt: 171ms | tok/sec: 1,534,443 | mfu: 37.1% | epoch: 1 | remaining: 83s    
step 01260 (72.5%) | loss: 2.899863 | lrm: 0.55 | dt: 162ms | tok/sec: 1,613,244 | mfu: 39.0% | epoch: 1 | remaining: 82s    
step 01261 (72.5%) | loss: 2.905318 | lrm: 0.55 | dt: 170ms | tok/sec: 1,539,552 | mfu: 37.2% | epoch: 1 | remaining: 82s    
step 01262 (72.6%) | loss: 2.905638 | lrm: 0.55 | dt: 164ms | tok/sec: 1,600,374 | mfu: 38.7% | epoch: 1 | remaining: 82s    
step 01263 (72.6%) | loss: 2.903590 | lrm: 0.55 | dt: 170ms | tok/sec: 1,541,973 | mfu: 37.3% | epoch: 1 | remaining: 82s    
step 01264 (72.7%) | loss: 2.904917 | lrm: 0.55 | dt: 161ms | tok/sec: 1,623,892 | mfu: 39.2% | epoch: 1 | remaining: 82s    
step 01265 (72.7%) | loss: 2.902812 | lrm: 0.55 | dt: 190ms | tok/sec: 1,379,014 | mfu: 33.3% | epoch: 1 | remaining: 82s    
step 01266 (72.8%) | loss: 2.900608 | lrm: 0.54 | dt: 168ms | tok/sec: 1,558,026 | mfu: 37.6% | epoch: 1 | remaining: 81s    
step 01267 (72.9%) | loss: 2.896745 | lrm: 0.54 | dt: 162ms | tok/sec: 1,615,674 | mfu: 39.0% | epoch: 1 | remaining: 81s    
step 01268 (72.9%) | loss: 2.898245 | lrm: 0.54 | dt: 165ms | tok/sec: 1,590,721 | mfu: 38.4% | epoch: 1 | remaining: 81s    
step 01269 (73.0%) | loss: 2.898778 | lrm: 0.54 | dt: 164ms | tok/sec: 1,602,368 | mfu: 38.7% | epoch: 1 | remaining: 81s    
step 01270 (73.0%) | loss: 2.897647 | lrm: 0.54 | dt: 176ms | tok/sec: 1,491,864 | mfu: 36.0% | epoch: 1 | remaining: 81s    
step 01271 (73.1%) | loss: 2.900096 | lrm: 0.54 | dt: 250ms | tok/sec: 1,049,394 | mfu: 25.4% | epoch: 1 | remaining: 80s    
step 01272 (73.2%) | loss: 2.900005 | lrm: 0.54 | dt: 227ms | tok/sec: 1,156,401 | mfu: 27.9% | epoch: 1 | remaining: 80s    
step 01273 (73.2%) | loss: 2.901613 | lrm: 0.54 | dt: 183ms | tok/sec: 1,433,079 | mfu: 34.6% | epoch: 1 | remaining: 80s    
step 01274 (73.3%) | loss: 2.902167 | lrm: 0.53 | dt: 187ms | tok/sec: 1,398,745 | mfu: 33.8% | epoch: 1 | remaining: 80s    
step 01275 (73.4%) | loss: 2.896796 | lrm: 0.53 | dt: 243ms | tok/sec: 1,078,111 | mfu: 26.0% | epoch: 1 | remaining: 80s    
step 01276 (73.4%) | loss: 2.890862 | lrm: 0.53 | dt: 167ms | tok/sec: 1,565,225 | mfu: 37.8% | epoch: 1 | remaining: 79s    
step 01277 (73.5%) | loss: 2.894830 | lrm: 0.53 | dt: 161ms | tok/sec: 1,628,802 | mfu: 39.4% | epoch: 1 | remaining: 79s    
step 01278 (73.6%) | loss: 2.894897 | lrm: 0.53 | dt: 161ms | tok/sec: 1,632,374 | mfu: 39.4% | epoch: 1 | remaining: 79s    
step 01279 (73.6%) | loss: 2.898069 | lrm: 0.53 | dt: 180ms | tok/sec: 1,458,131 | mfu: 35.2% | epoch: 1 | remaining: 79s    
step 01280 (73.7%) | loss: 2.896675 | lrm: 0.53 | dt: 159ms | tok/sec: 1,648,779 | mfu: 39.8% | epoch: 1 | remaining: 79s    
step 01281 (73.7%) | loss: 2.896167 | lrm: 0.53 | dt: 173ms | tok/sec: 1,516,059 | mfu: 36.6% | epoch: 1 | remaining: 79s    
step 01282 (73.8%) | loss: 2.899705 | lrm: 0.52 | dt: 167ms | tok/sec: 1,565,473 | mfu: 37.8% | epoch: 1 | remaining: 78s    
step 01283 (73.8%) | loss: 2.898360 | lrm: 0.52 | dt: 162ms | tok/sec: 1,619,548 | mfu: 39.1% | epoch: 1 | remaining: 78s    
step 01284 (73.9%) | loss: 2.895812 | lrm: 0.52 | dt: 167ms | tok/sec: 1,570,665 | mfu: 37.9% | epoch: 1 | remaining: 78s    
step 01285 (73.9%) | loss: 2.895551 | lrm: 0.52 | dt: 165ms | tok/sec: 1,586,548 | mfu: 38.3% | epoch: 1 | remaining: 78s    
step 01286 (74.0%) | loss: 2.899441 | lrm: 0.52 | dt: 177ms | tok/sec: 1,484,157 | mfu: 35.9% | epoch: 1 | remaining: 78s    
step 01287 (74.1%) | loss: 2.897578 | lrm: 0.52 | dt: 189ms | tok/sec: 1,386,934 | mfu: 33.5% | epoch: 1 | remaining: 78s    
step 01288 (74.1%) | loss: 2.894098 | lrm: 0.52 | dt: 159ms | tok/sec: 1,648,579 | mfu: 39.8% | epoch: 1 | remaining: 77s    
step 01289 (74.2%) | loss: 2.887457 | lrm: 0.52 | dt: 166ms | tok/sec: 1,582,500 | mfu: 38.2% | epoch: 1 | remaining: 77s    
step 01290 (74.2%) | loss: 2.890912 | lrm: 0.52 | dt: 163ms | tok/sec: 1,609,056 | mfu: 38.9% | epoch: 1 | remaining: 77s    
step 01291 (74.3%) | loss: 2.886048 | lrm: 0.51 | dt: 162ms | tok/sec: 1,619,615 | mfu: 39.1% | epoch: 1 | remaining: 77s    
step 01292 (74.3%) | loss: 2.883836 | lrm: 0.51 | dt: 166ms | tok/sec: 1,576,256 | mfu: 38.1% | epoch: 1 | remaining: 77s    
step 01293 (74.4%) | loss: 2.885715 | lrm: 0.51 | dt: 170ms | tok/sec: 1,539,975 | mfu: 37.2% | epoch: 1 | remaining: 77s    
step 01294 (74.5%) | loss: 2.888718 | lrm: 0.51 | dt: 207ms | tok/sec: 1,265,855 | mfu: 30.6% | epoch: 1 | remaining: 76s    
step 01295 (74.5%) | loss: 2.890441 | lrm: 0.51 | dt: 175ms | tok/sec: 1,495,242 | mfu: 36.1% | epoch: 1 | remaining: 76s    
step 01296 (74.6%) | loss: 2.891283 | lrm: 0.51 | dt: 174ms | tok/sec: 1,504,844 | mfu: 36.4% | epoch: 1 | remaining: 76s    
step 01297 (74.6%) | loss: 2.892065 | lrm: 0.51 | dt: 165ms | tok/sec: 1,593,100 | mfu: 38.5% | epoch: 1 | remaining: 76s    
step 01298 (74.7%) | loss: 2.894079 | lrm: 0.51 | dt: 166ms | tok/sec: 1,576,663 | mfu: 38.1% | epoch: 1 | remaining: 76s    
step 01299 (74.7%) | loss: 2.897401 | lrm: 0.51 | dt: 164ms | tok/sec: 1,603,256 | mfu: 38.7% | epoch: 1 | remaining: 76s    
step 01300 (74.8%) | loss: 2.896266 | lrm: 0.50 | dt: 227ms | tok/sec: 1,155,592 | mfu: 27.9% | epoch: 1 | remaining: 75s    
step 01301 (74.9%) | loss: 2.892885 | lrm: 0.50 | dt: 167ms | tok/sec: 1,569,027 | mfu: 37.9% | epoch: 1 | remaining: 75s    
step 01302 (74.9%) | loss: 2.894368 | lrm: 0.50 | dt: 160ms | tok/sec: 1,634,852 | mfu: 39.5% | epoch: 1 | remaining: 75s    
step 01303 (75.0%) | loss: 2.891360 | lrm: 0.50 | dt: 161ms | tok/sec: 1,633,149 | mfu: 39.5% | epoch: 1 | remaining: 75s    
step 01304 (75.0%) | loss: 2.888384 | lrm: 0.50 | dt: 172ms | tok/sec: 1,522,630 | mfu: 36.8% | epoch: 1 | remaining: 75s    
step 01305 (75.1%) | loss: 2.889148 | lrm: 0.50 | dt: 162ms | tok/sec: 1,615,558 | mfu: 39.0% | epoch: 1 | remaining: 75s    
step 01306 (75.2%) | loss: 2.882618 | lrm: 0.50 | dt: 178ms | tok/sec: 1,471,814 | mfu: 35.6% | epoch: 1 | remaining: 74s    
step 01307 (75.2%) | loss: 2.883137 | lrm: 0.50 | dt: 167ms | tok/sec: 1,573,340 | mfu: 38.0% | epoch: 1 | remaining: 74s    
step 01308 (75.3%) | loss: 2.884964 | lrm: 0.49 | dt: 159ms | tok/sec: 1,646,806 | mfu: 39.8% | epoch: 1 | remaining: 74s    
step 01309 (75.3%) | loss: 2.884808 | lrm: 0.49 | dt: 163ms | tok/sec: 1,613,071 | mfu: 39.0% | epoch: 1 | remaining: 74s    
step 01310 (75.4%) | loss: 2.883960 | lrm: 0.49 | dt: 164ms | tok/sec: 1,602,027 | mfu: 38.7% | epoch: 1 | remaining: 74s    
step 01311 (75.4%) | loss: 2.882041 | lrm: 0.49 | dt: 164ms | tok/sec: 1,594,481 | mfu: 38.5% | epoch: 1 | remaining: 74s    
step 01312 (75.5%) | loss: 2.877815 | lrm: 0.49 | dt: 172ms | tok/sec: 1,521,013 | mfu: 36.8% | epoch: 1 | remaining: 73s    
step 01313 (75.5%) | loss: 2.873861 | lrm: 0.49 | dt: 167ms | tok/sec: 1,567,260 | mfu: 37.9% | epoch: 1 | remaining: 73s    
step 01314 (75.6%) | loss: 2.880906 | lrm: 0.49 | dt: 163ms | tok/sec: 1,609,949 | mfu: 38.9% | epoch: 1 | remaining: 73s    
step 01315 (75.7%) | loss: 2.884693 | lrm: 0.49 | dt: 163ms | tok/sec: 1,612,705 | mfu: 39.0% | epoch: 1 | remaining: 73s    
step 01316 (75.7%) | loss: 2.880696 | lrm: 0.49 | dt: 164ms | tok/sec: 1,597,792 | mfu: 38.6% | epoch: 1 | remaining: 73s    
step 01317 (75.8%) | loss: 2.882873 | lrm: 0.48 | dt: 180ms | tok/sec: 1,456,154 | mfu: 35.2% | epoch: 1 | remaining: 73s    
step 01318 (75.8%) | loss: 2.882881 | lrm: 0.48 | dt: 164ms | tok/sec: 1,594,856 | mfu: 38.5% | epoch: 1 | remaining: 72s    
step 01319 (75.9%) | loss: 2.882501 | lrm: 0.48 | dt: 167ms | tok/sec: 1,570,098 | mfu: 37.9% | epoch: 1 | remaining: 72s    
step 01320 (75.9%) | loss: 2.886953 | lrm: 0.48 | dt: 171ms | tok/sec: 1,531,026 | mfu: 37.0% | epoch: 1 | remaining: 72s    
step 01321 (76.0%) | loss: 2.884812 | lrm: 0.48 | dt: 176ms | tok/sec: 1,486,001 | mfu: 35.9% | epoch: 1 | remaining: 72s    
step 01322 (76.0%) | loss: 2.883620 | lrm: 0.48 | dt: 167ms | tok/sec: 1,568,902 | mfu: 37.9% | epoch: 1 | remaining: 72s    
step 01323 (76.1%) | loss: 2.887774 | lrm: 0.48 | dt: 162ms | tok/sec: 1,613,317 | mfu: 39.0% | epoch: 1 | remaining: 72s    
step 01324 (76.2%) | loss: 2.888725 | lrm: 0.48 | dt: 166ms | tok/sec: 1,576,541 | mfu: 38.1% | epoch: 1 | remaining: 71s    
step 01325 (76.2%) | loss: 2.890731 | lrm: 0.48 | dt: 167ms | tok/sec: 1,573,432 | mfu: 38.0% | epoch: 1 | remaining: 71s    
step 01326 (76.3%) | loss: 2.885265 | lrm: 0.47 | dt: 193ms | tok/sec: 1,356,994 | mfu: 32.8% | epoch: 1 | remaining: 71s    
step 01327 (76.3%) | loss: 2.882181 | lrm: 0.47 | dt: 159ms | tok/sec: 1,645,081 | mfu: 39.7% | epoch: 1 | remaining: 71s    
step 01328 (76.4%) | loss: 2.883933 | lrm: 0.47 | dt: 174ms | tok/sec: 1,507,543 | mfu: 36.4% | epoch: 1 | remaining: 71s    
step 01329 (76.4%) | loss: 2.881299 | lrm: 0.47 | dt: 162ms | tok/sec: 1,621,643 | mfu: 39.2% | epoch: 1 | remaining: 71s    
step 01330 (76.5%) | loss: 2.878319 | lrm: 0.47 | dt: 166ms | tok/sec: 1,577,523 | mfu: 38.1% | epoch: 1 | remaining: 70s    
step 01331 (76.6%) | loss: 2.877966 | lrm: 0.47 | dt: 329ms | tok/sec: 796,766 | mfu: 19.3% | epoch: 1 | remaining: 70s    
step 01332 (76.7%) | loss: 2.869968 | lrm: 0.47 | dt: 177ms | tok/sec: 1,479,506 | mfu: 35.7% | epoch: 1 | remaining: 70s    
step 01333 (76.7%) | loss: 2.867265 | lrm: 0.47 | dt: 175ms | tok/sec: 1,500,216 | mfu: 36.2% | epoch: 1 | remaining: 70s    
step 01334 (76.8%) | loss: 2.868680 | lrm: 0.46 | dt: 160ms | tok/sec: 1,643,006 | mfu: 39.7% | epoch: 1 | remaining: 70s    
step 01335 (76.8%) | loss: 2.867926 | lrm: 0.46 | dt: 161ms | tok/sec: 1,628,488 | mfu: 39.3% | epoch: 1 | remaining: 69s    
step 01336 (76.9%) | loss: 2.871725 | lrm: 0.46 | dt: 178ms | tok/sec: 1,469,894 | mfu: 35.5% | epoch: 1 | remaining: 69s    
step 01337 (76.9%) | loss: 2.871532 | lrm: 0.46 | dt: 181ms | tok/sec: 1,447,198 | mfu: 35.0% | epoch: 1 | remaining: 69s    
step 01338 (77.0%) | loss: 2.868250 | lrm: 0.46 | dt: 194ms | tok/sec: 1,353,399 | mfu: 32.7% | epoch: 1 | remaining: 69s    
step 01339 (77.1%) | loss: 2.868448 | lrm: 0.46 | dt: 158ms | tok/sec: 1,655,579 | mfu: 40.0% | epoch: 1 | remaining: 69s    
step 01340 (77.1%) | loss: 2.865557 | lrm: 0.46 | dt: 171ms | tok/sec: 1,531,137 | mfu: 37.0% | epoch: 1 | remaining: 68s    
step 01341 (77.2%) | loss: 2.872384 | lrm: 0.46 | dt: 167ms | tok/sec: 1,573,572 | mfu: 38.0% | epoch: 1 | remaining: 68s    
step 01342 (77.2%) | loss: 2.868204 | lrm: 0.46 | dt: 162ms | tok/sec: 1,620,181 | mfu: 39.1% | epoch: 1 | remaining: 68s    
step 01343 (77.3%) | loss: 2.874112 | lrm: 0.45 | dt: 169ms | tok/sec: 1,549,670 | mfu: 37.4% | epoch: 1 | remaining: 68s    
step 01344 (77.3%) | loss: 2.871674 | lrm: 0.45 | dt: 172ms | tok/sec: 1,526,630 | mfu: 36.9% | epoch: 1 | remaining: 68s    
step 01345 (77.4%) | loss: 2.869471 | lrm: 0.45 | dt: 171ms | tok/sec: 1,531,118 | mfu: 37.0% | epoch: 1 | remaining: 68s    
step 01346 (77.5%) | loss: 2.874616 | lrm: 0.45 | dt: 162ms | tok/sec: 1,621,497 | mfu: 39.2% | epoch: 1 | remaining: 67s    
step 01347 (77.5%) | loss: 2.872628 | lrm: 0.45 | dt: 197ms | tok/sec: 1,332,990 | mfu: 32.2% | epoch: 1 | remaining: 67s    
step 01348 (77.6%) | loss: 2.867226 | lrm: 0.45 | dt: 160ms | tok/sec: 1,642,908 | mfu: 39.7% | epoch: 1 | remaining: 67s    
step 01349 (77.6%) | loss: 2.865546 | lrm: 0.45 | dt: 186ms | tok/sec: 1,410,738 | mfu: 34.1% | epoch: 1 | remaining: 67s    
step 01350 (77.7%) | loss: 2.866162 | lrm: 0.45 | dt: 159ms | tok/sec: 1,644,830 | mfu: 39.7% | epoch: 1 | remaining: 67s    
step 01351 (77.7%) | loss: 2.866450 | lrm: 0.45 | dt: 160ms | tok/sec: 1,636,899 | mfu: 39.5% | epoch: 1 | remaining: 67s    
step 01352 (77.8%) | loss: 2.870623 | lrm: 0.44 | dt: 183ms | tok/sec: 1,431,597 | mfu: 34.6% | epoch: 1 | remaining: 66s    
step 01353 (77.9%) | loss: 2.873625 | lrm: 0.44 | dt: 176ms | tok/sec: 1,486,149 | mfu: 35.9% | epoch: 1 | remaining: 66s    
step 01354 (77.9%) | loss: 2.871106 | lrm: 0.44 | dt: 168ms | tok/sec: 1,559,832 | mfu: 37.7% | epoch: 1 | remaining: 66s    
step 01355 (78.0%) | loss: 2.873097 | lrm: 0.44 | dt: 164ms | tok/sec: 1,602,293 | mfu: 38.7% | epoch: 1 | remaining: 66s    
step 01356 (78.0%) | loss: 2.874263 | lrm: 0.44 | dt: 164ms | tok/sec: 1,597,637 | mfu: 38.6% | epoch: 1 | remaining: 66s    
step 01357 (78.1%) | loss: 2.878756 | lrm: 0.44 | dt: 203ms | tok/sec: 1,292,474 | mfu: 31.2% | epoch: 1 | remaining: 66s    
step 01358 (78.2%) | loss: 2.880345 | lrm: 0.44 | dt: 159ms | tok/sec: 1,648,848 | mfu: 39.8% | epoch: 1 | remaining: 65s    
step 01359 (78.2%) | loss: 2.876708 | lrm: 0.44 | dt: 166ms | tok/sec: 1,578,617 | mfu: 38.1% | epoch: 1 | remaining: 65s    
step 01360 (78.3%) | loss: 2.877092 | lrm: 0.43 | dt: 201ms | tok/sec: 1,307,443 | mfu: 31.6% | epoch: 1 | remaining: 65s    
step 01361 (78.3%) | loss: 2.874668 | lrm: 0.43 | dt: 172ms | tok/sec: 1,523,555 | mfu: 36.8% | epoch: 1 | remaining: 65s    
step 01362 (78.4%) | loss: 2.873329 | lrm: 0.43 | dt: 161ms | tok/sec: 1,631,063 | mfu: 39.4% | epoch: 1 | remaining: 65s    
step 01363 (78.4%) | loss: 2.870574 | lrm: 0.43 | dt: 164ms | tok/sec: 1,597,001 | mfu: 38.6% | epoch: 1 | remaining: 65s    
step 01364 (78.5%) | loss: 2.871548 | lrm: 0.43 | dt: 163ms | tok/sec: 1,605,895 | mfu: 38.8% | epoch: 1 | remaining: 64s    
step 01365 (78.5%) | loss: 2.871104 | lrm: 0.43 | dt: 165ms | tok/sec: 1,587,561 | mfu: 38.4% | epoch: 1 | remaining: 64s    
step 01366 (78.6%) | loss: 2.870457 | lrm: 0.43 | dt: 174ms | tok/sec: 1,510,314 | mfu: 36.5% | epoch: 1 | remaining: 64s    
step 01367 (78.7%) | loss: 2.877817 | lrm: 0.43 | dt: 166ms | tok/sec: 1,575,931 | mfu: 38.1% | epoch: 1 | remaining: 64s    
step 01368 (78.7%) | loss: 2.876103 | lrm: 0.43 | dt: 162ms | tok/sec: 1,619,608 | mfu: 39.1% | epoch: 1 | remaining: 64s    
step 01369 (78.8%) | loss: 2.872843 | lrm: 0.42 | dt: 164ms | tok/sec: 1,598,278 | mfu: 38.6% | epoch: 1 | remaining: 64s    
step 01370 (78.8%) | loss: 2.873986 | lrm: 0.42 | dt: 161ms | tok/sec: 1,631,782 | mfu: 39.4% | epoch: 1 | remaining: 63s    
step 01371 (78.9%) | loss: 2.878805 | lrm: 0.42 | dt: 169ms | tok/sec: 1,551,529 | mfu: 37.5% | epoch: 1 | remaining: 63s    
step 01372 (78.9%) | loss: 2.874412 | lrm: 0.42 | dt: 168ms | tok/sec: 1,564,619 | mfu: 37.8% | epoch: 1 | remaining: 63s    
step 01373 (79.0%) | loss: 2.874685 | lrm: 0.42 | dt: 174ms | tok/sec: 1,502,658 | mfu: 36.3% | epoch: 1 | remaining: 63s    
step 01374 (79.1%) | loss: 2.873565 | lrm: 0.42 | dt: 162ms | tok/sec: 1,614,556 | mfu: 39.0% | epoch: 1 | remaining: 63s    
step 01375 (79.1%) | loss: 2.875487 | lrm: 0.42 | dt: 166ms | tok/sec: 1,583,893 | mfu: 38.3% | epoch: 1 | remaining: 63s    
step 01376 (79.2%) | loss: 2.877739 | lrm: 0.42 | dt: 181ms | tok/sec: 1,449,072 | mfu: 35.0% | epoch: 1 | remaining: 62s    
step 01377 (79.2%) | loss: 2.877421 | lrm: 0.42 | dt: 160ms | tok/sec: 1,638,211 | mfu: 39.6% | epoch: 1 | remaining: 62s    
step 01378 (79.3%) | loss: 2.876922 | lrm: 0.41 | dt: 170ms | tok/sec: 1,543,962 | mfu: 37.3% | epoch: 1 | remaining: 62s    
step 01379 (79.3%) | loss: 2.878784 | lrm: 0.41 | dt: 166ms | tok/sec: 1,578,864 | mfu: 38.1% | epoch: 1 | remaining: 62s    
step 01380 (79.4%) | loss: 2.880702 | lrm: 0.41 | dt: 191ms | tok/sec: 1,370,469 | mfu: 33.1% | epoch: 1 | remaining: 62s    
step 01381 (79.4%) | loss: 2.877659 | lrm: 0.41 | dt: 159ms | tok/sec: 1,650,217 | mfu: 39.9% | epoch: 1 | remaining: 61s    
step 01382 (79.5%) | loss: 2.871052 | lrm: 0.41 | dt: 162ms | tok/sec: 1,618,921 | mfu: 39.1% | epoch: 1 | remaining: 61s    
step 01383 (79.6%) | loss: 2.873102 | lrm: 0.41 | dt: 164ms | tok/sec: 1,600,106 | mfu: 38.7% | epoch: 1 | remaining: 61s    
step 01384 (79.6%) | loss: 2.872529 | lrm: 0.41 | dt: 167ms | tok/sec: 1,573,696 | mfu: 38.0% | epoch: 1 | remaining: 61s    
step 01385 (79.7%) | loss: 2.872013 | lrm: 0.41 | dt: 174ms | tok/sec: 1,504,646 | mfu: 36.4% | epoch: 1 | remaining: 61s    
step 01386 (79.7%) | loss: 2.870222 | lrm: 0.41 | dt: 375ms | tok/sec: 699,444 | mfu: 16.9% | epoch: 1 | remaining: 60s    
step 01387 (79.8%) | loss: 2.868403 | lrm: 0.40 | dt: 172ms | tok/sec: 1,522,502 | mfu: 36.8% | epoch: 1 | remaining: 60s    
step 01388 (79.9%) | loss: 2.868280 | lrm: 0.40 | dt: 159ms | tok/sec: 1,651,404 | mfu: 39.9% | epoch: 1 | remaining: 60s    
step 01389 (80.0%) | loss: 2.872188 | lrm: 0.40 | dt: 161ms | tok/sec: 1,623,204 | mfu: 39.2% | epoch: 1 | remaining: 60s    
step 01390 (80.0%) | loss: 2.871052 | lrm: 0.40 | dt: 161ms | tok/sec: 1,624,813 | mfu: 39.3% | epoch: 1 | remaining: 60s    
step 01391 (80.1%) | loss: 2.870453 | lrm: 0.40 | dt: 160ms | tok/sec: 1,642,928 | mfu: 39.7% | epoch: 1 | remaining: 60s    
step 01392 (80.1%) | loss: 2.870810 | lrm: 0.40 | dt: 179ms | tok/sec: 1,463,344 | mfu: 35.4% | epoch: 1 | remaining: 59s    
step 01393 (80.2%) | loss: 2.869452 | lrm: 0.40 | dt: 168ms | tok/sec: 1,563,107 | mfu: 37.8% | epoch: 1 | remaining: 59s    
step 01394 (80.2%) | loss: 2.870241 | lrm: 0.40 | dt: 164ms | tok/sec: 1,602,954 | mfu: 38.7% | epoch: 1 | remaining: 59s    
step 01395 (80.3%) | loss: 2.870953 | lrm: 0.39 | dt: 163ms | tok/sec: 1,612,546 | mfu: 39.0% | epoch: 1 | remaining: 59s    
step 01396 (80.3%) | loss: 2.868627 | lrm: 0.39 | dt: 166ms | tok/sec: 1,579,916 | mfu: 38.2% | epoch: 1 | remaining: 59s    
step 01397 (80.4%) | loss: 2.868579 | lrm: 0.39 | dt: 232ms | tok/sec: 1,130,122 | mfu: 27.3% | epoch: 1 | remaining: 59s    
step 01398 (80.5%) | loss: 2.873622 | lrm: 0.39 | dt: 209ms | tok/sec: 1,253,471 | mfu: 30.3% | epoch: 1 | remaining: 58s    
step 01399 (80.5%) | loss: 2.872374 | lrm: 0.39 | dt: 192ms | tok/sec: 1,367,502 | mfu: 33.0% | epoch: 1 | remaining: 58s    
step 01400 (80.6%) | loss: 2.872490 | lrm: 0.39 | dt: 159ms | tok/sec: 1,643,972 | mfu: 39.7% | epoch: 1 | remaining: 58s    
step 01401 (80.7%) | loss: 2.871368 | lrm: 0.39 | dt: 173ms | tok/sec: 1,515,526 | mfu: 36.6% | epoch: 1 | remaining: 58s    
step 01402 (80.7%) | loss: 2.874515 | lrm: 0.39 | dt: 159ms | tok/sec: 1,648,319 | mfu: 39.8% | epoch: 1 | remaining: 58s    
step 01403 (80.8%) | loss: 2.875819 | lrm: 0.38 | dt: 161ms | tok/sec: 1,633,220 | mfu: 39.5% | epoch: 1 | remaining: 58s    
step 01404 (80.8%) | loss: 2.873413 | lrm: 0.38 | dt: 180ms | tok/sec: 1,458,963 | mfu: 35.3% | epoch: 1 | remaining: 57s    
step 01405 (80.9%) | loss: 2.871316 | lrm: 0.38 | dt: 168ms | tok/sec: 1,558,969 | mfu: 37.7% | epoch: 1 | remaining: 57s    
step 01406 (80.9%) | loss: 2.870034 | lrm: 0.38 | dt: 162ms | tok/sec: 1,617,169 | mfu: 39.1% | epoch: 1 | remaining: 57s    
step 01407 (81.0%) | loss: 2.875179 | lrm: 0.38 | dt: 170ms | tok/sec: 1,541,380 | mfu: 37.2% | epoch: 1 | remaining: 57s    
step 01408 (81.1%) | loss: 2.867328 | lrm: 0.38 | dt: 166ms | tok/sec: 1,577,127 | mfu: 38.1% | epoch: 1 | remaining: 57s    
step 01409 (81.1%) | loss: 2.864564 | lrm: 0.38 | dt: 165ms | tok/sec: 1,593,040 | mfu: 38.5% | epoch: 1 | remaining: 57s    
step 01410 (81.2%) | loss: 2.864492 | lrm: 0.38 | dt: 170ms | tok/sec: 1,543,971 | mfu: 37.3% | epoch: 1 | remaining: 56s    
step 01411 (81.2%) | loss: 2.861813 | lrm: 0.38 | dt: 169ms | tok/sec: 1,548,354 | mfu: 37.4% | epoch: 1 | remaining: 56s    
step 01412 (81.3%) | loss: 2.862147 | lrm: 0.37 | dt: 164ms | tok/sec: 1,602,597 | mfu: 38.7% | epoch: 1 | remaining: 56s    
step 01413 (81.3%) | loss: 2.860259 | lrm: 0.37 | dt: 175ms | tok/sec: 1,498,940 | mfu: 36.2% | epoch: 1 | remaining: 56s    
step 01414 (81.4%) | loss: 2.861163 | lrm: 0.37 | dt: 159ms | tok/sec: 1,646,027 | mfu: 39.8% | epoch: 1 | remaining: 56s    
step 01415 (81.4%) | loss: 2.857314 | lrm: 0.37 | dt: 166ms | tok/sec: 1,575,179 | mfu: 38.1% | epoch: 1 | remaining: 56s    
step 01416 (81.5%) | loss: 2.850969 | lrm: 0.37 | dt: 179ms | tok/sec: 1,467,966 | mfu: 35.5% | epoch: 1 | remaining: 55s    
step 01417 (81.6%) | loss: 2.852987 | lrm: 0.37 | dt: 198ms | tok/sec: 1,327,308 | mfu: 32.1% | epoch: 1 | remaining: 55s    
step 01418 (81.6%) | loss: 2.850511 | lrm: 0.37 | dt: 178ms | tok/sec: 1,471,349 | mfu: 35.6% | epoch: 1 | remaining: 55s    
step 01419 (81.7%) | loss: 2.851922 | lrm: 0.37 | dt: 169ms | tok/sec: 1,550,013 | mfu: 37.5% | epoch: 1 | remaining: 55s    
step 01420 (81.7%) | loss: 2.849338 | lrm: 0.37 | dt: 168ms | tok/sec: 1,564,677 | mfu: 37.8% | epoch: 1 | remaining: 55s    
step 01421 (81.8%) | loss: 2.847591 | lrm: 0.36 | dt: 159ms | tok/sec: 1,644,990 | mfu: 39.7% | epoch: 1 | remaining: 54s    
step 01422 (81.8%) | loss: 2.843352 | lrm: 0.36 | dt: 164ms | tok/sec: 1,595,970 | mfu: 38.6% | epoch: 1 | remaining: 54s    
step 01423 (81.9%) | loss: 2.843474 | lrm: 0.36 | dt: 171ms | tok/sec: 1,528,708 | mfu: 36.9% | epoch: 1 | remaining: 54s    
step 01424 (82.0%) | loss: 2.845102 | lrm: 0.36 | dt: 206ms | tok/sec: 1,269,907 | mfu: 30.7% | epoch: 1 | remaining: 54s    
step 01425 (82.0%) | loss: 2.849162 | lrm: 0.36 | dt: 158ms | tok/sec: 1,657,516 | mfu: 40.0% | epoch: 1 | remaining: 54s    
step 01426 (82.1%) | loss: 2.848842 | lrm: 0.36 | dt: 161ms | tok/sec: 1,630,299 | mfu: 39.4% | epoch: 1 | remaining: 54s    
step 01427 (82.1%) | loss: 2.849618 | lrm: 0.36 | dt: 165ms | tok/sec: 1,590,788 | mfu: 38.4% | epoch: 1 | remaining: 53s    
step 01428 (82.2%) | loss: 2.851787 | lrm: 0.36 | dt: 162ms | tok/sec: 1,622,708 | mfu: 39.2% | epoch: 1 | remaining: 53s    
step 01429 (82.2%) | loss: 2.851315 | lrm: 0.36 | dt: 228ms | tok/sec: 1,151,429 | mfu: 27.8% | epoch: 1 | remaining: 53s    
step 01430 (82.3%) | loss: 2.849852 | lrm: 0.35 | dt: 160ms | tok/sec: 1,643,230 | mfu: 39.7% | epoch: 1 | remaining: 53s    
step 01431 (82.4%) | loss: 2.847327 | lrm: 0.35 | dt: 167ms | tok/sec: 1,574,234 | mfu: 38.0% | epoch: 1 | remaining: 53s    
step 01432 (82.4%) | loss: 2.846210 | lrm: 0.35 | dt: 159ms | tok/sec: 1,651,496 | mfu: 39.9% | epoch: 1 | remaining: 53s    
step 01433 (82.5%) | loss: 2.843896 | lrm: 0.35 | dt: 159ms | tok/sec: 1,644,914 | mfu: 39.7% | epoch: 1 | remaining: 52s    
step 01434 (82.5%) | loss: 2.840560 | lrm: 0.35 | dt: 178ms | tok/sec: 1,471,729 | mfu: 35.6% | epoch: 1 | remaining: 52s    
step 01435 (82.6%) | loss: 2.843100 | lrm: 0.35 | dt: 173ms | tok/sec: 1,516,387 | mfu: 36.6% | epoch: 1 | remaining: 52s    
step 01436 (82.7%) | loss: 2.845823 | lrm: 0.35 | dt: 166ms | tok/sec: 1,581,328 | mfu: 38.2% | epoch: 1 | remaining: 52s    
step 01437 (82.7%) | loss: 2.841689 | lrm: 0.35 | dt: 163ms | tok/sec: 1,608,143 | mfu: 38.9% | epoch: 1 | remaining: 52s    
step 01438 (82.8%) | loss: 2.837495 | lrm: 0.34 | dt: 177ms | tok/sec: 1,478,987 | mfu: 35.7% | epoch: 1 | remaining: 52s    
step 01439 (82.8%) | loss: 2.840886 | lrm: 0.34 | dt: 160ms | tok/sec: 1,635,975 | mfu: 39.5% | epoch: 1 | remaining: 51s    
step 01440 (82.9%) | loss: 2.837970 | lrm: 0.34 | dt: 165ms | tok/sec: 1,584,479 | mfu: 38.3% | epoch: 1 | remaining: 51s    
step 01441 (82.9%) | loss: 2.838118 | lrm: 0.34 | dt: 170ms | tok/sec: 1,544,620 | mfu: 37.3% | epoch: 1 | remaining: 51s    
step 01442 (83.0%) | loss: 2.836884 | lrm: 0.34 | dt: 166ms | tok/sec: 1,583,715 | mfu: 38.3% | epoch: 1 | remaining: 51s    
step 01443 (83.0%) | loss: 2.837243 | lrm: 0.34 | dt: 272ms | tok/sec: 963,316 | mfu: 23.3% | epoch: 1 | remaining: 51s    
step 01444 (83.1%) | loss: 2.838766 | lrm: 0.34 | dt: 160ms | tok/sec: 1,643,431 | mfu: 39.7% | epoch: 1 | remaining: 50s    
step 01445 (83.2%) | loss: 2.839010 | lrm: 0.34 | dt: 198ms | tok/sec: 1,321,850 | mfu: 31.9% | epoch: 1 | remaining: 50s    
step 01446 (83.3%) | loss: 2.838310 | lrm: 0.33 | dt: 184ms | tok/sec: 1,427,577 | mfu: 34.5% | epoch: 1 | remaining: 50s    
step 01447 (83.3%) | loss: 2.837917 | lrm: 0.33 | dt: 160ms | tok/sec: 1,635,881 | mfu: 39.5% | epoch: 1 | remaining: 50s    
step 01448 (83.4%) | loss: 2.836257 | lrm: 0.33 | dt: 168ms | tok/sec: 1,558,428 | mfu: 37.7% | epoch: 1 | remaining: 50s    
step 01449 (83.4%) | loss: 2.833437 | lrm: 0.33 | dt: 169ms | tok/sec: 1,547,187 | mfu: 37.4% | epoch: 1 | remaining: 50s    
step 01450 (83.5%) | loss: 2.833644 | lrm: 0.33 | dt: 179ms | tok/sec: 1,462,052 | mfu: 35.3% | epoch: 1 | remaining: 49s    
step 01451 (83.5%) | loss: 2.837576 | lrm: 0.33 | dt: 192ms | tok/sec: 1,364,220 | mfu: 33.0% | epoch: 1 | remaining: 49s    
step 01452 (83.6%) | loss: 2.839280 | lrm: 0.33 | dt: 164ms | tok/sec: 1,602,356 | mfu: 38.7% | epoch: 1 | remaining: 49s    
step 01453 (83.7%) | loss: 2.839913 | lrm: 0.33 | dt: 220ms | tok/sec: 1,189,091 | mfu: 28.7% | epoch: 1 | remaining: 49s    
step 01454 (83.7%) | loss: 2.836762 | lrm: 0.33 | dt: 159ms | tok/sec: 1,644,670 | mfu: 39.7% | epoch: 1 | remaining: 49s    
step 01455 (83.8%) | loss: 2.837701 | lrm: 0.32 | dt: 168ms | tok/sec: 1,558,430 | mfu: 37.7% | epoch: 1 | remaining: 48s    
step 01456 (83.8%) | loss: 2.840217 | lrm: 0.32 | dt: 161ms | tok/sec: 1,632,822 | mfu: 39.5% | epoch: 1 | remaining: 48s    
step 01457 (83.9%) | loss: 2.840767 | lrm: 0.32 | dt: 168ms | tok/sec: 1,557,721 | mfu: 37.6% | epoch: 1 | remaining: 48s    
step 01458 (83.9%) | loss: 2.839974 | lrm: 0.32 | dt: 163ms | tok/sec: 1,608,082 | mfu: 38.9% | epoch: 1 | remaining: 48s    
step 01459 (84.0%) | loss: 2.841904 | lrm: 0.32 | dt: 177ms | tok/sec: 1,482,740 | mfu: 35.8% | epoch: 1 | remaining: 48s    
step 01460 (84.1%) | loss: 2.840021 | lrm: 0.32 | dt: 166ms | tok/sec: 1,578,843 | mfu: 38.1% | epoch: 1 | remaining: 48s    
step 01461 (84.1%) | loss: 2.837935 | lrm: 0.32 | dt: 165ms | tok/sec: 1,586,205 | mfu: 38.3% | epoch: 1 | remaining: 47s    
step 01462 (84.2%) | loss: 2.839711 | lrm: 0.32 | dt: 186ms | tok/sec: 1,408,458 | mfu: 34.0% | epoch: 1 | remaining: 47s    
step 01463 (84.2%) | loss: 2.833742 | lrm: 0.32 | dt: 160ms | tok/sec: 1,634,562 | mfu: 39.5% | epoch: 1 | remaining: 47s    
step 01464 (84.3%) | loss: 2.833275 | lrm: 0.31 | dt: 174ms | tok/sec: 1,504,241 | mfu: 36.3% | epoch: 1 | remaining: 47s    
step 01465 (84.3%) | loss: 2.835431 | lrm: 0.31 | dt: 166ms | tok/sec: 1,581,833 | mfu: 38.2% | epoch: 1 | remaining: 47s    
step 01466 (84.4%) | loss: 2.832211 | lrm: 0.31 | dt: 167ms | tok/sec: 1,571,775 | mfu: 38.0% | epoch: 1 | remaining: 47s    
step 01467 (84.5%) | loss: 2.832779 | lrm: 0.31 | dt: 165ms | tok/sec: 1,591,834 | mfu: 38.5% | epoch: 1 | remaining: 46s    
step 01468 (84.5%) | loss: 2.826813 | lrm: 0.31 | dt: 166ms | tok/sec: 1,575,886 | mfu: 38.1% | epoch: 1 | remaining: 46s    
step 01469 (84.6%) | loss: 2.827714 | lrm: 0.31 | dt: 165ms | tok/sec: 1,588,866 | mfu: 38.4% | epoch: 1 | remaining: 46s    
step 01470 (84.6%) | loss: 2.823682 | lrm: 0.31 | dt: 167ms | tok/sec: 1,568,915 | mfu: 37.9% | epoch: 1 | remaining: 46s    
step 01471 (84.7%) | loss: 2.822769 | lrm: 0.31 | dt: 175ms | tok/sec: 1,502,099 | mfu: 36.3% | epoch: 1 | remaining: 46s    
step 01472 (84.7%) | loss: 2.819906 | lrm: 0.31 | dt: 164ms | tok/sec: 1,596,519 | mfu: 38.6% | epoch: 1 | remaining: 46s    
step 01473 (84.8%) | loss: 2.822954 | lrm: 0.30 | dt: 167ms | tok/sec: 1,569,654 | mfu: 37.9% | epoch: 1 | remaining: 45s    
step 01474 (84.8%) | loss: 2.822518 | lrm: 0.30 | dt: 166ms | tok/sec: 1,578,535 | mfu: 38.1% | epoch: 1 | remaining: 45s    
step 01475 (84.9%) | loss: 2.822305 | lrm: 0.30 | dt: 166ms | tok/sec: 1,576,236 | mfu: 38.1% | epoch: 1 | remaining: 45s    
step 01476 (85.0%) | loss: 2.820980 | lrm: 0.30 | dt: 167ms | tok/sec: 1,565,745 | mfu: 37.8% | epoch: 1 | remaining: 45s    
step 01477 (85.0%) | loss: 2.822699 | lrm: 0.30 | dt: 167ms | tok/sec: 1,565,544 | mfu: 37.8% | epoch: 1 | remaining: 45s    
step 01478 (85.1%) | loss: 2.827631 | lrm: 0.30 | dt: 210ms | tok/sec: 1,247,047 | mfu: 30.1% | epoch: 1 | remaining: 45s    
step 01479 (85.1%) | loss: 2.828886 | lrm: 0.30 | dt: 194ms | tok/sec: 1,354,650 | mfu: 32.7% | epoch: 1 | remaining: 44s    
step 01480 (85.2%) | loss: 2.825125 | lrm: 0.30 | dt: 195ms | tok/sec: 1,341,051 | mfu: 32.4% | epoch: 1 | remaining: 44s    
step 01481 (85.3%) | loss: 2.829369 | lrm: 0.29 | dt: 161ms | tok/sec: 1,632,550 | mfu: 39.4% | epoch: 1 | remaining: 44s    
step 01482 (85.3%) | loss: 2.829560 | lrm: 0.29 | dt: 162ms | tok/sec: 1,617,559 | mfu: 39.1% | epoch: 1 | remaining: 44s    
step 01483 (85.4%) | loss: 2.833075 | lrm: 0.29 | dt: 179ms | tok/sec: 1,463,268 | mfu: 35.4% | epoch: 1 | remaining: 44s    
step 01484 (85.4%) | loss: 2.829054 | lrm: 0.29 | dt: 161ms | tok/sec: 1,624,221 | mfu: 39.2% | epoch: 1 | remaining: 44s    
step 01485 (85.5%) | loss: 2.825286 | lrm: 0.29 | dt: 228ms | tok/sec: 1,149,349 | mfu: 27.8% | epoch: 1 | remaining: 43s    
step 01486 (85.6%) | loss: 2.825770 | lrm: 0.29 | dt: 160ms | tok/sec: 1,638,098 | mfu: 39.6% | epoch: 1 | remaining: 43s    
step 01487 (85.6%) | loss: 2.824764 | lrm: 0.29 | dt: 175ms | tok/sec: 1,493,834 | mfu: 36.1% | epoch: 1 | remaining: 43s    
step 01488 (85.7%) | loss: 2.825813 | lrm: 0.29 | dt: 160ms | tok/sec: 1,635,085 | mfu: 39.5% | epoch: 1 | remaining: 43s    
step 01489 (85.7%) | loss: 2.824862 | lrm: 0.29 | dt: 162ms | tok/sec: 1,620,971 | mfu: 39.2% | epoch: 1 | remaining: 43s    
step 01490 (85.8%) | loss: 2.824250 | lrm: 0.28 | dt: 162ms | tok/sec: 1,617,609 | mfu: 39.1% | epoch: 1 | remaining: 42s    
step 01491 (85.8%) | loss: 2.822873 | lrm: 0.28 | dt: 181ms | tok/sec: 1,447,958 | mfu: 35.0% | epoch: 1 | remaining: 42s    
step 01492 (85.9%) | loss: 2.825451 | lrm: 0.28 | dt: 174ms | tok/sec: 1,502,841 | mfu: 36.3% | epoch: 1 | remaining: 42s    
step 01493 (86.0%) | loss: 2.823401 | lrm: 0.28 | dt: 161ms | tok/sec: 1,626,258 | mfu: 39.3% | epoch: 1 | remaining: 42s    
step 01494 (86.0%) | loss: 2.826876 | lrm: 0.28 | dt: 162ms | tok/sec: 1,619,932 | mfu: 39.1% | epoch: 1 | remaining: 42s    
step 01495 (86.1%) | loss: 2.829512 | lrm: 0.28 | dt: 195ms | tok/sec: 1,343,300 | mfu: 32.5% | epoch: 1 | remaining: 42s    
step 01496 (86.1%) | loss: 2.831139 | lrm: 0.28 | dt: 160ms | tok/sec: 1,637,915 | mfu: 39.6% | epoch: 1 | remaining: 41s    
step 01497 (86.2%) | loss: 2.834485 | lrm: 0.28 | dt: 215ms | tok/sec: 1,220,494 | mfu: 29.5% | epoch: 1 | remaining: 41s    
step 01498 (86.3%) | loss: 2.833637 | lrm: 0.27 | dt: 202ms | tok/sec: 1,297,677 | mfu: 31.4% | epoch: 1 | remaining: 41s    
step 01499 (86.3%) | loss: 2.832337 | lrm: 0.27 | dt: 167ms | tok/sec: 1,566,871 | mfu: 37.9% | epoch: 1 | remaining: 41s    
step 01500 (86.4%) | loss: 2.835574 | lrm: 0.27 | dt: 170ms | tok/sec: 1,541,382 | mfu: 37.2% | epoch: 1 | remaining: 41s    
step 01501 (86.4%) | loss: 2.836081 | lrm: 0.27 | dt: 202ms | tok/sec: 1,294,548 | mfu: 31.3% | epoch: 1 | remaining: 40s    
step 01502 (86.5%) | loss: 2.841863 | lrm: 0.27 | dt: 209ms | tok/sec: 1,255,768 | mfu: 30.3% | epoch: 1 | remaining: 40s    
step 01503 (86.6%) | loss: 2.842632 | lrm: 0.27 | dt: 170ms | tok/sec: 1,543,761 | mfu: 37.3% | epoch: 1 | remaining: 40s    
step 01504 (86.6%) | loss: 2.839563 | lrm: 0.27 | dt: 175ms | tok/sec: 1,495,069 | mfu: 36.1% | epoch: 1 | remaining: 40s    
step 01505 (86.7%) | loss: 2.834994 | lrm: 0.27 | dt: 159ms | tok/sec: 1,653,659 | mfu: 40.0% | epoch: 1 | remaining: 40s    
step 01506 (86.7%) | loss: 2.833923 | lrm: 0.27 | dt: 162ms | tok/sec: 1,618,116 | mfu: 39.1% | epoch: 1 | remaining: 40s    
step 01507 (86.8%) | loss: 2.834268 | lrm: 0.26 | dt: 167ms | tok/sec: 1,568,866 | mfu: 37.9% | epoch: 1 | remaining: 39s    
step 01508 (86.9%) | loss: 2.832739 | lrm: 0.26 | dt: 175ms | tok/sec: 1,499,985 | mfu: 36.2% | epoch: 1 | remaining: 39s    
step 01509 (86.9%) | loss: 2.829538 | lrm: 0.26 | dt: 184ms | tok/sec: 1,423,633 | mfu: 34.4% | epoch: 1 | remaining: 39s    
step 01510 (87.0%) | loss: 2.831810 | lrm: 0.26 | dt: 185ms | tok/sec: 1,417,914 | mfu: 34.3% | epoch: 1 | remaining: 39s    
step 01511 (87.0%) | loss: 2.827651 | lrm: 0.26 | dt: 195ms | tok/sec: 1,343,159 | mfu: 32.5% | epoch: 1 | remaining: 39s    
step 01512 (87.1%) | loss: 2.831237 | lrm: 0.26 | dt: 160ms | tok/sec: 1,636,945 | mfu: 39.6% | epoch: 1 | remaining: 39s    
step 01513 (87.1%) | loss: 2.829643 | lrm: 0.26 | dt: 181ms | tok/sec: 1,446,847 | mfu: 35.0% | epoch: 1 | remaining: 38s    
step 01514 (87.2%) | loss: 2.832232 | lrm: 0.26 | dt: 168ms | tok/sec: 1,559,840 | mfu: 37.7% | epoch: 1 | remaining: 38s    
step 01515 (87.3%) | loss: 2.831676 | lrm: 0.25 | dt: 175ms | tok/sec: 1,499,782 | mfu: 36.2% | epoch: 1 | remaining: 38s    
step 01516 (87.3%) | loss: 2.831608 | lrm: 0.25 | dt: 163ms | tok/sec: 1,609,906 | mfu: 38.9% | epoch: 1 | remaining: 38s    
step 01517 (87.4%) | loss: 2.827947 | lrm: 0.25 | dt: 170ms | tok/sec: 1,538,802 | mfu: 37.2% | epoch: 1 | remaining: 38s    
step 01518 (87.4%) | loss: 2.833962 | lrm: 0.25 | dt: 191ms | tok/sec: 1,372,392 | mfu: 33.2% | epoch: 1 | remaining: 38s    
step 01519 (87.5%) | loss: 2.829220 | lrm: 0.25 | dt: 158ms | tok/sec: 1,654,645 | mfu: 40.0% | epoch: 1 | remaining: 37s    
step 01520 (87.6%) | loss: 2.825441 | lrm: 0.25 | dt: 199ms | tok/sec: 1,318,703 | mfu: 31.9% | epoch: 1 | remaining: 37s    
step 01521 (87.6%) | loss: 2.825757 | lrm: 0.25 | dt: 159ms | tok/sec: 1,644,144 | mfu: 39.7% | epoch: 1 | remaining: 37s    
step 01522 (87.7%) | loss: 2.827929 | lrm: 0.25 | dt: 166ms | tok/sec: 1,576,550 | mfu: 38.1% | epoch: 1 | remaining: 37s    
step 01523 (87.7%) | loss: 2.827233 | lrm: 0.25 | dt: 165ms | tok/sec: 1,591,288 | mfu: 38.4% | epoch: 1 | remaining: 37s    
step 01524 (87.8%) | loss: 2.826350 | lrm: 0.24 | dt: 171ms | tok/sec: 1,536,139 | mfu: 37.1% | epoch: 1 | remaining: 36s    
step 01525 (87.8%) | loss: 2.834643 | lrm: 0.24 | dt: 184ms | tok/sec: 1,423,470 | mfu: 34.4% | epoch: 1 | remaining: 36s    
step 01526 (87.9%) | loss: 2.840648 | lrm: 0.24 | dt: 172ms | tok/sec: 1,524,987 | mfu: 36.8% | epoch: 1 | remaining: 36s    
step 01527 (88.0%) | loss: 2.838707 | lrm: 0.24 | dt: 179ms | tok/sec: 1,467,269 | mfu: 35.5% | epoch: 1 | remaining: 36s    
step 01528 (88.0%) | loss: 2.836993 | lrm: 0.24 | dt: 161ms | tok/sec: 1,626,770 | mfu: 39.3% | epoch: 1 | remaining: 36s    
step 01529 (88.1%) | loss: 2.834255 | lrm: 0.24 | dt: 164ms | tok/sec: 1,598,454 | mfu: 38.6% | epoch: 1 | remaining: 36s    
step 01530 (88.1%) | loss: 2.836039 | lrm: 0.24 | dt: 177ms | tok/sec: 1,482,990 | mfu: 35.8% | epoch: 1 | remaining: 35s    
step 01531 (88.2%) | loss: 2.833016 | lrm: 0.24 | dt: 165ms | tok/sec: 1,586,876 | mfu: 38.3% | epoch: 1 | remaining: 35s    
step 01532 (88.2%) | loss: 2.831571 | lrm: 0.24 | dt: 167ms | tok/sec: 1,567,964 | mfu: 37.9% | epoch: 1 | remaining: 35s    
step 01533 (88.3%) | loss: 2.837704 | lrm: 0.23 | dt: 168ms | tok/sec: 1,559,621 | mfu: 37.7% | epoch: 1 | remaining: 35s    
step 01534 (88.4%) | loss: 2.833030 | lrm: 0.23 | dt: 161ms | tok/sec: 1,625,962 | mfu: 39.3% | epoch: 1 | remaining: 35s    
step 01535 (88.4%) | loss: 2.830464 | lrm: 0.23 | dt: 163ms | tok/sec: 1,609,063 | mfu: 38.9% | epoch: 1 | remaining: 35s    
step 01536 (88.5%) | loss: 2.827518 | lrm: 0.23 | dt: 168ms | tok/sec: 1,560,788 | mfu: 37.7% | epoch: 1 | remaining: 34s    
step 01537 (88.5%) | loss: 2.826878 | lrm: 0.23 | dt: 168ms | tok/sec: 1,558,909 | mfu: 37.7% | epoch: 1 | remaining: 34s    
step 01538 (88.6%) | loss: 2.821698 | lrm: 0.23 | dt: 165ms | tok/sec: 1,584,274 | mfu: 38.3% | epoch: 1 | remaining: 34s    
step 01539 (88.6%) | loss: 2.819881 | lrm: 0.23 | dt: 165ms | tok/sec: 1,589,201 | mfu: 38.4% | epoch: 1 | remaining: 34s    
step 01540 (88.7%) | loss: 2.817179 | lrm: 0.23 | dt: 164ms | tok/sec: 1,595,360 | mfu: 38.5% | epoch: 1 | remaining: 34s    
step 01541 (88.7%) | loss: 2.817550 | lrm: 0.23 | dt: 169ms | tok/sec: 1,553,669 | mfu: 37.5% | epoch: 1 | remaining: 34s    
step 01542 (88.8%) | loss: 2.822201 | lrm: 0.22 | dt: 163ms | tok/sec: 1,611,993 | mfu: 38.9% | epoch: 1 | remaining: 33s    
step 01543 (88.8%) | loss: 2.821080 | lrm: 0.22 | dt: 188ms | tok/sec: 1,396,056 | mfu: 33.7% | epoch: 1 | remaining: 33s    
step 01544 (88.9%) | loss: 2.820471 | lrm: 0.22 | dt: 162ms | tok/sec: 1,621,421 | mfu: 39.2% | epoch: 1 | remaining: 33s    
step 01545 (89.0%) | loss: 2.817682 | lrm: 0.22 | dt: 182ms | tok/sec: 1,442,603 | mfu: 34.9% | epoch: 1 | remaining: 33s    
step 01546 (89.0%) | loss: 2.815376 | lrm: 0.22 | dt: 192ms | tok/sec: 1,368,675 | mfu: 33.1% | epoch: 1 | remaining: 33s    
step 01547 (89.1%) | loss: 2.815903 | lrm: 0.22 | dt: 161ms | tok/sec: 1,632,083 | mfu: 39.4% | epoch: 1 | remaining: 33s    
step 01548 (89.1%) | loss: 2.812458 | lrm: 0.22 | dt: 165ms | tok/sec: 1,588,570 | mfu: 38.4% | epoch: 1 | remaining: 32s    
step 01549 (89.2%) | loss: 2.807859 | lrm: 0.22 | dt: 169ms | tok/sec: 1,551,444 | mfu: 37.5% | epoch: 1 | remaining: 32s    
step 01550 (89.3%) | loss: 2.801931 | lrm: 0.21 | dt: 169ms | tok/sec: 1,552,188 | mfu: 37.5% | epoch: 1 | remaining: 32s    
step 01551 (89.3%) | loss: 2.806750 | lrm: 0.21 | dt: 167ms | tok/sec: 1,572,622 | mfu: 38.0% | epoch: 1 | remaining: 32s    
step 01552 (89.4%) | loss: 2.806325 | lrm: 0.21 | dt: 170ms | tok/sec: 1,545,026 | mfu: 37.3% | epoch: 1 | remaining: 32s    
step 01553 (89.4%) | loss: 2.809029 | lrm: 0.21 | dt: 163ms | tok/sec: 1,609,850 | mfu: 38.9% | epoch: 1 | remaining: 32s    
step 01554 (89.5%) | loss: 2.810508 | lrm: 0.21 | dt: 165ms | tok/sec: 1,589,544 | mfu: 38.4% | epoch: 1 | remaining: 31s    
step 01555 (89.5%) | loss: 2.811241 | lrm: 0.21 | dt: 228ms | tok/sec: 1,148,117 | mfu: 27.7% | epoch: 1 | remaining: 31s    
step 01556 (89.6%) | loss: 2.810070 | lrm: 0.21 | dt: 177ms | tok/sec: 1,480,560 | mfu: 35.8% | epoch: 1 | remaining: 31s    
step 01557 (89.7%) | loss: 2.808013 | lrm: 0.21 | dt: 243ms | tok/sec: 1,078,787 | mfu: 26.1% | epoch: 1 | remaining: 31s    
step 01558 (89.7%) | loss: 2.806561 | lrm: 0.21 | dt: 180ms | tok/sec: 1,455,296 | mfu: 35.2% | epoch: 1 | remaining: 31s    
step 01559 (89.8%) | loss: 2.808806 | lrm: 0.20 | dt: 160ms | tok/sec: 1,637,950 | mfu: 39.6% | epoch: 1 | remaining: 30s    
step 01560 (89.9%) | loss: 2.810842 | lrm: 0.20 | dt: 161ms | tok/sec: 1,624,780 | mfu: 39.3% | epoch: 1 | remaining: 30s    
step 01561 (89.9%) | loss: 2.808179 | lrm: 0.20 | dt: 162ms | tok/sec: 1,615,505 | mfu: 39.0% | epoch: 1 | remaining: 30s    
step 01562 (90.0%) | loss: 2.810038 | lrm: 0.20 | dt: 172ms | tok/sec: 1,526,310 | mfu: 36.9% | epoch: 1 | remaining: 30s    
step 01563 (90.0%) | loss: 2.809027 | lrm: 0.20 | dt: 174ms | tok/sec: 1,503,044 | mfu: 36.3% | epoch: 1 | remaining: 30s    
step 01564 (90.1%) | loss: 2.800593 | lrm: 0.20 | dt: 171ms | tok/sec: 1,533,871 | mfu: 37.1% | epoch: 1 | remaining: 30s    
step 01565 (90.1%) | loss: 2.805353 | lrm: 0.20 | dt: 167ms | tok/sec: 1,568,890 | mfu: 37.9% | epoch: 1 | remaining: 29s    
step 01566 (90.2%) | loss: 2.807177 | lrm: 0.20 | dt: 161ms | tok/sec: 1,623,686 | mfu: 39.2% | epoch: 1 | remaining: 29s    
step 01567 (90.2%) | loss: 2.807368 | lrm: 0.20 | dt: 161ms | tok/sec: 1,626,359 | mfu: 39.3% | epoch: 1 | remaining: 29s    
step 01568 (90.3%) | loss: 2.807842 | lrm: 0.19 | dt: 165ms | tok/sec: 1,592,793 | mfu: 38.5% | epoch: 1 | remaining: 29s    
step 01569 (90.4%) | loss: 2.808587 | lrm: 0.19 | dt: 173ms | tok/sec: 1,515,292 | mfu: 36.6% | epoch: 1 | remaining: 29s    
step 01570 (90.4%) | loss: 2.808313 | lrm: 0.19 | dt: 169ms | tok/sec: 1,550,617 | mfu: 37.5% | epoch: 1 | remaining: 29s    
step 01571 (90.5%) | loss: 2.807633 | lrm: 0.19 | dt: 166ms | tok/sec: 1,581,380 | mfu: 38.2% | epoch: 1 | remaining: 28s    
step 01572 (90.5%) | loss: 2.809412 | lrm: 0.19 | dt: 162ms | tok/sec: 1,623,034 | mfu: 39.2% | epoch: 1 | remaining: 28s    
step 01573 (90.6%) | loss: 2.807761 | lrm: 0.19 | dt: 162ms | tok/sec: 1,617,378 | mfu: 39.1% | epoch: 1 | remaining: 28s    
step 01574 (90.6%) | loss: 2.805406 | lrm: 0.19 | dt: 166ms | tok/sec: 1,576,333 | mfu: 38.1% | epoch: 1 | remaining: 28s    
step 01575 (90.7%) | loss: 2.806481 | lrm: 0.19 | dt: 170ms | tok/sec: 1,538,471 | mfu: 37.2% | epoch: 1 | remaining: 28s    
step 01576 (90.7%) | loss: 2.809282 | lrm: 0.19 | dt: 188ms | tok/sec: 1,392,183 | mfu: 33.6% | epoch: 1 | remaining: 28s    
step 01577 (90.8%) | loss: 2.805073 | lrm: 0.18 | dt: 160ms | tok/sec: 1,633,744 | mfu: 39.5% | epoch: 1 | remaining: 27s    
step 01578 (90.9%) | loss: 2.806721 | lrm: 0.18 | dt: 162ms | tok/sec: 1,617,828 | mfu: 39.1% | epoch: 1 | remaining: 27s    
step 01579 (90.9%) | loss: 2.802837 | lrm: 0.18 | dt: 161ms | tok/sec: 1,625,102 | mfu: 39.3% | epoch: 1 | remaining: 27s    
step 01580 (91.0%) | loss: 2.806106 | lrm: 0.18 | dt: 191ms | tok/sec: 1,376,075 | mfu: 33.2% | epoch: 1 | remaining: 27s    
step 01581 (91.0%) | loss: 2.807833 | lrm: 0.18 | dt: 187ms | tok/sec: 1,400,084 | mfu: 33.8% | epoch: 1 | remaining: 27s    
step 01582 (91.1%) | loss: 2.801658 | lrm: 0.18 | dt: 162ms | tok/sec: 1,619,231 | mfu: 39.1% | epoch: 1 | remaining: 27s    
step 01583 (91.2%) | loss: 2.800831 | lrm: 0.18 | dt: 165ms | tok/sec: 1,587,304 | mfu: 38.4% | epoch: 1 | remaining: 26s    
step 01584 (91.2%) | loss: 2.803777 | lrm: 0.18 | dt: 162ms | tok/sec: 1,622,356 | mfu: 39.2% | epoch: 1 | remaining: 26s    
step 01585 (91.3%) | loss: 2.802109 | lrm: 0.17 | dt: 163ms | tok/sec: 1,610,706 | mfu: 38.9% | epoch: 1 | remaining: 26s    
step 01586 (91.3%) | loss: 2.802324 | lrm: 0.17 | dt: 170ms | tok/sec: 1,539,033 | mfu: 37.2% | epoch: 1 | remaining: 26s    
step 01587 (91.4%) | loss: 2.806257 | lrm: 0.17 | dt: 337ms | tok/sec: 778,988 | mfu: 18.8% | epoch: 1 | remaining: 26s    
step 01588 (91.5%) | loss: 2.810710 | lrm: 0.17 | dt: 198ms | tok/sec: 1,327,207 | mfu: 32.1% | epoch: 1 | remaining: 25s    
step 01589 (91.5%) | loss: 2.809977 | lrm: 0.17 | dt: 159ms | tok/sec: 1,647,679 | mfu: 39.8% | epoch: 1 | remaining: 25s    
step 01590 (91.6%) | loss: 2.808786 | lrm: 0.17 | dt: 191ms | tok/sec: 1,373,556 | mfu: 33.2% | epoch: 1 | remaining: 25s    
step 01591 (91.7%) | loss: 2.808084 | lrm: 0.17 | dt: 158ms | tok/sec: 1,655,664 | mfu: 40.0% | epoch: 1 | remaining: 25s    
step 01592 (91.7%) | loss: 2.807208 | lrm: 0.17 | dt: 162ms | tok/sec: 1,619,465 | mfu: 39.1% | epoch: 1 | remaining: 25s    
step 01593 (91.8%) | loss: 2.806582 | lrm: 0.16 | dt: 172ms | tok/sec: 1,528,266 | mfu: 36.9% | epoch: 1 | remaining: 25s    
step 01594 (91.8%) | loss: 2.802038 | lrm: 0.16 | dt: 167ms | tok/sec: 1,570,962 | mfu: 38.0% | epoch: 1 | remaining: 24s    
step 01595 (91.9%) | loss: 2.805015 | lrm: 0.16 | dt: 225ms | tok/sec: 1,166,741 | mfu: 28.2% | epoch: 1 | remaining: 24s    
step 01596 (92.0%) | loss: 2.801506 | lrm: 0.16 | dt: 159ms | tok/sec: 1,644,594 | mfu: 39.7% | epoch: 1 | remaining: 24s    
step 01597 (92.0%) | loss: 2.803028 | lrm: 0.16 | dt: 185ms | tok/sec: 1,416,965 | mfu: 34.2% | epoch: 1 | remaining: 24s    
step 01598 (92.1%) | loss: 2.801388 | lrm: 0.16 | dt: 159ms | tok/sec: 1,644,958 | mfu: 39.7% | epoch: 1 | remaining: 24s    
step 01599 (92.1%) | loss: 2.802458 | lrm: 0.16 | dt: 184ms | tok/sec: 1,426,160 | mfu: 34.5% | epoch: 1 | remaining: 23s    
step 01600 (92.2%) | loss: 2.803964 | lrm: 0.16 | dt: 187ms | tok/sec: 1,401,135 | mfu: 33.9% | epoch: 1 | remaining: 23s    
step 01601 (92.3%) | loss: 2.799895 | lrm: 0.15 | dt: 162ms | tok/sec: 1,613,999 | mfu: 39.0% | epoch: 1 | remaining: 23s    
step 01602 (92.3%) | loss: 2.791556 | lrm: 0.15 | dt: 164ms | tok/sec: 1,600,901 | mfu: 38.7% | epoch: 1 | remaining: 23s    
step 01603 (92.4%) | loss: 2.784849 | lrm: 0.15 | dt: 166ms | tok/sec: 1,579,306 | mfu: 38.2% | epoch: 1 | remaining: 23s    
step 01604 (92.4%) | loss: 2.787600 | lrm: 0.15 | dt: 161ms | tok/sec: 1,625,705 | mfu: 39.3% | epoch: 1 | remaining: 23s    
step 01605 (92.5%) | loss: 2.785853 | lrm: 0.15 | dt: 165ms | tok/sec: 1,591,845 | mfu: 38.5% | epoch: 1 | remaining: 22s    
step 01606 (92.5%) | loss: 2.788408 | lrm: 0.15 | dt: 170ms | tok/sec: 1,541,333 | mfu: 37.2% | epoch: 1 | remaining: 22s    
step 01607 (92.6%) | loss: 2.790764 | lrm: 0.15 | dt: 181ms | tok/sec: 1,448,141 | mfu: 35.0% | epoch: 1 | remaining: 22s    
step 01608 (92.6%) | loss: 2.788663 | lrm: 0.15 | dt: 160ms | tok/sec: 1,634,077 | mfu: 39.5% | epoch: 1 | remaining: 22s    
step 01609 (92.7%) | loss: 2.788337 | lrm: 0.15 | dt: 192ms | tok/sec: 1,365,966 | mfu: 33.0% | epoch: 1 | remaining: 22s    
step 01610 (92.8%) | loss: 2.792676 | lrm: 0.14 | dt: 175ms | tok/sec: 1,495,476 | mfu: 36.1% | epoch: 1 | remaining: 22s    
step 01611 (92.8%) | loss: 2.792008 | lrm: 0.14 | dt: 202ms | tok/sec: 1,298,002 | mfu: 31.4% | epoch: 1 | remaining: 21s    
step 01612 (92.9%) | loss: 2.798920 | lrm: 0.14 | dt: 225ms | tok/sec: 1,165,560 | mfu: 28.2% | epoch: 1 | remaining: 21s    
step 01613 (93.0%) | loss: 2.796390 | lrm: 0.14 | dt: 159ms | tok/sec: 1,651,205 | mfu: 39.9% | epoch: 1 | remaining: 21s    
step 01614 (93.0%) | loss: 2.799300 | lrm: 0.14 | dt: 170ms | tok/sec: 1,542,760 | mfu: 37.3% | epoch: 1 | remaining: 21s    
step 01615 (93.1%) | loss: 2.799651 | lrm: 0.14 | dt: 175ms | tok/sec: 1,497,443 | mfu: 36.2% | epoch: 1 | remaining: 21s    
step 01616 (93.1%) | loss: 2.796105 | lrm: 0.14 | dt: 164ms | tok/sec: 1,595,231 | mfu: 38.5% | epoch: 1 | remaining: 20s    
step 01617 (93.2%) | loss: 2.792449 | lrm: 0.14 | dt: 171ms | tok/sec: 1,534,850 | mfu: 37.1% | epoch: 1 | remaining: 20s    
step 01618 (93.2%) | loss: 2.795022 | lrm: 0.14 | dt: 176ms | tok/sec: 1,489,721 | mfu: 36.0% | epoch: 1 | remaining: 20s    
step 01619 (93.3%) | loss: 2.792435 | lrm: 0.13 | dt: 174ms | tok/sec: 1,505,013 | mfu: 36.4% | epoch: 1 | remaining: 20s    
step 01620 (93.4%) | loss: 2.793382 | lrm: 0.13 | dt: 161ms | tok/sec: 1,623,226 | mfu: 39.2% | epoch: 1 | remaining: 20s    
step 01621 (93.4%) | loss: 2.798467 | lrm: 0.13 | dt: 183ms | tok/sec: 1,436,042 | mfu: 34.7% | epoch: 1 | remaining: 20s    
step 01622 (93.5%) | loss: 2.801331 | lrm: 0.13 | dt: 158ms | tok/sec: 1,655,053 | mfu: 40.0% | epoch: 1 | remaining: 19s    
step 01623 (93.5%) | loss: 2.802905 | lrm: 0.13 | dt: 183ms | tok/sec: 1,430,601 | mfu: 34.6% | epoch: 1 | remaining: 19s    
step 01624 (93.6%) | loss: 2.802753 | lrm: 0.13 | dt: 239ms | tok/sec: 1,097,350 | mfu: 26.5% | epoch: 1 | remaining: 19s    
step 01625 (93.7%) | loss: 2.801254 | lrm: 0.13 | dt: 195ms | tok/sec: 1,344,983 | mfu: 32.5% | epoch: 1 | remaining: 19s    
step 01626 (93.7%) | loss: 2.793997 | lrm: 0.13 | dt: 158ms | tok/sec: 1,658,015 | mfu: 40.1% | epoch: 1 | remaining: 19s    
step 01627 (93.8%) | loss: 2.795788 | lrm: 0.12 | dt: 161ms | tok/sec: 1,627,399 | mfu: 39.3% | epoch: 1 | remaining: 18s    
step 01628 (93.8%) | loss: 2.802477 | lrm: 0.12 | dt: 254ms | tok/sec: 1,033,247 | mfu: 25.0% | epoch: 1 | remaining: 18s    
step 01629 (93.9%) | loss: 2.800693 | lrm: 0.12 | dt: 172ms | tok/sec: 1,521,537 | mfu: 36.8% | epoch: 1 | remaining: 18s    
step 01630 (94.0%) | loss: 2.802633 | lrm: 0.12 | dt: 165ms | tok/sec: 1,592,368 | mfu: 38.5% | epoch: 1 | remaining: 18s    
step 01631 (94.0%) | loss: 2.804164 | lrm: 0.12 | dt: 160ms | tok/sec: 1,642,780 | mfu: 39.7% | epoch: 1 | remaining: 18s    
step 01632 (94.1%) | loss: 2.801690 | lrm: 0.12 | dt: 189ms | tok/sec: 1,384,435 | mfu: 33.5% | epoch: 1 | remaining: 18s    
step 01633 (94.1%) | loss: 2.802293 | lrm: 0.12 | dt: 160ms | tok/sec: 1,638,347 | mfu: 39.6% | epoch: 1 | remaining: 17s    
step 01634 (94.2%) | loss: 2.802406 | lrm: 0.12 | dt: 173ms | tok/sec: 1,518,234 | mfu: 36.7% | epoch: 1 | remaining: 17s    
step 01635 (94.3%) | loss: 2.800235 | lrm: 0.11 | dt: 167ms | tok/sec: 1,569,110 | mfu: 37.9% | epoch: 1 | remaining: 17s    
step 01636 (94.3%) | loss: 2.803604 | lrm: 0.11 | dt: 162ms | tok/sec: 1,614,625 | mfu: 39.0% | epoch: 1 | remaining: 17s    
step 01637 (94.4%) | loss: 2.797561 | lrm: 0.11 | dt: 170ms | tok/sec: 1,538,736 | mfu: 37.2% | epoch: 1 | remaining: 17s    
step 01638 (94.4%) | loss: 2.795405 | lrm: 0.11 | dt: 167ms | tok/sec: 1,572,602 | mfu: 38.0% | epoch: 1 | remaining: 17s    
step 01639 (94.5%) | loss: 2.799215 | lrm: 0.11 | dt: 182ms | tok/sec: 1,436,973 | mfu: 34.7% | epoch: 1 | remaining: 16s    
step 01640 (94.5%) | loss: 2.794047 | lrm: 0.11 | dt: 163ms | tok/sec: 1,604,309 | mfu: 38.8% | epoch: 1 | remaining: 16s    
step 01641 (94.6%) | loss: 2.790809 | lrm: 0.11 | dt: 165ms | tok/sec: 1,590,850 | mfu: 38.4% | epoch: 1 | remaining: 16s    
step 01642 (94.7%) | loss: 2.789918 | lrm: 0.11 | dt: 197ms | tok/sec: 1,333,805 | mfu: 32.2% | epoch: 1 | remaining: 16s    
step 01643 (94.7%) | loss: 2.788499 | lrm: 0.11 | dt: 159ms | tok/sec: 1,648,663 | mfu: 39.8% | epoch: 1 | remaining: 16s    
step 01644 (94.8%) | loss: 2.789074 | lrm: 0.10 | dt: 170ms | tok/sec: 1,544,576 | mfu: 37.3% | epoch: 1 | remaining: 16s    
step 01645 (94.8%) | loss: 2.787464 | lrm: 0.10 | dt: 185ms | tok/sec: 1,415,103 | mfu: 34.2% | epoch: 1 | remaining: 15s    
step 01646 (94.9%) | loss: 2.789703 | lrm: 0.10 | dt: 195ms | tok/sec: 1,342,860 | mfu: 32.4% | epoch: 1 | remaining: 15s    
step 01647 (95.0%) | loss: 2.789762 | lrm: 0.10 | dt: 159ms | tok/sec: 1,651,466 | mfu: 39.9% | epoch: 1 | remaining: 15s    
step 01648 (95.0%) | loss: 2.786014 | lrm: 0.10 | dt: 170ms | tok/sec: 1,539,421 | mfu: 37.2% | epoch: 1 | remaining: 15s    
step 01649 (95.1%) | loss: 2.783119 | lrm: 0.10 | dt: 166ms | tok/sec: 1,582,657 | mfu: 38.2% | epoch: 1 | remaining: 15s    
step 01650 (95.1%) | loss: 2.779582 | lrm: 0.10 | dt: 173ms | tok/sec: 1,511,202 | mfu: 36.5% | epoch: 1 | remaining: 14s    
step 01651 (95.2%) | loss: 2.783859 | lrm: 0.10 | dt: 165ms | tok/sec: 1,591,156 | mfu: 38.4% | epoch: 1 | remaining: 14s    
step 01652 (95.2%) | loss: 2.783840 | lrm: 0.10 | dt: 172ms | tok/sec: 1,524,313 | mfu: 36.8% | epoch: 1 | remaining: 14s    
step 01653 (95.3%) | loss: 2.787240 | lrm: 0.09 | dt: 176ms | tok/sec: 1,493,534 | mfu: 36.1% | epoch: 1 | remaining: 14s    
step 01654 (95.3%) | loss: 2.792166 | lrm: 0.09 | dt: 197ms | tok/sec: 1,330,915 | mfu: 32.2% | epoch: 1 | remaining: 14s    
step 01655 (95.4%) | loss: 2.793139 | lrm: 0.09 | dt: 159ms | tok/sec: 1,643,711 | mfu: 39.7% | epoch: 1 | remaining: 14s    
step 01656 (95.5%) | loss: 2.794293 | lrm: 0.09 | dt: 177ms | tok/sec: 1,482,760 | mfu: 35.8% | epoch: 1 | remaining: 13s    
step 01657 (95.5%) | loss: 2.791369 | lrm: 0.09 | dt: 160ms | tok/sec: 1,633,550 | mfu: 39.5% | epoch: 1 | remaining: 13s    
step 01658 (95.6%) | loss: 2.789454 | lrm: 0.09 | dt: 167ms | tok/sec: 1,573,666 | mfu: 38.0% | epoch: 1 | remaining: 13s    
step 01659 (95.6%) | loss: 2.793993 | lrm: 0.09 | dt: 164ms | tok/sec: 1,601,015 | mfu: 38.7% | epoch: 1 | remaining: 13s    
step 01660 (95.7%) | loss: 2.794973 | lrm: 0.09 | dt: 177ms | tok/sec: 1,481,613 | mfu: 35.8% | epoch: 1 | remaining: 13s    
step 01661 (95.7%) | loss: 2.794242 | lrm: 0.09 | dt: 274ms | tok/sec: 957,243 | mfu: 23.1% | epoch: 1 | remaining: 12s    
step 01662 (95.8%) | loss: 2.792837 | lrm: 0.08 | dt: 198ms | tok/sec: 1,323,751 | mfu: 32.0% | epoch: 1 | remaining: 12s    
step 01663 (95.9%) | loss: 2.787684 | lrm: 0.08 | dt: 192ms | tok/sec: 1,367,990 | mfu: 33.1% | epoch: 1 | remaining: 12s    
step 01664 (96.0%) | loss: 2.787792 | lrm: 0.08 | dt: 159ms | tok/sec: 1,646,917 | mfu: 39.8% | epoch: 1 | remaining: 12s    
step 01665 (96.0%) | loss: 2.785197 | lrm: 0.08 | dt: 170ms | tok/sec: 1,540,769 | mfu: 37.2% | epoch: 1 | remaining: 12s    
step 01666 (96.1%) | loss: 2.784513 | lrm: 0.08 | dt: 160ms | tok/sec: 1,639,933 | mfu: 39.6% | epoch: 1 | remaining: 12s    
step 01667 (96.1%) | loss: 2.784852 | lrm: 0.08 | dt: 164ms | tok/sec: 1,595,254 | mfu: 38.5% | epoch: 1 | remaining: 11s    
step 01668 (96.2%) | loss: 2.783914 | lrm: 0.08 | dt: 188ms | tok/sec: 1,395,053 | mfu: 33.7% | epoch: 1 | remaining: 11s    
step 01669 (96.2%) | loss: 2.784438 | lrm: 0.08 | dt: 169ms | tok/sec: 1,550,273 | mfu: 37.5% | epoch: 1 | remaining: 11s    
step 01670 (96.3%) | loss: 2.784715 | lrm: 0.07 | dt: 163ms | tok/sec: 1,606,723 | mfu: 38.8% | epoch: 1 | remaining: 11s    
step 01671 (96.4%) | loss: 2.779522 | lrm: 0.07 | dt: 162ms | tok/sec: 1,615,652 | mfu: 39.0% | epoch: 1 | remaining: 11s    
step 01672 (96.4%) | loss: 2.775759 | lrm: 0.07 | dt: 162ms | tok/sec: 1,621,844 | mfu: 39.2% | epoch: 1 | remaining: 11s    
step 01673 (96.5%) | loss: 2.782070 | lrm: 0.07 | dt: 165ms | tok/sec: 1,593,575 | mfu: 38.5% | epoch: 1 | remaining: 10s    
step 01674 (96.5%) | loss: 2.779887 | lrm: 0.07 | dt: 170ms | tok/sec: 1,545,747 | mfu: 37.3% | epoch: 1 | remaining: 10s    
step 01675 (96.6%) | loss: 2.776117 | lrm: 0.07 | dt: 172ms | tok/sec: 1,525,961 | mfu: 36.9% | epoch: 1 | remaining: 10s    
step 01676 (96.6%) | loss: 2.780581 | lrm: 0.07 | dt: 163ms | tok/sec: 1,603,782 | mfu: 38.7% | epoch: 1 | remaining: 10s    
step 01677 (96.7%) | loss: 2.778902 | lrm: 0.07 | dt: 165ms | tok/sec: 1,590,185 | mfu: 38.4% | epoch: 1 | remaining: 10s    
step 01678 (96.7%) | loss: 2.781397 | lrm: 0.07 | dt: 162ms | tok/sec: 1,617,395 | mfu: 39.1% | epoch: 1 | remaining: 10s    
step 01679 (96.8%) | loss: 2.789912 | lrm: 0.06 | dt: 164ms | tok/sec: 1,602,686 | mfu: 38.7% | epoch: 1 | remaining: 9s    
step 01680 (96.9%) | loss: 2.789345 | lrm: 0.06 | dt: 169ms | tok/sec: 1,551,781 | mfu: 37.5% | epoch: 1 | remaining: 9s    
step 01681 (96.9%) | loss: 2.793255 | lrm: 0.06 | dt: 168ms | tok/sec: 1,557,057 | mfu: 37.6% | epoch: 1 | remaining: 9s    
step 01682 (97.0%) | loss: 2.792765 | lrm: 0.06 | dt: 167ms | tok/sec: 1,567,405 | mfu: 37.9% | epoch: 1 | remaining: 9s    
step 01683 (97.0%) | loss: 2.787666 | lrm: 0.06 | dt: 171ms | tok/sec: 1,536,317 | mfu: 37.1% | epoch: 1 | remaining: 9s    
step 01684 (97.1%) | loss: 2.785853 | lrm: 0.06 | dt: 203ms | tok/sec: 1,291,271 | mfu: 31.2% | epoch: 1 | remaining: 9s    
step 01685 (97.1%) | loss: 2.789301 | lrm: 0.06 | dt: 159ms | tok/sec: 1,646,974 | mfu: 39.8% | epoch: 1 | remaining: 8s    
step 01686 (97.2%) | loss: 2.788024 | lrm: 0.06 | dt: 207ms | tok/sec: 1,268,729 | mfu: 30.7% | epoch: 1 | remaining: 8s    
step 01687 (97.3%) | loss: 2.785291 | lrm: 0.05 | dt: 187ms | tok/sec: 1,403,227 | mfu: 33.9% | epoch: 1 | remaining: 8s    
step 01688 (97.3%) | loss: 2.786033 | lrm: 0.05 | dt: 159ms | tok/sec: 1,651,615 | mfu: 39.9% | epoch: 1 | remaining: 8s    
step 01689 (97.4%) | loss: 2.786856 | lrm: 0.05 | dt: 161ms | tok/sec: 1,631,664 | mfu: 39.4% | epoch: 1 | remaining: 8s    
step 01690 (97.4%) | loss: 2.784418 | lrm: 0.05 | dt: 166ms | tok/sec: 1,583,662 | mfu: 38.3% | epoch: 1 | remaining: 8s    
step 01691 (97.5%) | loss: 2.785383 | lrm: 0.05 | dt: 164ms | tok/sec: 1,600,525 | mfu: 38.7% | epoch: 1 | remaining: 7s    
step 01692 (97.5%) | loss: 2.782263 | lrm: 0.05 | dt: 173ms | tok/sec: 1,514,741 | mfu: 36.6% | epoch: 1 | remaining: 7s    
step 01693 (97.6%) | loss: 2.780508 | lrm: 0.05 | dt: 169ms | tok/sec: 1,549,168 | mfu: 37.4% | epoch: 1 | remaining: 7s    
step 01694 (97.7%) | loss: 2.778653 | lrm: 0.05 | dt: 162ms | tok/sec: 1,621,115 | mfu: 39.2% | epoch: 1 | remaining: 7s    
step 01695 (97.7%) | loss: 2.782023 | lrm: 0.05 | dt: 161ms | tok/sec: 1,624,833 | mfu: 39.3% | epoch: 1 | remaining: 7s    
step 01696 (97.8%) | loss: 2.781433 | lrm: 0.04 | dt: 164ms | tok/sec: 1,602,478 | mfu: 38.7% | epoch: 1 | remaining: 7s    
step 01697 (97.8%) | loss: 2.778943 | lrm: 0.04 | dt: 165ms | tok/sec: 1,590,558 | mfu: 38.4% | epoch: 1 | remaining: 6s    
step 01698 (97.9%) | loss: 2.779289 | lrm: 0.04 | dt: 171ms | tok/sec: 1,535,712 | mfu: 37.1% | epoch: 1 | remaining: 6s    
step 01699 (97.9%) | loss: 2.778312 | lrm: 0.04 | dt: 170ms | tok/sec: 1,545,434 | mfu: 37.3% | epoch: 1 | remaining: 6s    
step 01700 (98.0%) | loss: 2.777707 | lrm: 0.04 | dt: 163ms | tok/sec: 1,605,949 | mfu: 38.8% | epoch: 1 | remaining: 6s    
step 01701 (98.0%) | loss: 2.782623 | lrm: 0.04 | dt: 162ms | tok/sec: 1,618,290 | mfu: 39.1% | epoch: 1 | remaining: 6s    
step 01702 (98.1%) | loss: 2.778602 | lrm: 0.04 | dt: 161ms | tok/sec: 1,631,047 | mfu: 39.4% | epoch: 1 | remaining: 6s    
step 01703 (98.2%) | loss: 2.778063 | lrm: 0.04 | dt: 167ms | tok/sec: 1,566,039 | mfu: 37.8% | epoch: 1 | remaining: 5s    
step 01704 (98.2%) | loss: 2.778968 | lrm: 0.04 | dt: 169ms | tok/sec: 1,551,161 | mfu: 37.5% | epoch: 1 | remaining: 5s    
step 01705 (98.3%) | loss: 2.775191 | lrm: 0.03 | dt: 168ms | tok/sec: 1,563,409 | mfu: 37.8% | epoch: 1 | remaining: 5s    
step 01706 (98.3%) | loss: 2.773833 | lrm: 0.03 | dt: 181ms | tok/sec: 1,448,286 | mfu: 35.0% | epoch: 1 | remaining: 5s    
step 01707 (98.4%) | loss: 2.774787 | lrm: 0.03 | dt: 183ms | tok/sec: 1,430,579 | mfu: 34.6% | epoch: 1 | remaining: 5s    
step 01708 (98.4%) | loss: 2.774348 | lrm: 0.03 | dt: 161ms | tok/sec: 1,624,984 | mfu: 39.3% | epoch: 1 | remaining: 5s    
step 01709 (98.5%) | loss: 2.770195 | lrm: 0.03 | dt: 162ms | tok/sec: 1,621,545 | mfu: 39.2% | epoch: 1 | remaining: 4s    
step 01710 (98.6%) | loss: 2.772347 | lrm: 0.03 | dt: 166ms | tok/sec: 1,578,515 | mfu: 38.1% | epoch: 1 | remaining: 4s    
step 01711 (98.6%) | loss: 2.772554 | lrm: 0.03 | dt: 203ms | tok/sec: 1,293,678 | mfu: 31.3% | epoch: 1 | remaining: 4s    
step 01712 (98.7%) | loss: 2.764766 | lrm: 0.03 | dt: 158ms | tok/sec: 1,654,811 | mfu: 40.0% | epoch: 1 | remaining: 4s    
step 01713 (98.7%) | loss: 2.771435 | lrm: 0.03 | dt: 164ms | tok/sec: 1,600,008 | mfu: 38.7% | epoch: 1 | remaining: 4s    
step 01714 (98.8%) | loss: 2.770250 | lrm: 0.02 | dt: 160ms | tok/sec: 1,637,271 | mfu: 39.6% | epoch: 1 | remaining: 3s    
step 01715 (98.8%) | loss: 2.774647 | lrm: 0.02 | dt: 163ms | tok/sec: 1,611,811 | mfu: 38.9% | epoch: 1 | remaining: 3s    
step 01716 (98.9%) | loss: 2.777203 | lrm: 0.02 | dt: 165ms | tok/sec: 1,587,096 | mfu: 38.3% | epoch: 1 | remaining: 3s    
step 01717 (98.9%) | loss: 2.776984 | lrm: 0.02 | dt: 174ms | tok/sec: 1,505,844 | mfu: 36.4% | epoch: 1 | remaining: 3s    
step 01718 (99.0%) | loss: 2.776221 | lrm: 0.02 | dt: 184ms | tok/sec: 1,425,495 | mfu: 34.4% | epoch: 1 | remaining: 3s    
step 01719 (99.1%) | loss: 2.779946 | lrm: 0.02 | dt: 161ms | tok/sec: 1,631,983 | mfu: 39.4% | epoch: 1 | remaining: 3s    
step 01720 (99.1%) | loss: 2.784017 | lrm: 0.02 | dt: 161ms | tok/sec: 1,628,773 | mfu: 39.4% | epoch: 1 | remaining: 2s    
step 01721 (99.2%) | loss: 2.784366 | lrm: 0.02 | dt: 163ms | tok/sec: 1,608,980 | mfu: 38.9% | epoch: 1 | remaining: 2s    
step 01722 (99.2%) | loss: 2.785706 | lrm: 0.02 | dt: 166ms | tok/sec: 1,578,991 | mfu: 38.2% | epoch: 1 | remaining: 2s    
step 01723 (99.3%) | loss: 2.788200 | lrm: 0.01 | dt: 171ms | tok/sec: 1,535,521 | mfu: 37.1% | epoch: 1 | remaining: 2s    
step 01724 (99.3%) | loss: 2.786577 | lrm: 0.01 | dt: 176ms | tok/sec: 1,490,404 | mfu: 36.0% | epoch: 1 | remaining: 2s    
step 01725 (99.4%) | loss: 2.786329 | lrm: 0.01 | dt: 164ms | tok/sec: 1,602,417 | mfu: 38.7% | epoch: 1 | remaining: 2s    
step 01726 (99.5%) | loss: 2.782361 | lrm: 0.01 | dt: 163ms | tok/sec: 1,606,090 | mfu: 38.8% | epoch: 1 | remaining: 1s    
step 01727 (99.5%) | loss: 2.782346 | lrm: 0.01 | dt: 163ms | tok/sec: 1,605,133 | mfu: 38.8% | epoch: 1 | remaining: 1s    
step 01728 (99.6%) | loss: 2.780440 | lrm: 0.01 | dt: 165ms | tok/sec: 1,590,767 | mfu: 38.4% | epoch: 1 | remaining: 1s    
step 01729 (99.6%) | loss: 2.779540 | lrm: 0.01 | dt: 167ms | tok/sec: 1,571,610 | mfu: 38.0% | epoch: 1 | remaining: 1s    
step 01730 (99.7%) | loss: 2.781258 | lrm: 0.01 | dt: 169ms | tok/sec: 1,552,668 | mfu: 37.5% | epoch: 1 | remaining: 1s    
step 01731 (99.7%) | loss: 2.779665 | lrm: 0.01 | dt: 170ms | tok/sec: 1,544,038 | mfu: 37.3% | epoch: 1 | remaining: 1s    
step 01732 (99.8%) | loss: 2.778428 | lrm: 0.00 | dt: 161ms | tok/sec: 1,625,815 | mfu: 39.3% | epoch: 1 | remaining: 0s    
step 01733 (99.8%) | loss: 2.778080 | lrm: 0.00 | dt: 167ms | tok/sec: 1,570,836 | mfu: 38.0% | epoch: 1 | remaining: 0s    
step 01734 (99.9%) | loss: 2.776888 | lrm: 0.00 | dt: 163ms | tok/sec: 1,603,696 | mfu: 38.7% | epoch: 1 | remaining: 0s    
step 01735 (99.9%) | loss: 2.778509 | lrm: 0.00 | dt: 169ms | tok/sec: 1,549,675 | mfu: 37.4% | epoch: 1 | remaining: 0s    
---
val_bpb:          0.990934
holdout_bpb:      0.990126
training_seconds: 300.0
total_seconds:    353.2
peak_vram_mb:     44908.2
mfu_percent:      36.44
total_tokens_M:   455.1
num_steps:        1736
num_params_M:     50.3
depth:            8
